exp,file_num,t_entry,motion_pre,arrival_calls,cat
492,2,139.0555,0.0071172259507829,0,active
492,2,169.0795,0.0,0,empty
492,2,203.0412,0.0,0,empty
492,3,147.0253,0.0,0,empty
492,4,192.4373,2.237136465324385e-07,0,empty
492,5,222.14,0.0,0,empty
492,5,325.3982,0.0,0,empty
492,6,216.3495,0.0,0,empty
492,6,266.4432,0.0,0,empty
492,7,165.297,0.0,0,empty
492,9,318.6932,0.0168782997762863,5,active
492,10,32.9684,0.0066890380313199,6,active
492,10,190.38,0.0,4,empty
492,10,257.5724,0.0,0,empty
492,10,275.5436,0.0,0,empty
492,10,308.0485,0.0,0,empty
492,11,217.8941,1.3422818791946309e-06,1,empty
492,11,322.6529,0.0,1,empty
492,12,131.8405,0.0,3,empty
492,12,286.9691,1.3422818791946309e-06,1,empty
492,13,114.6253,0.0,0,empty
492,13,302.3917,0.0134451901565995,15,active
492,14,181.4845,0.0103098434004474,0,active
492,14,204.717,0.016710514541387,1,active
492,14,216.9394,0.0282574944071588,0,active
492,14,305.7546,0.0069977628635346,3,active
492,14,343.9219,0.0,0,empty
492,14,346.8405,0.0082498881431767,0,active
492,15,85.6822,0.0108158836689038,0,active
492,15,100.727,0.0181373601789709,9,active
492,15,193.5276,0.0183776286353467,4,active
492,15,222.4171,0.008893288590604,0,active
492,15,234.2294,0.0311389261744966,10,active
492,15,239.7398,0.0413436241610738,9,active
492,16,40.97,0.0212393736017897,0,active
492,16,147.0562,0.0256977628635346,1,active
492,20,87.3529,0.0003731543624161,1,sleeping
493,1,205.5887,0.0057096196868008,0,active
493,3,77.0035,1.8568232662192395e-05,9,sleeping
493,3,117.0647,0.0035577181208053,3,sleeping
493,3,323.616,0.0086809843400447,9,active
493,6,108.1893,0.048934899328859,10,active
493,6,314.3011,0.0120306487695749,0,active
493,7,8.4704,0.0307834451901566,5,active
493,7,40.2971,0.0239883668903803,8,active
493,7,66.8936,0.0236492170022371,11,active
493,7,117.0193,0.0111147651006711,3,active
493,7,122.0921,0.0251369127516778,3,active
493,7,161.3181,0.0181534675615212,2,active
493,7,164.8769,0.027831543624161,1,active
493,7,317.1537,0.0152586129753914,5,active
493,8,97.9474,0.009548322147651,5,active
493,8,99.1566,0.0131295302013422,9,active
493,8,130.2449,0.00405548098434,10,active
493,8,167.1502,0.009497091722595,8,active
493,8,189.7599,0.001707158836689,2,sleeping
493,8,200.4141,0.0350046979865771,6,active
493,8,337.2831,0.0181387024608501,2,active
493,9,79.3553,0.0056324384787472,2,active
493,9,120.3022,0.0044357941834451,5,active
493,10,16.5641,0.0042149888143176,3,active
493,10,85.903,0.0100017897091722,5,active
493,10,145.1353,0.0053369127516778,6,active
493,10,155.2188,0.0153704697986577,10,active
493,10,163.9812,0.0276373601789709,4,active
493,11,112.5157,0.0026829977628635,1,sleeping
493,11,135.3003,0.0153563758389261,15,active
493,11,209.1382,0.0076964205816554,15,active
493,11,272.9099,0.0136935123042505,12,active
493,12,34.2527,0.0093239373601789,7,active
493,12,110.7566,0.0018064876957494,0,sleeping
493,12,134.6919,0.002531096196868,4,sleeping
493,12,161.786,0.0063098434004474,3,active
493,12,231.8181,3.914988814317673e-05,8,sleeping
493,12,232.4698,0.0014324384787472,8,sleeping
493,12,240.3902,0.0085261744966442,1,active
493,12,298.5575,3.064876957494407e-05,1,sleeping
493,12,302.0014,0.0076825503355704,2,active
493,12,321.7821,0.0170677852348993,0,active
493,12,340.1183,0.0151196868008948,0,active
493,13,48.7421,0.0155926174496644,1,active
493,13,51.2291,0.0174939597315436,6,active
493,13,95.4338,0.0246876957494407,4,active
493,13,182.2509,0.0050165548098434,2,active
493,13,189.2643,0.0077751677852349,2,active
493,13,215.3264,0.0068458612975391,0,active
493,13,298.598,0.0013572706935123,6,sleeping
493,13,338.6574,0.0129366890380313,1,active
493,14,55.11,0.0027753914988814,0,sleeping
493,14,125.7895,0.0098872483221476,4,active
493,14,201.8478,0.0198881431767337,8,active
493,15,58.8494,0.0065375838926174,2,active
493,15,118.2102,0.0187131991051454,4,active
493,15,174.5788,0.0086595078299776,1,active
493,15,188.2174,0.0070680089485458,0,active
493,15,198.0223,0.0016648769574944,0,sleeping
493,15,228.6399,0.001507158836689,6,sleeping
493,15,239.1699,0.0008809843400447,0,sleeping
493,15,275.0213,0.0041787472035794,0,active
493,15,319.6145,0.0149255033557046,0,active
493,15,336.3404,0.0054489932885906,2,active
493,15,356.11,0.0042512304250559,0,active
493,16,12.6229,0.0033080536912751,0,sleeping
493,16,25.0459,0.0010615212527964,4,sleeping
493,16,33.6465,0.0035684563758389,0,sleeping
493,16,49.8686,1.968680089485459e-05,0,sleeping
493,16,54.8246,0.0100959731543624,3,active
493,16,64.7611,0.0068510067114093,0,active
493,16,98.6745,3.3557046979865773e-06,7,sleeping
493,16,102.7494,0.0085111856823266,12,active
493,16,112.4482,0.0065961968680089,3,active
493,16,168.8607,0.042617673378076,6,active
493,16,285.0439,0.0087451901565995,4,active
493,16,343.0415,0.0157961968680089,2,active
493,17,239.0834,0.0188402684563758,6,active
493,17,313.2343,0.0074042505592841,3,active
493,17,330.5605,0.0113129753914988,0,active
493,18,18.2694,0.0054648769574944,1,active
493,20,224.1123,0.0342731543624161,13,active
493,20,351.4565,0.0191120805369127,16,active
493,21,21.3919,0.003262639821029,7,sleeping
493,21,54.1731,0.0183409395973154,9,active
493,21,73.1264,0.0119152125279642,12,active
493,21,79.3578,0.0167753914988814,6,active
493,21,96.2416,0.0091230425055928,14,active
493,21,105.708,0.0162812080536912,9,active
493,21,114.616,0.0031476510067114,6,sleeping
493,21,134.5528,0.0058328859060402,7,active
493,21,152.3277,0.0004527964205816,3,sleeping
493,21,158.0167,0.0082085011185682,7,active
493,21,185.4504,9.395973154362417e-05,5,sleeping
493,21,219.4809,0.0097357941834451,5,active
493,22,21.4155,0.0078684563758389,6,active
493,22,67.2519,0.0175228187919463,6,active
493,22,247.7027,0.0071015659955257,7,active
493,26,31.0648,0.0100120805369127,11,active
493,26,76.3569,0.004189932885906,8,active
493,26,96.5264,0.0024583892617449,6,sleeping
493,26,108.5243,0.0074921700223713,11,active
493,26,114.9285,0.0218505592841163,8,active
493,26,121.1546,0.0313161073825503,4,active
493,26,123.5254,0.0284789709172259,4,active
493,26,174.1286,0.0084700223713646,3,active
493,26,196.4705,0.0213686800894854,1,active
493,26,283.4724,0.001945413870246,10,sleeping
493,26,294.0275,0.0023049217002237,7,sleeping
493,26,301.2229,0.0060639821029082,2,active
493,26,329.8408,0.008893736017897,0,active
493,27,102.9377,0.0209706935123042,0,active
493,27,138.5496,0.0058541387024608,0,active
493,27,149.513,0.0043666666666666,3,active
493,27,183.531,0.01278322147651,10,active
493,27,248.9864,0.01898322147651,5,active
493,27,252.1383,0.0189460850111856,7,active
493,27,264.5539,0.0214630872483221,2,active
493,27,348.6794,0.0086722595078299,6,active
493,28,56.3483,0.0032136465324384,9,sleeping
493,28,245.5621,0.0310856823266219,3,active
493,28,268.0336,0.0335472035794183,1,active
493,28,342.2668,0.0304346756152125,2,active
493,29,6.492,0.0325796420581655,6,active
493,29,25.6458,0.030165548098434,5,active
493,29,46.3672,0.0178950782997762,5,active
493,29,77.6119,0.0380261744966443,5,active
493,29,100.1297,0.027276062639821,1,active
493,29,120.59,0.0327091722595078,1,active
493,29,135.194,0.0165780760626398,0,active
493,29,145.7876,0.0266910514541387,7,active
493,29,147.8099,0.0333695749440715,0,active
493,29,157.4386,0.0371246085011185,6,active
493,29,166.0652,0.0418720357941834,1,active
493,29,195.5682,0.0323076062639821,1,active
493,30,12.5562,0.0265237136465324,4,active
493,30,29.0426,0.0052360178970917,0,active
493,30,43.1805,0.0112534675615212,0,active
493,30,50.6874,0.0130463087248322,0,active
493,30,78.1066,0.0199590604026845,0,active
493,30,91.4452,0.0199527964205816,1,active
493,30,120.8128,0.0438384787472035,4,active
493,30,122.4,0.0461031319910514,9,active
493,30,230.91,0.0129201342281879,0,active
493,30,243.5473,0.0267854586129753,8,active
493,30,245.4731,0.0319961968680089,5,active
493,30,252.4394,0.0342541387024608,1,active
493,31,157.4801,0.0061194630872483,3,active
493,31,293.5041,0.0071364653243847,7,active
493,31,322.3557,0.011097091722595,0,active
493,32,23.3746,0.0036559284116331,5,sleeping
493,32,48.5907,0.0059378076062639,8,active
493,32,103.6399,0.0081919463087248,2,active
493,32,146.5274,0.0039472035794183,0,active
493,32,158.5117,0.0077364653243847,8,active
493,32,177.6737,0.0038568232662192,3,active
493,32,270.7944,0.0038919463087248,0,active
493,32,300.3083,0.0051333333333333,1,active
493,32,348.6495,0.0103510067114094,5,active
493,33,1.7677,0.0186214765100671,1,active
493,33,26.8851,0.0064451901565995,0,active
493,33,39.3525,0.0085492170022371,17,active
493,33,52.7529,0.0244532438478747,1,active
493,33,71.5998,0.0177854586129753,5,active
493,33,79.0711,0.0210982102908277,2,active
493,33,97.426,0.0230089485458612,2,active
493,33,114.373,0.0154552572706935,4,active
493,33,176.2112,0.0162532438478747,7,active
493,33,184.0668,0.0253570469798657,6,active
493,33,189.329,0.0251118568232662,6,active
493,33,232.7782,0.0305212527964205,9,active
493,33,236.535,0.0324107382550335,6,active
493,33,258.8663,0.0263299776286353,3,active
493,33,276.6783,0.0210548098434004,8,active
493,33,337.5293,0.0227478747203579,5,active
493,33,339.2757,0.0314552572706935,2,active
493,34,35.0491,0.0300608501118568,3,active
493,34,49.0568,0.0308201342281879,4,active
493,34,104.3213,0.0373217002237136,0,active
493,34,314.2949,0.0241731543624161,4,active
493,34,322.7679,0.0117393736017897,5,active
493,34,346.4031,0.0299114093959731,0,active
493,35,36.681,0.0231897091722595,1,active
493,35,203.9922,0.012241610738255,16,active
493,36,174.5427,0.0034076062639821,1,sleeping
493,36,221.883,5.1454138702460855e-06,0,sleeping
493,36,276.9013,0.0105418344519015,1,active
493,36,280.2915,0.0098029082774049,9,active
493,36,357.9006,0.0150460850111856,0,active
493,37,52.8031,0.0175261744966442,4,active
493,37,89.45,0.0029545861297539,0,sleeping
493,37,254.6756,1.812080536912752e-05,0,sleeping
493,37,297.1721,0.0064375838926174,3,active
493,37,343.6065,0.0097098434004474,1,active
493,38,25.532,4.47427293064877e-07,0,sleeping
493,38,51.4055,0.0066344519015659,0,active
493,38,210.5936,0.0030590604026845,0,sleeping
493,38,227.5925,0.0038829977628635,0,active
493,39,6.8181,0.0015100671140939,9,sleeping
493,39,87.6163,0.0063852348993288,9,active
493,40,74.1986,0.0034702460850111,9,sleeping
493,41,260.3762,0.0027395973154362,2,sleeping
493,44,22.7822,0.001865548098434,7,sleeping
493,44,196.7464,0.0031469798657718,5,sleeping
493,45,121.5233,0.0002246085011185,0,sleeping
493,45,238.4847,0.0069666666666666,7,active
493,45,286.1999,0.002482774049217,6,sleeping
493,46,130.9146,0.0031856823266219,5,sleeping
493,47,192.6824,0.0054744966442953,3,active
493,47,230.0726,0.0045561521252796,0,active
493,47,260.6384,0.010689932885906,0,active
493,47,281.4566,0.0076485458612975,4,active
493,48,115.511,0.006779418344519,7,active
493,49,84.0773,0.0104480984340044,6,active
493,50,35.1795,0.0025026845637583,11,sleeping
493,50,88.1954,0.0098073825503355,9,active
493,50,188.0764,0.0090809843400447,5,active
493,50,333.2811,0.0013767337807606,10,sleeping
493,51,89.7956,0.000865548098434,1,sleeping
493,51,165.1395,0.0104682326621923,10,active
493,52,6.403,0.0004011185682326,13,sleeping
493,52,269.3833,0.0101953020134228,0,active
493,52,354.6169,0.0017503355704697,0,sleeping
493,53,2.8744,0.0076371364653243,1,active
493,54,54.5408,0.0240107382550335,5,active
493,54,319.1547,0.0038389261744966,5,active
493,54,342.9081,0.013059284116331,7,active
493,56,168.7355,0.0225926174496644,14,active
493,56,325.5171,0.0054563758389261,0,active
493,58,55.6693,1.2975391498881432e-05,3,sleeping
493,58,82.3431,0.0016953020134228,0,sleeping
493,58,119.0869,0.0222901565995525,1,active
493,75,27.7129,0.0194514541387024,9,active
493,76,44.9619,0.0035615212527964,6,sleeping
493,86,142.9522,0.0010825503355704,7,sleeping
493,86,211.0865,0.001300447427293,8,sleeping
493,86,226.5099,0.0056901565995525,9,active
493,86,267.9749,0.0082543624161073,0,active
493,87,267.4159,0.0100270693512304,8,active
493,87,318.2062,0.0126829977628635,2,active
493,88,49.4711,0.0072156599552572,0,active
493,88,83.8233,0.0240239373601789,7,active
493,88,224.6839,0.017213870246085,6,active
493,90,37.5719,0.0018946308724832,5,sleeping
493,90,64.2887,0.0198266219239373,4,active
493,90,108.547,0.0047787472035794,0,active
493,90,118.9118,0.001879418344519,0,sleeping
493,90,178.8613,0.0048221476510067,1,active
493,90,186.5439,0.0119910514541387,0,active
493,90,278.2422,0.0032308724832214,3,sleeping
493,90,308.6303,0.0076299776286353,4,active
493,91,95.5246,0.0124751677852349,1,active
493,91,118.6471,0.0242986577181208,6,active
493,91,169.133,0.0114326621923937,7,active
493,92,79.924,0.0030375838926174,2,sleeping
493,92,95.7128,0.0132630872483221,0,active
493,92,152.5365,0.0184087248322147,3,active
493,92,207.6766,0.0218744966442953,2,active
493,93,110.2147,0.0144496644295302,1,active
493,93,214.4614,0.025800447427293,3,active
493,93,235.7123,0.0258387024608501,1,active
493,93,293.9403,0.0219720357941834,9,active
493,94,248.6449,0.0106355704697986,16,active
493,96,1.175,0.018131543624161,8,active
493,97,13.6379,4.47427293064877e-07,2,sleeping
493,97,27.51,0.0031286353467561,8,sleeping
493,97,202.2848,0.0072543624161073,4,active
493,97,213.8878,0.0159973154362416,2,active
493,97,307.7025,0.0091740492170022,0,active
493,98,96.3965,0.0007534675615212,7,sleeping
493,98,206.8112,0.0072436241610738,8,active
493,107,168.5531,0.0060689038031319,5,active
493,108,6.2267,8.859060402684565e-05,10,sleeping
493,109,237.5142,0.0004026845637583,13,sleeping
493,110,78.2703,0.0007519015659955,10,sleeping
493,112,160.7786,3.8031319910514553e-06,7,sleeping
493,113,14.8354,1.0514541387024608e-05,7,sleeping
493,113,45.6551,0.0023545861297539,11,sleeping
493,113,343.7993,0.0114447427293064,6,active
493,114,43.5542,0.0047713646532438,10,active
493,114,106.7989,0.0024494407158836,3,sleeping
493,114,285.99,0.0018961968680089,0,sleeping
493,115,181.6194,0.0025208053691275,4,sleeping
493,115,194.9818,0.0095778523489932,9,active
493,116,37.7078,0.0002803131991051,2,sleeping
493,116,262.0134,6.487695749440716e-06,8,sleeping
493,117,86.5495,0.0037624161073825,10,sleeping
493,117,129.7457,0.0003510067114093,9,sleeping
493,117,247.7844,0.0013941834451901,0,sleeping
493,118,77.5437,5.727069351230425e-05,3,sleeping
493,118,118.1564,0.0143787472035794,2,active
493,118,162.8922,0.0001733780760626,1,sleeping
493,119,163.8331,0.0011118568232662,11,sleeping
493,119,196.3527,0.0080749440715883,13,active
493,120,62.085,0.0228885906040268,3,active
493,120,211.1946,0.0118541387024608,4,active
493,120,276.9265,0.0013371364653243,0,sleeping
493,120,346.4093,0.0142738255033557,18,active
493,121,14.0323,0.025938255033557,7,active
493,121,53.7639,0.0243111856823266,6,active
493,121,84.6771,0.0283241610738255,2,active
493,121,187.554,0.0364570469798657,1,active
493,121,192.1385,0.0391458612975391,3,active
493,121,248.0161,0.0327440715883668,1,active
493,121,263.6052,0.0305988814317673,3,active
493,122,40.7666,0.0090841163310961,2,active
493,122,154.6632,0.021507158836689,15,active
493,122,287.819,0.0020165548098434,0,sleeping
493,123,86.6229,0.0099127516778523,12,active
493,123,99.6343,0.0020953020134228,3,sleeping
493,123,152.091,0.0231644295302013,4,active
493,123,339.6248,0.0179498881431767,14,active
493,123,342.3476,0.0163409395973154,5,active
493,124,118.6623,0.0178803131991051,14,active
493,124,249.8906,0.0005096196868008,1,sleeping
493,124,298.2714,0.0139357941834451,4,active
494,0,317.8161,0.0043749440715883,0,active
494,1,82.887,1.1185682326621925e-06,0,sleeping
494,1,126.2362,0.0016456375838926,0,sleeping
494,1,147.1843,0.0006156599552572,0,sleeping
494,1,165.6762,0.0008355704697986,0,sleeping
494,1,187.1238,1.1185682326621925e-06,0,sleeping
494,1,232.4107,1.1409395973154363e-05,0,sleeping
494,1,284.6905,6.487695749440717e-06,0,sleeping
494,2,98.6021,0.0015051454138702,4,sleeping
494,2,141.8021,0.019369351230425,14,active
494,2,171.5061,0.0102134228187919,0,active
494,2,226.8272,0.0054691275167785,2,active
494,5,75.8544,2.460850111856824e-06,2,sleeping
494,18,237.3858,0.0055805369127516,1,active
494,19,356.381,0.0004988814317673,0,sleeping
494,21,6.6162,1.3422818791946309e-06,0,sleeping
494,21,29.9901,0.0009912751677852,0,sleeping
494,21,153.1673,1.9686800894854587e-05,4,sleeping
494,22,267.7481,0.0130821029082774,7,active
494,22,276.9196,0.02168322147651,0,active
494,22,286.7772,0.0190460850111856,0,active
494,22,304.0307,0.0332979865771812,0,active
494,22,313.6352,0.019489932885906,0,active
494,22,318.4992,0.0293335570469798,3,active
494,22,324.0598,0.0322608501118568,5,active
494,22,334.1756,0.0289689038031319,0,active
494,23,14.88,0.0242237136465324,1,active
494,23,39.1947,0.0215223713646532,0,active
494,24,91.521,0.0077789709172259,0,active
494,24,206.3621,1.588366890380313e-05,0,sleeping
494,25,275.8248,2.237136465324385e-07,1,sleeping
494,27,12.1162,0.0019579418344519,0,sleeping
494,27,257.0115,0.009945413870246,5,active
494,28,192.1008,0.0088360178970917,1,active
494,31,68.2243,0.0019697986577181,8,sleeping
494,31,110.6633,0.0049527964205816,0,active
494,31,246.3468,0.0,0,sleeping
494,32,217.1476,0.0257774049217002,12,active
494,33,14.6403,4.47427293064877e-07,0,sleeping
494,33,145.0423,2.237136465324385e-07,0,sleeping
494,33,173.57,0.0345615212527964,2,active
494,33,324.9528,0.0239331096196868,1,active
494,34,64.3424,0.021200447427293,9,active
494,34,140.9423,0.0037413870246085,1,sleeping
494,35,35.8101,0.0035816554809843,0,sleeping
494,35,48.125,0.0081015659955257,7,active
494,42,15.2997,0.005128187919463,3,active
494,43,119.5941,0.0019331096196868,0,sleeping
494,43,163.0946,0.0008961968680089,4,sleeping
494,43,255.5976,1.0738255033557049e-05,4,sleeping
494,44,291.5431,0.0094317673378076,12,active
494,45,11.0741,2.975391498881431e-05,8,sleeping
494,45,38.685,3.3557046979865773e-06,0,sleeping
494,46,244.9497,0.0433964205816554,0,active
494,47,210.7983,3.400447427293065e-05,0,sleeping
494,48,81.8276,0.0172950782997762,3,active
494,48,148.147,0.0004742729306487,1,sleeping
496,0,284.2508,0.0,0,empty
496,0,317.0929,0.0,3,empty
496,1,134.5799,0.0120527964205816,5,active
496,2,249.4843,0.0195841163310961,12,active
496,3,209.2717,0.01325548098434,2,active
496,3,234.5096,0.0048608501118568,2,active
496,3,244.6923,0.0001890380313199,4,sleeping
496,3,276.7652,0.003493736017897,7,sleeping
496,5,96.1045,0.0155257270693512,2,active
496,5,160.7443,4.47427293064877e-07,4,sleeping
496,5,242.7773,0.0012738255033557,8,sleeping
496,7,70.3059,0.0002015659955257,11,sleeping
496,7,137.5062,3.512304250559284e-05,8,sleeping
496,7,213.1719,1.7897091722595078e-06,9,sleeping
496,8,78.5105,0.0008460850111856,0,sleeping
496,8,107.4358,0.0225525727069351,3,active
496,8,246.9238,0.0008751677852348,2,sleeping
496,9,352.1606,2.237136465324385e-07,0,sleeping
496,10,46.5371,3.131991051454139e-06,1,sleeping
496,10,148.6585,0.0203550335570469,8,active
496,11,125.7502,1.7897091722595078e-06,2,sleeping
496,11,192.9175,0.0069979865771812,4,active
496,12,281.5267,0.006959284116331,6,active
496,13,51.2792,0.0222959731543624,0,active
496,13,79.9739,0.0278961968680089,0,active
496,14,2.6923,0.0,0,empty
496,14,30.1491,0.0051536912751677,14,active
496,14,96.4219,0.0020120805369127,3,sleeping
496,15,92.7692,0.0177720357941834,6,active
496,15,115.7712,0.0383941834451901,2,active
496,15,205.4529,0.0220114093959731,7,active
496,15,294.9554,0.019334899328859,4,active
496,16,88.2615,0.0377762863534675,8,active
496,16,319.9885,0.0121818791946308,3,active
497,2,47.556,0.0161118568232662,4,active
497,2,354.6273,0.0021872483221476,4,sleeping
497,4,75.4951,0.0068930648769574,0,active
497,4,203.8415,6.711409395973154e-07,10,sleeping
497,4,348.5116,0.0002134228187919,1,sleeping
497,5,71.7137,0.0207013422818791,13,active
497,6,96.6316,0.0020085011185682,15,sleeping
497,6,105.458,0.0182523489932885,15,active
497,6,181.8306,0.0022503355704697,6,sleeping
497,6,307.1621,0.0007252796420581,1,sleeping
497,7,7.6918,0.0085170022371364,0,active
497,7,93.367,0.0011434004474272,12,sleeping
497,7,301.5805,0.0065991051454138,11,active
497,8,58.4513,0.0016357941834451,3,sleeping
497,13,97.8623,7.606263982102909e-06,2,sleeping
497,23,34.6111,0.0045834451901566,3,active
497,23,174.773,0.0020183445190156,1,sleeping
497,23,301.7989,0.0,2,empty
497,24,41.4056,0.0029923937360178,2,sleeping
497,24,47.3126,0.0278067114093959,8,active
497,24,57.5034,0.016893736017897,13,active
497,24,108.1771,0.0044351230425055,0,active
497,24,265.7952,0.0179984340044742,7,active
497,25,231.1445,0.0048836689038031,1,active
497,25,294.9167,0.0018295302013422,0,sleeping
497,27,20.8611,5.369127516778524e-06,0,sleeping
497,27,79.8119,0.0024876957494407,3,sleeping
497,27,123.7332,0.0145780760626398,3,active
497,27,356.3572,1.633109619686801e-05,0,sleeping
497,28,34.3657,0.0095456375838926,2,active
497,28,299.3162,0.0068939597315436,8,active
497,34,130.5256,0.0001187919463087,0,sleeping
497,35,129.7154,0.0004736017897091,10,sleeping
497,36,223.3957,0.0295384787472035,12,active
497,36,290.1909,0.0081505592841163,5,active
497,45,220.3267,0.0140472035794183,12,active
497,45,345.5054,0.006086577181208,3,active
497,46,306.9318,0.0192950782997762,8,active
497,47,172.541,0.0118127516778523,3,active
497,48,260.2479,0.0224901565995525,0,active
497,48,262.3259,0.0213834451901566,0,active
497,49,247.4239,0.0077823266219239,4,active
497,49,251.9128,0.0112527964205816,2,active
497,49,255.1574,0.0287736017897091,6,active
497,49,257.1336,0.0340664429530201,6,active
497,49,304.3649,0.0088496644295302,0,active
497,50,62.4939,0.0003199105145413,0,sleeping
497,53,218.9385,0.0003514541387024,1,sleeping
497,56,218.3757,0.0040331096196868,0,active
497,57,300.6423,0.0102440715883668,13,active
497,63,187.2217,0.0027015659955257,0,sleeping
497,66,246.9887,0.005317673378076,8,active
497,67,355.0703,2.416107382550336e-05,0,sleeping
497,68,177.7617,0.008258836689038,7,active
497,68,235.2631,0.0013854586129753,6,sleeping
497,68,262.0255,0.0059196868008948,1,active
497,68,352.9903,0.0006729306487695,0,sleeping
497,69,304.8058,0.0071080536912751,1,active
497,70,154.9724,2.460850111856824e-05,0,sleeping
497,71,39.6261,1.0067114093959734e-05,0,sleeping
497,71,259.8274,1.633109619686801e-05,7,sleeping
497,72,92.749,0.019134899328859,1,active
497,72,150.5333,0.0158617449664429,0,active
497,93,87.3945,0.0036527964205816,0,sleeping
497,93,210.4097,0.0021617449664429,13,sleeping
497,95,103.9465,0.0246192393736017,1,active
497,95,268.5832,0.0041677852348993,9,active
497,96,281.8009,1.812080536912752e-05,0,sleeping
497,97,144.0891,0.0060082774049217,2,active
497,97,169.8691,0.002779865771812,1,sleeping
497,97,236.1133,0.0056527964205816,0,active
497,98,91.1731,0.0003046979865771,11,sleeping
497,98,321.8531,0.0027219239373601,10,sleeping
497,103,260.5428,2.3266219239373608e-05,0,sleeping
497,103,271.0083,0.0026134228187919,2,sleeping
497,103,331.092,0.0056604026845637,1,active
497,104,155.7395,0.0015664429530201,2,sleeping
497,106,318.7067,0.0098523489932885,6,active
497,108,214.7004,0.0019089485458612,4,sleeping
497,108,283.1734,0.0006923937360178,0,sleeping
497,109,131.509,0.0,5,sleeping
497,110,26.5551,0.0005006711409395,7,sleeping
497,110,242.2261,0.0064890380313199,0,active
497,111,203.7349,6.711409395973154e-07,0,sleeping
497,112,14.0757,1.834451901565996e-05,4,sleeping
497,112,53.3379,0.0145606263982102,7,active
497,112,272.7758,1.342281879194631e-06,1,sleeping
497,113,173.4751,4.47427293064877e-07,4,sleeping
497,113,263.0695,0.0169373601789709,5,active
497,114,143.4649,4.47427293064877e-07,0,sleeping
497,115,41.2386,2.32662192393736e-05,0,sleeping
497,116,18.2392,1.1185682326621925e-06,0,sleeping
497,116,235.2988,4.921700223713648e-06,3,sleeping
497,116,320.3898,2.237136465324385e-07,1,sleeping
497,117,220.1912,0.0017230425055928,2,sleeping
497,119,47.0398,7.158836689038031e-06,0,sleeping
497,120,184.3758,4.921700223713648e-06,4,sleeping
497,122,120.8331,6.711409395973154e-07,5,sleeping
497,122,326.1739,4.362416107382551e-05,6,sleeping
497,123,168.5015,0.002976062639821,8,sleeping
497,123,192.8267,0.0088107382550335,4,active
497,124,175.1112,5.369127516778524e-06,0,sleeping
497,124,310.9124,0.0008228187919463,12,sleeping
497,124,319.5416,0.0151042505592841,1,active
497,125,112.7768,0.0052897091722595,5,active
497,126,156.2003,0.0084185682326621,9,active
497,127,155.9048,0.0181062639821029,7,active
497,127,342.8008,0.0144413870246084,4,active
497,128,199.4821,0.0036633109619686,2,sleeping
497,129,213.4871,0.0045190156599552,2,active
497,129,227.7797,0.0043279642058165,5,active
497,130,321.0451,0.007317673378076,9,active
497,131,21.7191,0.0133196868008948,8,active
497,131,200.3553,0.0003131991051454,1,empty
497,132,43.193,0.0106055928411633,0,active
497,132,96.0994,0.0131261744966442,2,active
497,132,156.7999,0.0169313199105145,0,active
497,132,203.0817,0.0052239373601789,4,active
497,133,125.3734,0.0025729306487695,2,empty
497,134,193.3365,0.0,0,empty
497,134,273.6694,0.0268331096196868,5,active
497,134,325.7253,0.0032834451901565,2,empty
497,134,342.5536,0.02202774049217,1,active
497,135,30.2161,0.0182340044742729,8,active
497,135,114.9225,0.0072552572706935,3,active
497,135,312.8142,0.0,0,empty
497,136,15.5938,0.0,0,empty
497,136,191.9017,0.0,0,empty
497,136,320.2575,0.0186550335570469,3,active
497,137,205.6043,0.0173881431767337,4,active
497,137,272.2021,0.0038078299776286,0,active
497,138,128.6562,0.0,3,empty
497,138,243.5887,0.0337565995525727,0,active
497,138,347.5019,0.0221852348993288,10,active
497,139,112.0063,0.0297946308724832,7,active
497,139,192.4545,0.0044342281879194,0,active
497,139,349.5746,0.0215581655480984,0,active
497,140,22.5718,0.0075666666666666,6,active
497,140,71.4267,0.0001239373601789,6,sleeping
497,140,153.861,0.0182324384787472,7,active
497,140,315.8729,0.0038463087248322,3,active
497,140,343.0705,0.0013472035794183,0,empty
497,141,109.3422,0.0001608501118568,0,sleeping
497,141,185.7277,0.006044966442953,12,active
497,141,281.1205,9.038031319910516e-05,6,sleeping
497,142,68.8571,0.0055872483221476,12,active
497,142,86.4462,0.0048657718120805,12,active
497,143,108.4265,8.389261744966443e-05,7,sleeping
497,143,226.4707,0.0002357941834451,1,sleeping
497,143,339.8051,0.0063914988814317,0,active
497,153,149.6344,0.0048697986577181,2,active
497,154,50.5059,5.369127516778522e-05,5,sleeping
497,154,304.5582,0.0013917225950782,9,sleeping
497,155,270.6309,1.1409395973154363e-05,9,sleeping
497,155,347.529,6.263982102908277e-06,4,sleeping
497,156,185.0002,8.053691275167787e-06,0,sleeping
497,156,277.0047,0.0009402684563758,2,sleeping
497,156,348.7857,0.0038935123042505,9,active
497,157,143.6024,6.711409395973154e-07,3,sleeping
497,161,213.3559,4.921700223713647e-06,13,sleeping
497,161,313.569,5.8165548098434e-06,9,sleeping
497,164,329.8587,9.507829977628635e-05,4,sleeping
497,165,350.0295,6.711409395973154e-07,2,sleeping
497,166,92.7316,0.0031950782997762,7,sleeping
497,166,171.5497,0.0026894854586129,2,sleeping
497,167,12.6764,0.0,0,sleeping
497,167,239.7825,2.013422818791946e-06,1,sleeping
497,168,87.7074,0.0194691275167785,3,active
497,169,168.2101,2.237136465324385e-07,0,empty
497,169,272.8498,4.47427293064877e-07,1,empty
497,169,329.834,0.0,0,empty
497,170,20.9067,0.0,0,empty
497,170,323.6109,0.0,0,sleeping
497,171,23.7576,0.0220248322147651,12,active
497,171,258.774,0.0085733780760626,5,active
497,171,325.2591,0.0058744966442953,6,active
497,172,58.1856,0.0065335570469798,9,active
497,172,195.0527,0.0037042505592841,5,sleeping
497,172,234.3101,0.0057651006711409,4,active
497,172,347.3838,0.0028214765100671,0,sleeping
497,173,108.4152,5.592841163310963e-06,4,sleeping
497,173,140.4279,0.0075973154362416,11,active
497,173,324.6156,4.47427293064877e-07,1,sleeping
497,174,126.9243,0.0008774049217002,6,sleeping
497,175,21.4283,0.0010706935123042,0,sleeping
497,175,99.0662,0.0031861297539149,3,sleeping
497,175,159.1487,0.0010709172259507,8,sleeping
497,176,164.7465,2.237136465324385e-07,6,sleeping
497,177,97.2735,0.0020127516778523,0,sleeping
497,177,298.1031,0.0059930648769574,9,active
497,177,324.579,0.0088064876957494,5,active
497,187,354.2024,0.0070787472035794,5,active
497,189,235.3012,0.0120539149888143,0,active
497,190,43.4407,0.0054190156599552,0,active
497,190,253.665,2.237136465324385e-07,1,sleeping
497,190,337.615,2.9082774049217005e-06,0,sleeping
497,191,12.1601,0.002552125279642,11,sleeping
497,191,115.9596,8.7248322147651e-06,0,sleeping
497,191,274.6313,4.47427293064877e-07,0,sleeping
497,192,201.8652,6.711409395973154e-07,3,sleeping
497,195,8.8744,0.0,2,sleeping
497,195,114.5026,2.237136465324385e-07,2,sleeping
497,195,178.1329,1.7225950782997762e-05,1,sleeping
497,196,306.0507,1.2080536912751678e-05,7,sleeping
497,197,233.0834,1.9463087248322143e-05,7,sleeping
497,198,63.1361,3.646532438478748e-05,0,sleeping
497,198,236.5371,0.0,13,sleeping
497,198,285.2206,0.0133469798657718,0,active
497,199,289.4812,0.0016812080536912,6,sleeping
497,200,250.3884,0.001793288590604,3,sleeping
497,201,70.8385,0.0097118568232662,0,active
497,201,77.4586,0.0176926174496644,2,active
497,201,217.547,0.0108633109619686,2,active
497,202,56.6127,0.0022673378076062,0,sleeping
497,202,116.7685,0.0087964205816554,2,active
497,202,329.163,4.921700223713648e-06,0,sleeping
497,203,333.2191,0.0088697986577181,6,active
497,204,43.2745,0.0036666666666666,7,sleeping
497,204,64.2911,0.0156738255033557,1,active
497,204,239.9103,0.0009782997762863,4,sleeping
497,205,6.505,0.0038859060402684,1,active
497,205,239.8276,0.0035472035794183,11,sleeping
497,206,148.1351,0.002907158836689,4,sleeping
497,207,45.4133,0.0039525727069351,12,active
497,207,74.1748,0.0158073825503355,1,active
497,207,117.4145,0.0073020134228187,0,active
497,207,322.412,0.0,11,sleeping
497,209,136.2964,2.863534675615212e-05,1,sleeping
497,210,337.9179,0.0001165548098434,6,sleeping
497,211,130.7565,0.0107635346756152,14,active
497,212,6.0999,0.0082089485458612,4,active
497,213,63.615,0.0007686800894854,8,sleeping
497,213,196.1471,0.0,2,empty
497,213,219.5182,0.0108791946308724,2,active
497,213,340.354,0.0,5,empty
497,214,166.3958,0.0,0,empty
498,0,65.1611,0.0,0,empty
498,0,123.4559,0.0253208053691275,2,active
498,0,164.5929,0.0016977628635346,5,sleeping
498,0,238.6195,0.0117252796420581,0,active
498,1,104.2017,0.0,0,empty
498,2,35.2916,0.0,0,empty
498,2,172.9065,0.0,0,empty
498,3,77.7175,0.0057335570469798,0,active
498,4,26.3139,0.0017682326621923,11,sleeping
498,4,113.2114,0.0,0,empty
498,4,163.1084,0.0035129753914988,8,sleeping
498,4,260.6412,0.0011653243847874,0,sleeping
498,5,190.1796,0.0,6,sleeping
498,5,234.6573,0.0101469798657718,0,active
499,0,118.5581,0.0041870246085011,1,active
499,0,152.182,0.0104776286353467,8,active
499,0,334.4812,2.5727069351230423e-05,7,sleeping
499,0,339.8347,0.0042595078299776,12,active
499,1,56.4196,0.0075246085011185,7,active
499,2,136.7785,0.0084557046979865,15,active
499,3,128.8711,4.228187919463087e-05,0,sleeping
499,4,289.7237,2.6845637583892617e-06,6,sleeping
499,5,25.4751,0.0151570469798657,9,active
499,5,223.7078,1.5212527964205818e-05,1,sleeping
499,5,234.2708,0.0104174496644295,15,active
499,11,131.4462,0.0008404921700223,11,sleeping
499,11,341.0124,0.0014284116331096,3,sleeping
499,13,212.8528,0.0015387024608501,3,sleeping
499,14,170.7847,0.0148803131991051,7,active
499,14,305.3792,0.0046080536912751,1,active
499,15,83.4862,0.0004711409395973,3,sleeping
499,15,112.2823,0.0048429530201342,5,active
501,0,277.5572,0.0040362416107382,10,active
501,1,289.5789,0.0086829977628635,7,active
501,1,351.0413,2.237136465324385e-06,3,sleeping
501,8,350.4275,0.0140718120805369,6,active
501,9,184.8536,0.0144295302013422,1,active
501,10,176.027,0.0005082774049217,4,sleeping
501,11,161.4018,0.0015935123042505,0,sleeping
501,17,328.0054,0.0035250559284116,9,sleeping
501,21,31.7817,0.0046807606263982,5,active
501,21,250.9381,0.0021941834451901,0,sleeping
501,22,242.7207,0.0004060402684563,5,sleeping
501,23,50.6841,0.0004134228187919,4,sleeping
501,29,180.4491,0.0015870246085011,4,sleeping
501,29,216.4776,0.0058870246085011,13,active
501,34,20.4776,0.0017872483221476,3,sleeping
501,36,138.7494,0.0019400447427293,11,sleeping
501,46,157.9257,0.0061749440715883,0,active
501,46,229.3217,2.237136465324385e-06,0,sleeping
501,52,75.7135,0.0119774049217002,1,active
501,54,67.628,0.01438322147651,7,active
501,56,189.6166,0.006310514541387,3,active
501,59,47.5374,0.004934899328859,12,active
501,60,24.109,0.0005033557046979,0,sleeping
501,61,1.6074,0.0082425055928411,0,active
501,61,51.5134,0.0024465324384787,2,sleeping
501,61,162.2874,0.0143158836689038,6,active
501,61,250.8869,0.0110331096196868,5,active
501,61,258.8338,0.0204089485458612,12,active
501,62,153.7741,0.0019480984340044,11,sleeping
501,67,162.2216,0.0002536912751677,0,sleeping
501,74,32.5011,0.0017212527964205,2,sleeping
501,75,52.6913,0.0043093959731543,3,active
501,79,213.9361,6.554809843400448e-05,4,sleeping
501,85,180.642,0.0049977628635346,6,active
501,86,92.4497,0.0039208053691275,6,active
501,88,183.8555,0.0035163310961968,3,sleeping
501,88,349.8512,0.0021380313199105,11,sleeping
501,89,98.9062,0.0008241610738255,7,sleeping
501,89,121.6397,0.0005322147651006,3,sleeping
501,89,216.3293,0.0025762863534675,6,sleeping
501,90,8.7926,0.020024384787472,12,active
501,90,142.9506,0.0205921700223713,6,active
501,90,145.703,0.0158362416107382,5,active
501,90,330.2295,0.0070892617449664,10,active
501,90,334.9631,0.0143053691275167,8,active
501,91,49.2351,0.0236870246085011,7,active
501,91,207.0473,0.0219335570469798,8,active
501,93,239.8074,0.0042684563758389,15,active
501,99,264.5678,0.0116894854586129,5,active
501,101,263.2181,0.0250017897091722,1,active
501,101,311.8823,0.0158870246085011,12,active
501,102,223.8311,0.0002353467561521,6,sleeping
501,102,272.2867,0.0002565995525727,8,sleeping
501,102,339.1401,0.0004451901565995,2,sleeping
501,106,149.0771,0.0018022371364653,2,sleeping
501,106,345.5428,0.0024995525727069,7,sleeping
501,107,222.9202,0.0041843400447427,10,active
501,107,315.746,0.0066346756152125,18,active
501,108,302.8436,0.0047118568232662,5,active
501,109,74.9339,0.0064429530201342,3,active
501,110,24.7624,0.0029870246085011,12,sleeping
501,110,301.5386,0.0,5,empty
501,110,305.7121,0.0096979865771812,8,active
501,111,63.097,0.0,0,empty
501,111,278.4115,0.014058836689038,4,active
501,112,221.6105,0.0,5,sleeping
501,113,327.7045,0.0001713646532438,0,sleeping
501,114,9.466,2.237136465324385e-07,0,sleeping
501,114,104.2273,0.0005093959731543,4,sleeping
501,114,160.3884,5.92841163310962e-05,2,sleeping
501,114,298.6089,0.0077344519015659,11,active
501,115,29.2306,0.0030997762863534,1,sleeping
501,115,245.0766,0.0112024608501118,6,active
501,117,2.5645,0.0003673378076062,0,sleeping
501,118,103.8712,0.0049731543624161,6,active
501,118,143.8148,0.007759284116331,16,active
501,118,245.576,0.0051152125279642,11,active
501,119,127.4755,1.0290827740492173e-05,5,sleeping
501,120,202.3753,0.0008816554809843,0,sleeping
501,121,7.1799,0.0088436241610738,2,active
501,121,124.1861,0.0074026845637583,1,active
501,122,52.249,0.010997091722595,7,active
501,122,60.2429,0.0128498881431767,5,active
501,122,224.4336,0.0100919463087248,0,active
501,122,265.5376,0.0288973154362416,0,active
501,123,156.4534,0.0,10,empty
501,123,259.084,0.0,4,empty
501,124,73.5634,0.0,0,empty
501,124,86.2279,1.5436241610738255e-05,6,sleeping
501,124,172.0387,0.0,0,empty
501,125,37.9345,0.0111762863534675,2,active
501,125,218.7093,0.0097630872483221,0,active
501,125,337.0056,0.0132212527964205,3,active
501,126,113.2901,0.0074337807606264,6,active
501,126,138.2117,0.0137736017897091,9,active
501,126,338.9237,0.0080002237136465,0,active
501,126,341.2199,0.0113451901565995,5,active
501,127,94.5162,0.0141577181208053,7,active
501,127,121.8855,0.0114729306487695,1,active
501,127,168.2332,0.0225823266219239,0,active
501,129,118.302,0.0090100671140939,3,active
501,130,155.3209,0.0006536912751677,3,sleeping
501,131,154.5794,2.147651006711409e-05,0,sleeping
501,131,290.7146,0.0009033557046979,0,sleeping
501,133,46.6129,5.637583892617448e-05,9,sleeping
501,133,223.7047,7.002237136465324e-05,2,sleeping
501,133,318.9933,0.0068407158836689,0,active
501,134,84.4186,2.237136465324385e-07,0,sleeping
501,134,251.6803,5.1901565995525726e-05,0,sleeping
501,135,133.3674,0.0,0,sleeping
501,135,183.2399,0.0028431767337807,7,sleeping
501,135,239.8181,0.0018749440715883,1,sleeping
501,136,132.801,1.1185682326621925e-06,0,sleeping
501,136,265.5268,0.0032662192393736,9,sleeping
501,137,342.4578,0.0029272930648769,1,sleeping
501,138,27.107,0.0181395973154362,12,active
501,138,228.1357,0.0073753914988814,11,active
501,139,56.3724,0.0128984340044742,9,active
501,139,95.955,0.0108516778523489,7,active
501,144,166.3586,0.0079673378076062,1,active
501,144,251.607,0.010438255033557,13,active
501,145,13.2808,0.0005178970917225,5,sleeping
501,145,80.5073,1.6778523489932888e-05,0,sleeping
501,155,95.2815,0.0030098434004474,6,sleeping
501,158,116.2795,3.8031319910514553e-06,3,sleeping
501,159,278.551,1.230425055928412e-05,4,sleeping
501,160,126.1824,0.0014033557046979,6,sleeping
501,162,90.966,0.0056946308724832,10,active
501,162,118.3338,0.0214617449664429,4,active
501,162,320.7944,0.0020977628635346,8,sleeping
501,163,335.7289,4.47427293064877e-07,14,sleeping
501,164,160.5852,0.0020628635346756,2,sleeping
501,165,206.9305,0.0037024608501118,6,sleeping
501,166,97.1546,2.0134228187919465e-05,0,sleeping
501,166,122.1862,0.0192306487695749,7,active
501,166,252.8058,0.0031559284116331,0,sleeping
501,166,312.8658,0.0003536912751677,7,sleeping
501,167,8.1152,0.0034930648769574,0,sleeping
501,167,210.3335,0.0022205816554809,8,sleeping
501,167,281.0109,0.0006190156599552,6,sleeping
501,168,275.644,0.0017859060402684,10,sleeping
501,169,77.3006,0.0127702460850111,10,active
501,169,183.5756,0.0020557046979865,0,sleeping
501,170,8.2048,0.0096029082774049,4,active
501,170,64.8215,0.0148118568232662,1,active
501,171,78.7497,1.1185682326621926e-05,0,sleeping
501,171,84.4986,0.0083040268456375,3,active
501,171,91.2135,0.0119854586129753,7,active
501,171,245.1338,0.0048011185682326,10,active
501,171,299.0278,0.0064201342281879,0,active
501,172,43.2512,0.010058836689038,2,active
501,172,193.0365,0.013293288590604,7,active
501,172,350.796,0.0019011185682326,8,sleeping
501,173,205.7518,0.0071340044742729,0,active
501,173,279.5475,0.0008237136465324,1,sleeping
501,174,55.2074,0.0034539149888143,13,sleeping
501,174,245.7371,0.0010156599552572,3,sleeping
501,174,277.9996,0.0078872483221476,4,active
501,174,309.1255,0.0097378076062639,4,active
501,175,92.259,1.0290827740492173e-05,16,sleeping
501,178,14.4607,0.0002686800894854,4,sleeping
501,185,113.4225,0.0023879194630872,15,sleeping
501,185,144.0194,0.0032863534675615,3,sleeping
501,185,325.3073,0.0027006711409395,9,sleeping
501,186,31.6195,0.001189932885906,9,sleeping
501,186,299.0468,0.0,2,empty
501,187,249.8677,0.0150474272930648,12,active
501,187,303.7058,0.0291673378076062,11,active
501,188,57.2091,0.0141102908277404,1,active
501,188,250.8603,0.0,0,empty
501,189,25.6721,0.0026568232662192,0,sleeping
501,189,189.672,0.0342722595078299,0,active
501,190,112.535,0.0,2,empty
501,190,155.6804,0.0029646532438478,5,sleeping
501,190,236.5363,0.0109982102908277,10,active
501,191,3.5914,0.0310604026845637,3,active
501,191,13.3035,0.0355270693512304,9,active
501,191,16.4924,0.0407485458612975,2,active
501,192,79.1621,0.0006165548098434,5,sleeping
501,192,202.0356,0.0059563758389261,1,active
501,193,44.9592,0.006493288590604,16,active
501,193,313.033,0.0086147651006711,5,active
501,194,39.5424,0.0122816554809843,5,active
501,194,151.1515,0.0080651006711409,14,active
501,194,313.8481,0.0,2,empty
501,195,53.6923,0.0131959731543624,11,active
501,195,70.4364,0.0214194630872483,1,active
501,195,74.4698,0.0379572706935123,2,active
501,195,80.4882,0.042486577181208,1,active
501,198,153.5247,0.0233599552572706,4,active
501,200,103.2081,0.0115700223713646,5,active
501,200,115.3979,0.008924384787472,6,active
501,200,145.7217,0.020597091722595,3,active
501,201,40.8208,0.0043078299776286,7,active
501,201,305.1472,0.0011015659955257,11,sleeping
501,202,84.4042,0.0036624161073825,6,sleeping
501,202,120.3097,8.948545861297539e-07,4,sleeping
501,202,162.5312,0.0018697986577181,4,sleeping
501,202,222.0094,0.0150514541387024,7,active
501,202,294.387,0.0138324384787472,8,active
501,203,152.5801,0.0152145413870246,1,active
501,204,163.7682,0.0084635346756152,6,active
501,205,138.6284,0.0019514541387024,11,sleeping
501,205,173.6727,0.0052407158836689,7,active
501,206,189.6157,5.592841163310962e-06,1,sleeping
501,206,254.8416,0.0235272930648769,1,active
501,207,224.0083,0.001162639821029,0,sleeping
501,208,100.6579,2.237136465324385e-07,1,sleeping
501,208,298.6412,0.0036203579418344,10,sleeping
501,210,15.8134,0.0080724832214765,4,active
501,210,37.75,0.0108939597315436,13,active
501,211,170.7471,0.010758836689038,2,active
501,211,348.9781,0.0062854586129753,0,active
501,214,68.562,2.6845637583892617e-06,0,sleeping
501,214,272.1874,0.0068675615212527,4,active
501,214,275.88,0.0114742729306487,8,active
501,215,212.4305,0.0,3,empty
501,216,69.0077,0.0,0,empty
501,216,148.4973,0.0,0,empty
501,216,194.542,0.0,0,empty
501,217,4.8084,0.0113519015659955,2,active
501,217,85.8255,0.0078324384787472,5,active
501,217,299.2409,0.0141297539149888,4,active
501,218,171.2828,0.0144630872483221,3,active
501,218,352.3347,0.0149364653243847,0,active
501,219,98.0713,0.0058644295302013,4,active
501,219,256.1324,0.0196648769574944,10,active
501,219,320.2355,0.038731096196868,6,active
501,220,15.9628,0.0238610738255033,2,active
501,220,202.3075,0.008176510067114,15,active
501,220,266.6817,0.00421096196868,7,active
501,220,295.0146,0.0109664429530201,1,active
501,221,19.6243,0.0175975391498881,11,active
501,221,124.3057,0.0010212527964205,2,sleeping
501,221,180.9521,0.0032404921700223,5,sleeping
501,221,196.9475,0.0036024608501118,8,sleeping
501,221,317.7743,0.0094595078299776,3,active
501,225,301.8866,0.0035536912751677,4,sleeping
503,4,202.1554,0.0,3,sleeping
504,0,266.3015,6.7114093959731546e-06,6,sleeping
504,0,324.5579,0.0280982102908277,13,active
504,5,220.6679,0.0001234899328859,4,sleeping
504,5,261.9081,0.0043060402684563,5,active
504,5,279.7734,0.0029749440715883,1,sleeping
504,5,300.1625,0.0049639821029082,3,active
504,5,339.9366,0.0054982102908277,1,active
504,6,13.8551,0.0048429530201342,0,active
504,6,233.5386,0.0067029082774049,19,active
504,6,320.6261,0.0309803131991051,9,active
504,7,262.9816,0.0166780760626398,0,active
504,8,111.5856,2.818791946308725e-05,0,sleeping
504,8,141.7764,0.0002378076062639,0,sleeping
504,8,157.9101,2.460850111856824e-06,0,sleeping
504,8,173.0426,3.579418344519016e-06,0,sleeping
504,8,184.1606,5.592841163310962e-06,0,sleeping
504,8,196.7107,6.7114093959731546e-06,0,sleeping
504,8,225.3251,1.3870246085011188e-05,0,sleeping
504,8,247.7647,5.8165548098434e-06,8,sleeping
504,8,265.1459,0.0135183445190156,3,active
504,8,312.7486,5.5928411633109614e-06,0,sleeping
504,8,351.808,6.935123042505593e-06,0,sleeping
504,9,61.3247,1.2304250559284115e-05,0,sleeping
504,9,72.2224,0.0015856823266219,0,sleeping
504,9,81.2272,0.002589932885906,4,sleeping
504,9,89.8133,0.0006780760626398,6,sleeping
504,9,139.6623,0.0038324384787472,0,active
504,9,149.3387,0.0063789709172259,2,active
504,9,157.0254,0.012814317673378,5,active
504,9,174.4457,0.0085093959731543,1,active
504,9,200.8303,9.395973154362418e-06,0,sleeping
504,9,206.2908,0.0194020134228187,1,active
504,9,221.7194,0.0006190156599552,0,sleeping
504,9,248.3515,0.0033738255033557,0,sleeping
504,9,268.9133,0.0051651006711409,2,active
504,10,24.8305,0.0054628635346756,8,active
504,10,98.8365,0.0131156599552572,3,active
504,10,101.0411,0.0147523489932885,1,active
504,10,164.1919,0.002569351230425,1,sleeping
504,10,301.4096,0.0171250559284116,1,active
504,10,315.9221,0.0199733780760626,1,active
504,10,330.6312,0.0158910514541387,3,active
504,10,349.095,0.0122107382550335,6,active
504,11,18.3389,0.001834899328859,2,sleeping
504,11,78.148,0.0032874720357941,0,sleeping
504,15,236.8944,0.0241357941834451,1,active
504,16,267.5986,0.0001545861297539,1,sleeping
504,17,13.7305,0.0004825503355704,1,sleeping
504,20,53.8496,0.0038,0,active
504,20,73.8875,0.0107418344519015,0,active
504,20,129.9087,0.0097680089485458,2,active
504,20,154.356,0.0135022371364653,0,active
504,20,295.2618,0.0007713646532438,6,sleeping
504,22,322.7213,0.0050736017897091,3,active
504,25,301.8359,0.0142255033557046,0,active
504,27,115.7254,8.053691275167787e-06,0,sleeping
504,36,47.538,0.0009581655480984,5,sleeping
504,37,68.9795,0.0507073825503355,7,active
504,37,199.4067,0.0007190156599552,0,sleeping
504,37,298.0889,0.0047357941834451,0,active
504,37,332.7648,0.0021093959731543,0,sleeping
504,38,22.4809,0.0059326621923937,0,active
504,38,84.8146,0.0288870246085011,0,active
504,38,122.9298,0.0042841163310961,0,active
504,38,147.4232,0.0040076062639821,0,active
504,38,174.7417,0.0051387024608501,0,active
504,38,190.1128,0.0066523489932885,0,active
504,38,207.2059,0.0034085011185682,3,sleeping
504,38,271.6559,0.0009427293064876,1,sleeping
504,38,289.4293,0.0018503355704697,0,sleeping
504,38,313.4301,0.0018127516778523,15,sleeping
504,38,330.2714,0.0110870246085011,4,active
504,39,26.5268,0.0273771812080536,0,active
504,39,96.7536,0.0243532438478747,1,active
504,39,146.127,0.0160328859060402,6,active
504,39,214.731,0.0160559284116331,0,active
504,49,314.6359,0.0093516778523489,0,active
504,50,39.8123,4.697986577181209e-06,0,sleeping
504,50,86.546,0.0200624161073825,2,active
504,50,116.6972,0.0017946308724832,0,sleeping
504,51,347.019,0.0050834451901565,0,active
504,52,36.3205,3.02013422818792e-05,0,sleeping
504,52,299.1582,0.0021369127516778,0,sleeping
504,53,85.181,0.0005785234899328,1,sleeping
504,53,233.712,4.697986577181209e-06,2,sleeping
504,54,9.565,0.000421029082774,1,sleeping
504,54,30.6182,0.0001561521252796,0,sleeping
504,56,161.5576,1.633109619686801e-05,14,sleeping
504,65,101.4861,0.0047890380313199,4,active
504,65,133.3495,0.0286008948545861,1,active
504,65,171.15,0.0063720357941834,4,active
504,65,178.9744,0.006907158836689,16,active
504,65,258.7184,0.0068046979865771,0,active
504,65,274.5766,0.0044552572706935,0,active
504,65,300.2717,0.0005577181208053,0,sleeping
504,65,315.1424,0.0033319910514541,0,sleeping
504,65,331.5284,0.0012409395973154,0,sleeping
504,66,165.053,1.0290827740492173e-05,3,sleeping
504,66,349.6618,0.0111879194630872,8,active
504,67,59.1091,0.0131930648769574,0,active
504,67,84.1161,0.0044161073825503,0,active
504,67,96.5487,0.0032051454138702,3,sleeping
504,67,99.4817,0.0105006711409395,7,active
504,67,122.8702,0.0114407158836689,0,active
504,67,145.6748,0.0021111856823266,0,sleeping
504,67,163.6907,0.0087476510067114,1,active
504,67,192.3486,0.0162344519015659,0,active
504,67,210.2592,0.0060668903803132,0,active
504,67,219.356,0.0078212527964205,4,active
504,67,233.6195,0.006628187919463,1,active
504,67,257.0796,0.001859284116331,0,sleeping
504,67,280.4257,0.0012174496644295,0,sleeping
504,67,295.1874,0.0020371364653243,0,sleeping
504,67,331.9773,0.0038601789709172,0,active
504,67,345.4469,0.0011299776286353,0,sleeping
504,68,30.9927,1.7897091722595078e-06,0,sleeping
504,68,41.6865,0.0076022371364653,1,active
504,68,58.686,0.0054982102908277,0,active
504,68,110.9477,0.0002422818791946,0,sleeping
504,68,123.5367,0.0011595078299776,0,sleeping
504,68,144.852,2.013422818791946e-06,0,sleeping
504,68,147.5888,0.0031422818791946,0,sleeping
504,68,162.6335,0.0049552572706935,0,active
504,68,186.397,0.0016861297539149,0,sleeping
504,68,203.839,0.0020677852348993,0,sleeping
504,69,217.7527,0.0050532438478747,10,active
504,69,248.6344,0.0034527964205816,7,sleeping
504,71,313.0245,0.0006290827740492,0,sleeping
504,72,93.0749,2.8411633109619688e-05,6,sleeping
504,82,32.7498,0.0092020134228187,0,active
504,82,86.7478,0.0077906040268456,3,active
504,82,133.5088,0.0,0,empty
504,82,159.9276,0.0,0,empty
504,82,171.5911,0.0007805369127516,3,sleeping
504,82,316.3829,0.0,1,sleeping
504,82,346.7029,0.0015062639821029,0,sleeping
504,82,354.9842,0.0068704697986577,0,active
504,83,68.5313,0.0098789709172259,7,active
504,83,157.8954,0.0093944071588366,2,active
504,83,190.7062,0.0073402684563758,12,active
504,83,214.0203,0.0233991051454138,6,active
504,84,44.0831,0.0043463087248322,2,active
504,84,118.794,4.697986577181209e-06,5,sleeping
504,84,206.2779,0.0060134228187919,1,active
504,87,147.121,2.1923937360178965e-05,0,sleeping
504,88,246.5929,2.7516778523489936e-05,11,sleeping
504,93,135.432,3.5123042505592845e-05,0,sleeping
504,93,158.7841,1.74496644295302e-05,0,sleeping
504,94,14.3151,5.838926174496644e-05,0,sleeping
504,94,158.7125,0.0062601789709172,0,active
504,94,189.569,0.0046163310961968,5,active
504,94,229.5738,0.0079263982102908,6,active
504,94,317.7981,0.0046463087248322,2,active
504,95,53.9092,0.0020628635346756,1,sleeping
504,95,73.4324,0.0125807606263982,2,active
504,95,118.4741,0.014697091722595,2,active
504,95,189.4015,0.0036091722595078,0,sleeping
504,97,187.5334,0.0002114093959731,0,sleeping
504,98,25.8489,0.0075181208053691,9,active
504,98,76.0121,0.0107774049217002,13,active
504,98,116.0616,0.006741610738255,9,active
504,98,160.0915,0.0043239373601789,6,active
504,98,325.5093,0.0037718120805369,6,active
504,98,328.3943,0.010514317673378,1,active
504,99,7.1985,0.0009199105145413,4,sleeping
504,100,176.0544,1.0514541387024608e-05,0,sleeping
504,100,241.8954,0.0001883668903803,0,sleeping
504,106,266.2791,2.1923937360178968e-05,2,sleeping
504,106,317.7676,0.0001080536912751,3,sleeping
504,107,352.524,0.0063789709172259,18,active
504,108,346.8189,0.0010751677852348,2,sleeping
504,108,351.7075,0.0091272930648769,0,active
504,109,17.4181,0.0042919463087248,3,active
504,109,121.942,0.011662192393736,17,active
504,111,100.9492,0.0065196868008948,0,active
504,111,165.9739,0.0006123042505592,2,sleeping
504,112,103.214,0.0006427293064876,0,sleeping
504,113,157.0011,1.2304250559284115e-05,12,sleeping
504,113,226.3621,0.0127427293064876,11,active
504,113,346.1552,0.001221029082774,1,sleeping
504,114,21.8001,0.0221697986577181,7,active
504,114,154.5486,0.0157017897091722,6,active
504,114,168.9176,0.0138812080536912,1,active
504,115,83.8748,6.487695749440716e-06,3,sleeping
504,115,358.1128,2.483221476510068e-05,0,sleeping
504,116,93.436,0.0011181208053691,10,sleeping
504,117,219.6355,0.0016507829977628,7,sleeping
504,121,69.4481,0.0003263982102908,7,sleeping
504,122,175.2991,2.237136465324385e-07,1,empty
504,122,184.8569,0.0140413870246085,8,active
504,123,262.2967,0.0,4,sleeping
504,123,283.0074,0.0044404921700223,0,active
504,124,27.5214,0.0,0,sleeping
504,124,184.1127,0.0,1,empty
504,124,217.3388,0.0,0,empty
504,125,44.1642,0.0,1,empty
504,125,237.308,0.0,0,empty
504,126,63.739,0.0090682326621923,12,active
504,126,196.0938,0.0039033557046979,1,active
504,126,354.8675,0.0140163310961968,3,active
504,127,39.3842,0.0167161073825503,4,active
504,127,69.5493,0.0103161073825503,0,active
504,127,73.7243,0.0097552572706935,0,active
504,127,111.0882,0.0364326621923937,6,active
504,127,359.0091,0.0,0,empty
504,128,95.6234,0.0170545861297539,6,active
504,128,132.4454,0.0163145413870246,2,active
504,128,179.6076,0.0066389261744966,7,active
504,128,286.7553,0.0151539149888143,15,active
504,128,338.7689,0.0006060402684563,0,sleeping
504,129,79.2374,0.0161080536912751,6,active
504,130,183.3172,0.0,7,empty
504,130,310.4055,0.0,1,empty
504,131,38.423,0.0088668903803131,7,active
504,131,99.2183,0.0081409395973154,6,active
504,131,135.9676,0.0200185682326621,3,active
504,131,264.5908,0.0090123042505592,0,active
504,131,311.0469,0.005693736017897,11,active
504,132,25.7124,0.0229306487695749,1,active
504,132,72.4328,0.0186894854586129,2,active
504,132,140.0014,0.0235724832214765,4,active
504,132,335.2687,0.010045413870246,14,active
504,133,17.5944,0.0147024608501118,5,active
504,133,262.7102,0.0164286353467561,6,active
504,134,5.8332,0.0170319910514541,0,active
504,134,10.7634,0.0166391498881431,0,active
504,134,175.0674,0.0110029082774049,0,active
504,134,235.1946,0.014721029082774,9,active
504,134,285.6995,0.002503803131991,0,sleeping
504,135,15.5494,0.0,2,sleeping
504,135,329.675,0.0008091722595078,9,sleeping
504,136,58.4173,3.691275167785236e-05,2,sleeping
504,136,94.3256,8.456375838926175e-05,3,sleeping
504,137,29.1196,0.0,4,empty
504,137,74.9327,0.0060512304250559,4,active
504,137,232.7781,0.0035331096196868,0,empty
504,138,51.5177,0.0,0,empty
504,138,99.3476,0.0,5,empty
504,138,142.9214,0.0455539149888143,0,active
504,138,240.21,0.0205908277404921,14,active
504,139,164.3055,0.0074590604026845,12,active
504,139,175.3314,0.0116682326621923,0,active
504,139,308.0414,0.026569351230425,1,active
504,140,95.9108,0.0363706935123042,2,active
504,140,257.5902,0.0175713646532438,14,active
504,140,290.0101,0.0075290827740492,0,active
504,141,146.2322,0.039769351230425,4,active
504,141,320.2543,0.0081776286353467,8,active
504,141,346.1228,0.0005894854586129,9,sleeping
504,142,227.0237,0.0040859060402684,12,active
504,144,140.2339,4.272930648769576e-05,11,sleeping
504,145,141.5739,0.000776510067114,1,sleeping
504,147,26.5887,0.0404935123042505,9,active
504,147,193.4313,0.0394796420581655,7,active
504,147,324.1135,0.0058304250559284,1,active
504,148,177.2412,0.0168214765100671,10,active
504,149,296.8403,0.0022259507829977,0,sleeping
504,150,70.5949,0.0026841163310961,0,sleeping
504,151,115.965,2.2818791946308727e-05,0,sleeping
504,152,108.7303,0.0019259507829977,4,sleeping
504,158,136.0535,0.004862639821029,6,active
504,159,37.6155,0.0021523489932885,0,sleeping
504,159,198.5787,8.277404921700225e-06,0,sleeping
504,159,331.56,0.0043076062639821,6,active
504,161,224.2081,0.0045742729306487,13,active
504,162,240.3624,0.0049612975391498,0,active
504,164,264.0936,0.0003742729306487,0,sleeping
504,164,291.9508,0.0506691275167785,0,active
504,165,165.6898,0.0016624161073825,2,sleeping
504,167,122.3429,1.1633109619686804e-05,0,sleeping
504,167,130.6919,2.2818791946308727e-05,2,sleeping
504,168,52.6903,0.0257519015659955,3,active
504,168,125.4736,0.0268944071588366,9,active
504,169,168.672,0.0028859060402684,1,sleeping
504,170,41.1077,0.0085953020134228,0,active
504,170,57.3176,0.0163064876957494,1,active
504,170,116.32,3.087248322147651e-05,2,sleeping
504,171,89.9777,0.0031051454138702,4,sleeping
504,171,292.4574,0.031007606263982,4,active
504,171,315.5074,0.0640400447427293,0,active
504,172,194.479,0.0235302013422818,6,active
504,172,263.616,0.0146440715883668,5,active
504,172,297.5169,0.0203823266219239,4,active
504,173,213.5737,0.0149015659955257,4,active
504,173,310.9846,0.0162154362416107,10,active
504,174,53.406,0.0058668903803131,0,active
504,174,234.3159,0.0185140939597315,4,active
504,174,349.5011,0.0084357941834451,1,active
504,176,196.9702,0.0,0,empty
504,176,297.6441,0.0093006711409395,6,active
504,177,38.9781,0.0135706935123042,9,active
504,177,79.0055,0.0154196868008948,0,active
504,177,256.9012,0.0126635346756152,7,active
504,177,274.2818,0.0128458612975391,5,active
504,178,137.7212,8.948545861297539e-07,0,sleeping
504,178,220.0323,0.0172263982102908,0,active
504,178,356.8116,0.016172706935123,0,active
504,179,131.0721,0.0408185682326621,0,active
504,179,163.2638,0.0279391498881431,5,active
504,179,309.3111,3.1319910514541385e-06,2,sleeping
504,179,339.1091,0.0123158836689038,2,active
504,180,39.7946,0.0295890380313199,1,active
504,181,28.8516,0.0580127516778523,4,active
504,181,98.0759,0.0423447427293064,6,active
504,181,194.7961,0.0287085011185682,0,active
504,182,30.7351,0.0122959731543624,5,active
504,182,126.8368,0.0,0,empty
504,182,314.1289,0.0,0,empty
504,182,317.4259,0.0157845637583892,0,active
504,183,31.5579,0.0275219239373601,6,active
504,183,295.1042,7.539149888143177e-05,1,sleeping
504,183,315.8398,0.010507158836689,2,active
504,184,283.4851,0.0,2,empty
504,185,166.317,0.0,0,empty
504,185,255.8441,0.0009577181208053,2,sleeping
504,185,328.5206,0.0100302013422818,1,active
504,186,349.5233,0.0009221476510067,7,sleeping
504,187,30.8613,0.0207214765100671,7,active
504,187,244.2009,0.0109561521252796,7,active
504,187,330.7245,0.0154123042505592,2,active
504,188,283.4843,0.0165850111856823,6,active
504,188,354.6243,0.0187753914988814,0,active
504,189,80.0647,0.0172436241610738,0,active
504,190,45.1716,5.592841163310963e-06,3,sleeping
504,190,110.8107,0.0061664429530201,7,active
504,191,264.1583,0.0018190156599552,10,sleeping
504,192,142.2427,1.5659955257270697e-06,5,sleeping
504,193,69.6809,6.263982102908277e-06,3,sleeping
504,193,214.233,0.05948322147651,8,active
504,195,33.8431,0.0044709172259507,1,active
504,195,137.3019,3.668903803131991e-05,0,sleeping
504,195,324.0231,0.0041957494407158,0,active
504,196,223.1303,5.995525727069351e-05,0,sleeping
504,197,222.6465,0.0048366890380313,0,active
504,197,335.8607,0.0163633109619686,1,active
504,198,209.1927,0.0159561521252796,6,active
504,199,29.4165,0.0068624161073825,0,active
504,199,132.3324,0.0031729306487695,6,sleeping
504,200,176.9204,1.6107382550335573e-05,5,sleeping
504,200,266.7054,0.0024373601789709,6,sleeping
504,201,49.9683,0.0260494407158836,1,active
504,202,226.8917,0.0070476510067114,17,active
504,203,42.4208,0.0,2,empty
504,204,47.8596,0.0106574944071588,5,active
505,3,6.8218,0.0108939597315436,1,active
505,3,49.902,0.0218326621923937,0,active
505,3,61.1924,0.0269304250559284,0,active
505,3,206.1903,0.0184530201342281,0,active
505,4,94.4925,0.0005767337807606,4,sleeping
505,4,118.9921,0.0012478747203579,1,sleeping
505,4,213.1387,0.0126344519015659,3,active
505,4,312.3261,0.0081295302013422,0,active
505,5,13.1764,0.002521029082774,3,sleeping
505,5,85.6057,0.0,0,empty
505,5,89.053,0.0105295302013422,3,active
505,5,117.0429,0.0,0,empty
505,6,191.1766,0.0,6,empty
505,6,203.3335,0.0,0,empty
505,7,183.4339,0.0,0,empty
505,7,265.4016,0.0,0,empty
505,7,289.8627,0.0073302013422818,0,active
505,7,302.9524,0.0204017897091722,7,active
505,8,294.9019,6.711409395973154e-07,3,sleeping
505,8,345.9653,0.0089944071588366,4,active
505,9,107.6536,0.0,0,sleeping
505,9,304.2269,0.0,4,sleeping
505,9,336.4532,0.0090836689038031,2,active
505,9,350.1861,0.0035302013422818,8,sleeping
505,10,115.9967,0.0,2,sleeping
505,11,56.775,0.0,0,sleeping
505,12,39.9118,0.0111619686800894,16,active
505,12,228.0014,0.0,3,sleeping
505,13,22.0077,0.0008814317673378,0,sleeping
505,13,55.558,2.237136465324385e-07,0,sleeping
505,13,233.3765,2.237136465324385e-06,5,sleeping
505,14,131.3324,0.0043328859060402,9,active
505,14,135.6336,0.0085114093959731,11,active
505,14,230.1352,0.0115695749440715,7,active
505,14,282.4118,0.0001234899328859,4,sleeping
505,15,153.3365,1.2304250559284115e-05,4,sleeping
505,15,247.724,0.021597091722595,13,active
505,16,260.7711,2.237136465324385e-07,4,sleeping
505,16,293.9624,0.0096695749440715,2,active
505,17,138.6568,0.0065111856823266,13,active
505,17,256.112,0.0006682326621923,4,sleeping
505,18,131.0439,0.0097087248322147,3,active
505,18,163.8674,0.0140022371364653,7,active
505,18,291.255,0.0130096196868008,8,active
505,19,298.2853,0.0235686800894854,12,active
505,20,129.3186,0.0048525727069351,5,active
505,21,19.7205,8.903803131991053e-05,2,sleeping
505,23,131.7753,1.2527964205816554e-05,4,sleeping
505,24,269.9793,0.0083060402684563,6,active
505,26,70.3862,7.67337807606264e-05,4,sleeping
505,27,254.1763,9.843400447427292e-06,7,sleeping
505,35,341.5235,0.0142049217002237,0,active
505,36,88.7391,0.0066480984340044,0,active
505,36,339.4175,2.237136465324385e-07,3,empty
505,37,1.0959,0.01008322147651,8,active
505,37,21.8944,0.0098563758389261,1,active
505,37,273.1268,0.0006060402684563,2,sleeping
505,37,284.3771,0.0063709172259507,9,active
505,38,323.7923,0.0082053691275167,8,active
505,39,63.3213,0.0120823266219239,8,active
505,39,213.8612,0.0070306487695749,9,active
505,40,129.5311,0.0092563758389261,6,active
505,46,331.1615,6.957494407158837e-05,1,sleeping
505,48,162.2812,0.0007380313199105,6,sleeping
505,56,101.925,0.0052304250559284,4,active
505,61,131.3004,5.123042505592841e-05,11,sleeping
505,61,212.3035,0.0042527964205816,2,active
505,63,286.1062,8.94854586129754e-06,10,sleeping
505,64,35.1281,0.0050852348993288,6,active
505,64,79.8436,3.8031319910514553e-06,6,sleeping
505,64,95.0442,0.0006818791946308,0,sleeping
505,65,63.4032,1.7002237136465325e-05,5,sleeping
505,70,351.0285,0.0102557046979865,6,active
505,73,341.1273,0.0035664429530201,0,sleeping
505,75,264.9904,0.0032803131991051,5,sleeping
505,76,153.8076,0.0001729306487695,0,sleeping
505,78,4.0714,0.0015968680089485,14,sleeping
505,83,354.0131,0.0037530201342281,0,sleeping
505,85,65.0803,0.0,3,empty
505,85,325.1886,0.0029863534675615,7,sleeping
505,86,8.4287,0.0,0,sleeping
505,86,72.6711,0.0063874720357941,1,active
505,86,119.0749,2.9082774049217005e-06,2,sleeping
505,86,163.4009,0.0020451901565995,7,sleeping
505,86,197.2407,0.0151286353467561,8,active
505,86,269.8745,0.0140051454138702,9,active
505,87,8.8692,0.0005597315436241,8,sleeping
505,87,88.2674,0.0106624161073825,5,active
505,87,193.791,0.0111852348993288,5,active
505,87,301.4553,0.0176816554809843,2,active
505,88,64.4123,0.0014955257270693,9,sleeping
505,88,195.9421,5.592841163310963e-06,0,sleeping
505,88,312.566,0.0036563758389261,4,sleeping
505,89,142.5663,0.0002861297539149,8,sleeping
505,90,270.4319,0.0093639821029082,2,active
505,94,295.9414,6.510067114093959e-05,10,sleeping
505,101,227.307,0.0001507829977628,5,sleeping
505,102,311.2129,4.451901565995526e-05,2,sleeping
505,120,0.8561,0.0174664429530201,0,active
505,121,50.275,0.000296644295302,12,sleeping
505,122,87.9277,0.0238738255033557,9,active
505,122,143.6009,0.0180599552572706,3,active
505,123,186.8466,0.0044087248322147,16,active
505,124,99.0003,0.0028333333333333,6,sleeping
505,124,224.1079,0.0137702460850111,9,active
505,124,322.7503,0.0026434004474272,11,sleeping
505,125,194.4417,0.0066422818791946,3,active
505,126,88.3167,0.0016436241610738,13,sleeping
505,126,318.5804,0.0017552572706935,4,sleeping
505,127,278.0256,0.0346284116331096,2,active
505,127,337.2429,0.0077890380313199,5,active
505,128,116.5515,0.0007800894854586,0,sleeping
505,128,251.0532,0.0144666666666666,6,active
505,129,30.409,0.003041610738255,9,sleeping
505,129,248.1815,3.3557046979865773e-06,0,sleeping
505,130,71.9896,1.2080536912751678e-05,5,sleeping
505,130,96.7186,0.001069351230425,2,sleeping
505,130,162.0135,0.0085127516778523,2,active
505,130,168.2144,0.0293821029082774,2,active
505,130,220.985,0.0203664429530201,6,active
505,132,38.4317,0.032762639821029,0,active
505,132,93.0753,0.0034612975391498,5,sleeping
505,132,177.6678,0.0078682326621923,1,active
505,132,240.8315,0.0084011185682326,1,active
505,132,327.9482,0.013407158836689,0,active
505,133,107.5586,0.0006219239373601,0,sleeping
505,133,249.0093,0.0023158836689038,8,sleeping
505,134,68.5029,0.0069250559284116,9,active
505,135,249.6738,0.01278322147651,9,active
505,135,273.5429,0.0115874720357941,5,active
505,136,3.7402,0.009965995525727,0,active
505,137,52.0957,0.0008606263982102,0,sleeping
505,138,55.7772,5.100671140939597e-05,0,sleeping
505,138,258.1031,9.328859060402686e-05,0,sleeping
505,139,234.8665,9.17225950782998e-06,0,sleeping
505,146,84.5128,0.0023429530201342,4,sleeping
505,156,171.8673,0.0,0,empty
505,157,34.8017,0.0,0,empty
505,158,68.8656,0.0,0,empty
505,158,100.9851,0.0,0,empty
505,158,167.9227,0.0,0,empty
505,158,176.9151,0.0083704697986577,0,active
505,160,58.1651,0.0078597315436241,0,active
505,160,113.768,0.026800447427293,18,active
505,160,289.3138,0.0027852348993288,2,sleeping
505,160,312.9173,0.002079418344519,0,sleeping
505,160,337.1343,0.0290818791946308,5,active
505,161,46.0024,0.0165237136465324,2,active
505,161,350.0195,0.0184953020134228,0,active
505,162,275.7547,2.6845637583892617e-06,8,sleeping
505,162,306.6137,0.0063246085011185,13,active
505,165,325.7707,0.0102666666666666,4,active
505,166,216.2418,0.0096516778523489,0,active
505,167,283.5497,0.0313420581655481,6,active
505,168,212.3216,0.0,0,empty
505,169,140.3596,1.7897091722595078e-06,5,sleeping
505,169,232.0847,4.47427293064877e-07,4,empty
505,172,105.9764,0.0159988814317673,3,active
505,172,341.2379,0.0189279642058165,15,active
505,173,81.7308,0.0124872483221476,8,active
505,173,272.0213,0.021593736017897,0,active
505,173,348.1562,0.0102118568232662,0,active
505,175,196.0084,0.0266073825503355,0,active
505,176,240.9284,0.0303029082774049,8,active
505,176,260.4287,0.0211729306487695,0,active
505,177,59.0861,0.0,0,empty
505,177,100.1876,0.0108668903803131,3,active
505,178,234.8494,0.0712425055928411,2,active
505,179,67.3831,0.0246234899328859,3,active
505,179,126.4934,0.0018664429530201,0,sleeping
505,179,233.4901,0.0025326621923937,0,sleeping
505,180,142.8631,0.0122228187919463,0,active
505,180,235.0692,0.0392903803131991,1,active
505,181,66.1878,0.0612284116331096,8,active
505,181,153.768,0.0408080536912751,0,active
505,182,322.0467,0.0215800894854586,8,active
505,183,109.0674,4.47427293064877e-07,0,sleeping
505,183,139.5204,0.0079362416107382,7,active
505,183,262.7185,0.0047040268456375,2,active
505,184,45.3742,0.0137304250559284,7,active
505,184,340.1942,0.0,8,sleeping
505,185,40.3739,0.0014501118568232,0,sleeping
505,185,81.1081,0.0311163310961968,10,active
505,186,52.1772,0.0218852348993288,2,active
505,186,147.9714,0.0396299776286353,11,active
505,187,190.7475,0.008276510067114,2,active
505,187,210.8953,0.0157532438478747,4,active
505,188,172.2139,0.0379503355704698,2,active
505,188,308.6149,0.0008127516778523,0,sleeping
505,188,353.4233,0.0024360178970917,0,sleeping
505,190,2.9485,0.0052780760626398,1,active
505,190,130.4081,0.012000447427293,3,active
505,191,256.4545,0.0295785234899328,0,active
505,192,271.8925,0.0032355704697986,1,sleeping
505,192,280.4435,0.009376062639821,1,active
505,193,310.3129,0.0018067114093959,0,sleeping
505,194,74.1632,0.0063684563758389,3,active
505,195,155.0685,0.0005977628635346,1,sleeping
505,198,295.6945,0.0178078299776286,13,active
505,200,121.5345,0.0080635346756152,2,active
505,200,195.9501,0.0071152125279642,6,active
505,209,200.2301,0.0073709172259507,18,active
506,7,41.7052,0.0085480984340044,1,active
506,8,101.8569,4.026845637583893e-06,0,sleeping
506,9,57.5776,0.0040114093959731,11,active
506,13,173.6436,0.0124223713646532,13,active
506,14,11.8806,7.606263982102909e-06,0,sleeping
506,14,289.2489,5.816554809843401e-06,4,sleeping
506,15,196.8276,0.0006599552572706,3,sleeping
506,15,278.3172,0.0074948545861297,12,active
506,16,288.5646,1.5659955257270697e-06,12,sleeping
506,17,22.5002,0.0015275167785234,2,sleeping
506,17,60.6593,0.0005944071588366,4,sleeping
506,17,183.1869,0.0097217002237136,15,active
506,17,267.2663,0.0018953020134228,3,sleeping
506,17,300.9596,0.0147610738255033,4,active
506,18,24.1458,0.0218744966442953,9,active
506,19,187.6232,0.0,2,empty
506,19,251.9534,0.0,2,empty
506,20,90.168,0.0042246085011185,0,active
506,20,236.8338,0.0097174496644295,0,active
506,20,264.1148,0.0005409395973154,0,sleeping
506,21,19.3248,0.012458836689038,2,active
506,21,267.6119,4.921700223713648e-06,0,sleeping
506,22,216.1663,0.0283478747203579,3,active
506,22,262.047,0.010217673378076,0,active
506,23,30.9649,0.0197868008948545,5,active
506,24,210.3569,0.0014979865771812,2,sleeping
506,25,225.1838,0.0127387024608501,0,active
506,25,321.0019,0.0087774049217002,1,active
506,26,90.4714,0.0039984340044742,6,active
506,27,7.7826,0.0004442953020134,6,sleeping
506,27,123.7814,0.0210002237136465,5,active
506,27,236.1686,0.022193288590604,1,active
506,28,100.1256,6.532438478747204e-05,0,sleeping
506,29,82.6299,0.0003946308724832,14,sleeping
506,30,81.9304,0.0,0,empty
506,30,281.7153,0.0556181208053691,6,active
506,31,69.8712,0.0408049217002237,8,active
506,31,85.6367,0.0050387024608501,0,active
506,31,128.092,0.045276062639821,5,active
506,31,307.7693,0.0175711409395973,3,active
506,32,219.8794,0.0012020134228187,12,sleeping
506,33,245.4254,7.158836689038031e-06,5,sleeping
506,34,66.5921,0.0105033557046979,0,active
506,34,305.3374,0.0094252796420581,4,active
506,34,349.9414,0.0238923937360178,5,active
506,35,108.6353,0.0088400447427293,8,active
506,35,218.7574,0.0036469798657718,4,sleeping
506,35,261.7785,0.0036979865771812,0,sleeping
506,36,216.7227,0.0140619686800894,0,active
506,36,348.7308,0.0072738255033557,4,active
506,36,355.4131,0.0042545861297539,0,active
506,37,158.5095,0.0117514541387024,2,active
506,38,264.1442,0.0002275167785234,0,sleeping
506,38,318.7403,1.789709172259508e-05,0,sleeping
506,39,41.0679,0.0347644295302013,9,active
506,39,306.6789,0.0018702460850111,4,sleeping
506,40,16.5797,0.0068928411633109,0,active
506,41,173.8192,0.0029510067114093,5,sleeping
506,43,38.6071,0.0012409395973154,5,sleeping
506,45,253.3337,0.000186577181208,4,sleeping
506,46,70.2621,0.0003149888143176,1,sleeping
506,46,184.9582,0.0015747203579418,8,sleeping
506,46,235.2301,0.0024055928411633,0,sleeping
506,46,297.5361,0.0029713646532438,11,sleeping
506,47,133.1627,0.0129926174496644,6,active
506,55,165.5213,0.0002689038031319,5,sleeping
506,55,245.6099,8.366890380313198e-05,4,sleeping
506,56,38.8885,0.008497091722595,4,active
506,56,87.6757,0.0431532438478747,0,active
506,57,337.8277,0.0,9,empty
506,58,264.4298,0.0,5,empty
506,58,311.1523,0.0097078299776286,8,active
506,59,191.1965,4.720357941834452e-05,11,sleeping
506,59,312.2756,0.0020460850111856,13,sleeping
506,59,319.4015,0.0178212527964205,9,active
506,60,73.7434,0.0214116331096196,5,active
506,63,172.9791,0.0112024608501118,9,active
506,63,211.9261,0.0177465324384787,11,active
506,64,337.2445,0.0008302013422818,8,sleeping
506,65,165.5321,0.0021026845637583,7,sleeping
506,66,49.7166,0.0001914988814317,8,sleeping
508,8,138.4566,0.0013977628635346,6,sleeping
508,15,150.6512,0.0045791946308724,12,active
508,17,39.0112,0.0024863534675615,13,sleeping
508,17,352.8935,7.382550335570472e-06,2,sleeping
508,18,26.7796,1.0514541387024608e-05,6,sleeping
508,19,36.1124,0.0080586129753915,8,active
508,19,156.6398,2.684563758389261e-05,5,sleeping
508,20,42.207,0.0053125279642058,8,active
508,20,56.3244,0.0052979865771812,11,active
508,27,284.7245,2.393736017897092e-05,8,sleeping
508,35,229.2533,0.0056436241610738,7,active
508,35,251.464,0.0166299776286353,16,active
508,36,308.9427,0.024086577181208,14,active
508,38,171.5145,0.0001118568232662,0,sleeping
508,38,236.2109,0.0,0,sleeping
508,38,338.5931,0.0038261744966442,0,active
508,39,37.6753,0.0035161073825503,8,sleeping
508,39,333.0078,0.004265995525727,0,active
508,40,29.5857,0.0162648769574944,1,active
508,40,231.349,0.0033776286353467,0,sleeping
508,41,127.9672,0.0003246085011185,1,sleeping
508,41,178.6543,0.0101510067114093,13,active
508,41,227.8526,0.0022628635346756,2,sleeping
508,49,206.1188,0.0008331096196868,15,sleeping
508,53,325.9499,0.0069393736017897,5,active
508,54,174.6246,0.0017040268456375,15,sleeping
508,55,193.7907,1.185682326621924e-05,3,sleeping
508,55,261.2068,0.0010496644295302,5,sleeping
508,55,276.6567,0.0028127516778523,3,sleeping
508,56,97.9701,0.000128187919463,0,sleeping
508,56,205.3782,0.0011225950782997,9,sleeping
508,56,321.7549,0.0134498881431767,9,active
508,57,80.636,0.003489932885906,0,sleeping
508,57,157.0678,0.0007581655480984,2,sleeping
508,57,177.8068,0.0086485458612975,12,active
508,58,16.3948,0.0006266219239373,1,sleeping
508,58,107.6413,0.0004192393736017,7,sleeping
508,58,206.5885,0.0025619686800894,7,sleeping
508,58,232.8939,0.0083098434004474,4,active
508,59,117.4385,0.0015917225950782,5,sleeping
508,60,162.1456,0.0003519015659955,11,sleeping
508,60,287.0473,0.000745413870246,10,sleeping
508,73,311.7267,0.0001586129753914,11,sleeping
508,78,117.2818,0.0202637583892617,10,active
508,79,273.8625,0.0073489932885906,13,active
508,80,284.072,0.0181089485458612,11,active
508,80,287.7961,0.0276805369127516,3,active
508,80,328.3219,0.0023064876957494,15,sleeping
508,81,1.5658,0.0120729306487695,4,active
508,81,16.0537,0.0063874720357941,0,active
508,82,0.4085,0.0096914988814317,0,active
508,82,186.6466,9.395973154362418e-06,3,sleeping
508,82,289.2641,2.9977628635346755e-05,9,sleeping
508,83,305.4499,9.619686800894856e-06,1,sleeping
508,83,324.1159,0.0008870246085011,4,sleeping
509,1,60.1847,5.1454138702460855e-06,0,sleeping
509,2,114.1574,5.369127516778524e-05,10,sleeping
509,3,8.9418,0.0236015659955257,0,active
509,3,73.102,0.0062006711409395,2,active
509,4,196.6153,0.0107147651006711,6,active
509,4,325.121,0.0020736017897091,0,sleeping
509,5,85.0201,1.2304250559284115e-05,4,sleeping
509,5,326.1168,0.0006507829977628,4,sleeping
509,6,94.6845,0.0001165548098434,3,sleeping
510,0,81.8448,0.0122340044742729,11,active
510,0,210.6163,0.0105686800894854,2,active
510,0,254.3373,0.011958836689038,2,active
510,1,82.0983,0.0148172259507829,6,active
510,1,204.7286,0.0011615212527964,7,sleeping
510,1,252.9985,0.0044691275167785,8,active
510,2,53.8063,1.1185682326621925e-06,1,sleeping
510,2,76.8382,0.043931096196868,1,active
510,2,338.1492,0.0214093959731543,12,active
510,3,82.8943,7.38255033557047e-06,0,sleeping
510,3,116.9571,0.0070668903803131,5,active
510,3,291.8386,0.0084756152125279,5,active
510,3,357.6569,0.0023829977628635,0,sleeping
510,4,46.3881,0.0080478747203579,14,active
510,5,101.3452,2.237136465324385e-06,1,sleeping
510,5,147.3732,0.0003295302013422,0,sleeping
510,5,213.9606,0.0171570469798657,9,active
510,6,285.6983,0.0001129753914988,10,sleeping
510,13,331.9813,0.0023628635346756,7,sleeping
510,14,212.9894,0.0011505592841163,17,sleeping
510,15,55.1483,0.0019823266219239,17,sleeping
510,15,105.5671,0.0022136465324384,6,sleeping
510,15,200.1654,0.0133633109619686,18,active
510,15,317.1448,0.0,0,empty
510,16,103.4725,0.0,0,empty
510,16,323.2669,0.0073026845637583,0,active
511,0,82.6731,0.0210055928411633,3,active
511,0,92.8122,0.0128984340044742,4,active
511,0,197.8947,0.002693288590604,1,sleeping
511,0,313.6027,0.0016257270693512,0,sleeping
511,0,326.7029,0.0221653243847874,0,active
511,1,5.7929,0.0115008948545861,9,active
511,1,39.9473,0.0159713646532438,3,active
511,1,124.6493,0.0047248322147651,1,active
511,2,341.7529,0.0383984340044742,0,active
511,3,169.2103,0.018789932885906,7,active
511,3,280.3249,0.0082639821029082,0,active
511,3,343.8366,0.0157823266219239,7,active
511,6,225.2839,0.0084738255033557,0,active
511,7,138.9898,0.0007489932885906,4,sleeping
511,9,26.2998,2.237136465324385e-07,0,empty
511,9,157.69,0.0140022371364653,1,active
511,9,219.6791,2.237136465324385e-07,2,empty
511,10,11.0016,6.711409395973154e-07,3,empty
511,10,53.7497,0.002007158836689,0,sleeping
511,10,80.9039,0.0020599552572706,4,sleeping
511,10,115.4032,0.0064762863534675,7,active
511,10,282.5483,0.0216859060402684,4,active
511,11,329.8785,0.0090344519015659,0,active
511,12,90.95,0.0047308724832214,0,active
511,12,185.9541,0.0220601789709172,7,active
511,12,223.1411,0.0130859060402684,7,active
511,12,269.2517,0.0136917225950783,0,active
511,12,354.6378,0.017421029082774,0,active
512,0,179.0339,0.0001270693512304,0,sleeping
512,0,211.1188,0.0065261744966442,12,active
512,0,239.5356,0.0173568232662192,11,active
512,1,86.0674,0.0014096196868008,1,sleeping
512,1,103.1077,0.0216261744966442,5,active
512,1,251.184,0.0035695749440715,8,sleeping
512,2,34.1861,0.01192774049217,3,active
512,2,77.8879,0.0212550335570469,12,active
512,2,114.5105,0.0162181208053691,0,active
512,2,252.9994,0.0293709172259507,15,active
512,3,166.7056,0.0099418344519015,11,active
512,3,247.1299,0.0095093959731543,7,active
512,4,99.6604,0.033669351230425,6,active
512,4,163.3155,0.0322926174496644,5,active
512,4,177.5614,0.0166507829977628,3,active
512,5,66.7192,0.0155436241610738,5,active
512,5,144.3552,0.0009740492170022,0,sleeping
512,5,242.3277,0.0198608501118568,8,active
512,5,266.0414,0.0114695749440715,0,active
512,6,192.5586,0.0243986577181208,1,active
512,7,61.111,0.0296089485458612,3,active
512,7,136.3927,0.0283293064876957,7,active
512,7,313.7583,0.0070306487695749,0,active
512,8,74.5065,0.0120335570469798,10,active
512,8,194.6951,0.0104510067114093,5,active
512,10,161.5828,0.0175002237136465,0,active
512,10,203.3584,0.0099181208053691,10,active
512,10,307.0759,0.0020261744966442,4,sleeping
512,10,332.833,0.0038944071588366,5,active
512,11,84.9282,0.0045523489932885,9,active
512,12,201.8243,5.816554809843401e-06,2,sleeping
512,13,67.6837,0.0020610738255033,2,sleeping
512,14,195.8241,0.0001590604026845,5,sleeping
512,23,340.8187,0.0121337807606263,2,active
512,24,79.1601,0.0136823266219239,6,active
512,25,79.8697,2.9753914988814324e-05,0,sleeping
512,25,239.9937,6.97986577181208e-05,0,sleeping
512,34,19.4261,3.512304250559284e-05,1,sleeping
512,34,226.4752,0.0016961968680089,2,sleeping
512,35,51.1419,0.005996644295302,4,active
512,35,174.0603,0.0191123042505592,11,active
512,35,266.5997,0.0026129753914988,3,sleeping
512,36,83.262,0.0029552572706935,5,sleeping
512,36,197.9874,0.0274400447427293,2,active
512,36,345.2146,0.0210671140939597,4,active
512,37,185.566,0.0004912751677852,7,sleeping
512,45,216.8327,0.0012407158836689,3,sleeping
512,45,348.5809,0.0007375838926174,10,sleeping
512,46,20.7719,0.0028107382550335,5,sleeping
512,53,55.5271,0.0073100671140939,14,active
512,55,159.4075,0.0021756152125279,12,sleeping
512,56,39.2474,0.0029319910514541,4,sleeping
512,56,101.4183,0.0059563758389261,0,active
512,57,48.6165,8.948545861297539e-07,3,sleeping
512,57,211.042,0.0029268456375838,8,sleeping
512,57,252.386,0.0174042505592841,2,active
512,57,257.1586,0.0175402684563758,3,active
512,57,349.3863,0.0006123042505592,0,sleeping
512,58,7.7238,5.145413870246085e-05,1,sleeping
512,58,75.2214,0.0154519015659955,1,active
512,58,105.7249,0.0253586129753915,10,active
512,58,151.1462,0.0154532438478747,0,active
512,58,251.6947,0.0095333333333333,7,active
512,59,2.9889,0.0161013422818791,12,active
512,59,172.6703,0.0214069351230425,8,active
512,59,330.4493,0.0118789709172259,3,active
512,60,143.0907,0.0228304250559284,2,active
512,60,306.4556,0.0022847874720357,0,sleeping
512,61,323.8126,0.0366807606263982,2,active
512,61,350.5201,0.0290078299776286,0,active
512,62,115.2502,0.0251653243847874,5,active
512,66,215.4207,0.0005156599552572,3,sleeping
512,85,82.3964,0.013848322147651,1,active
512,86,94.7659,0.0032393736017897,9,sleeping
512,86,203.7507,0.0053604026845637,6,active
512,87,110.2742,0.0047199105145413,14,active
512,87,168.7107,0.0183852348993288,10,active
512,87,343.0925,6.935123042505594e-06,0,sleeping
512,88,59.9795,9.395973154362418e-06,7,sleeping
512,88,99.8849,0.0137838926174496,1,active
512,88,256.9741,0.0164704697986577,12,active
512,88,274.3873,0.046603803131991,3,active
512,89,28.1776,0.0045706935123042,6,active
512,89,66.2059,0.0324926174496644,0,active
512,89,110.7797,0.0296029082774049,2,active
512,90,29.9219,3.131991051454139e-06,0,sleeping
512,90,76.0341,0.0009586129753914,13,sleeping
512,90,205.6223,0.008842058165548,13,active
512,90,264.4086,0.0011729306487695,4,sleeping
512,91,25.2777,0.0102944071588366,0,active
512,91,210.3623,1.5659955257270697e-06,0,sleeping
512,91,224.9336,0.0054841163310961,9,active
512,91,229.8851,0.0147720357941834,11,active
512,91,307.7481,0.0037957494407158,0,active
512,91,352.631,5.369127516778524e-06,0,sleeping
512,92,110.5039,4.47427293064877e-07,0,sleeping
512,92,202.4922,0.0114073825503355,0,active
512,92,260.9433,0.001959284116331,0,sleeping
512,92,349.3253,0.0178060402684563,8,active
512,93,254.141,1.7449664429530202e-05,0,sleeping
512,94,268.2179,0.0004098434004474,0,sleeping
512,96,249.144,0.001038255033557,2,sleeping
512,97,2.7612,0.0028069351230425,0,sleeping
512,97,85.4417,0.032186577181208,1,active
512,97,240.3315,0.0002011185682326,0,sleeping
512,97,271.1748,0.0029785234899328,8,sleeping
512,98,342.0697,0.0009912751677852,11,sleeping
512,99,70.2197,0.0017035794183445,4,sleeping
512,99,151.6745,0.0020369127516778,1,sleeping
512,104,223.8903,6.39821029082774e-05,8,sleeping
512,105,24.5185,0.0014440715883668,1,sleeping
512,105,305.5108,3.48993288590604e-05,0,sleeping
512,107,227.6555,3.176733780760627e-05,9,sleeping
512,109,344.5492,4.026845637583893e-06,0,sleeping
512,110,171.8885,0.0013353467561521,12,sleeping
512,112,111.8752,0.0,0,sleeping
512,112,313.267,0.0,2,empty
512,112,332.1825,0.0039774049217002,12,active
512,113,168.6568,0.0,0,empty
512,113,196.1784,0.0,0,empty
512,113,287.4776,0.0,2,empty
513,11,219.58,0.0029259507829977,6,sleeping
513,16,266.5212,2.6845637583892617e-06,8,sleeping
513,17,56.6553,0.0038317673378076,12,active
513,17,127.3093,0.006269351230425,5,active
513,17,172.0011,0.0101442953020134,12,active
513,17,173.6601,0.0118818791946308,12,active
513,17,227.7734,0.0031590604026845,9,sleeping
513,21,47.2505,4.47427293064877e-07,4,sleeping
513,21,245.5415,9.642058165548098e-05,13,sleeping
513,26,142.525,0.0044872483221476,0,active
513,27,6.8186,0.0035668903803131,11,sleeping
513,27,156.4573,0.0001572706935123,5,sleeping
513,28,54.9363,0.0057711409395973,13,active
513,28,257.0172,0.0136089485458612,11,active
513,30,123.8179,0.0002046979865771,4,sleeping
513,30,132.2173,0.0021302013422818,6,sleeping
513,31,27.6234,0.0012149888143176,5,sleeping
513,40,69.3417,0.0100838926174496,12,active
513,40,350.1481,1.3422818791946309e-06,0,empty
513,42,71.475,6.711409395973154e-07,6,sleeping
513,42,111.9189,0.0135800894854586,12,active
513,42,272.1293,0.0,8,empty
513,43,57.594,0.0012847874720357,8,sleeping
513,43,85.9799,0.0028771812080536,12,sleeping
513,43,124.0098,0.0075845637583892,4,active
513,43,130.7142,0.0140536912751677,11,active
513,43,188.4618,0.0058742729306487,4,active
513,44,49.6086,8.277404921700225e-06,6,sleeping
513,45,111.6013,0.0014894854586129,3,sleeping
513,45,222.9085,0.0013082774049217,7,sleeping
513,46,315.7978,0.0055456375838926,3,active
513,48,174.3366,0.0004147651006711,3,sleeping
513,49,69.4106,0.0010022371364653,0,sleeping
513,49,209.6329,0.0002255033557046,2,sleeping
513,49,327.3388,0.0014049217002237,8,sleeping
513,50,76.9913,4.697986577181208e-06,6,sleeping
513,51,28.0634,0.0,2,empty
513,51,69.5139,0.0021017897091722,2,sleeping
513,51,146.3494,0.0011087248322147,2,sleeping
513,51,160.4067,0.0044642058165548,3,active
513,51,186.0231,0.0068988814317673,6,active
513,52,4.3896,0.0148950782997762,1,active
513,52,110.9944,0.0026908277404921,12,sleeping
513,52,192.0962,9.865771812080538e-05,6,sleeping
513,53,341.0457,0.0,1,empty
513,54,93.5886,0.0,0,empty
513,54,124.1081,0.0,0,empty
513,54,144.8212,0.0112080536912751,0,active
513,54,189.0831,2.237136465324385e-07,0,empty
513,54,348.4369,0.0052756152125279,1,active
513,55,144.2929,0.0,3,empty
513,55,202.7732,0.0093673378076062,4,active
513,55,304.2763,0.0131731543624161,0,active
513,56,78.3823,0.0046064876957494,0,active
513,56,112.5825,0.0092438478747203,12,active
513,56,168.3884,0.0136883668903803,5,active
513,56,316.2144,0.0036409395973154,0,sleeping
513,57,131.1326,7.38255033557047e-06,0,sleeping
513,57,169.4158,0.0058346756152125,6,active
513,57,177.4904,0.0240228187919463,0,active
513,58,113.4418,0.0143400447427293,6,active
513,58,254.6284,0.0063239373601789,1,active
513,58,263.3186,0.0092736017897091,7,active
513,58,282.574,0.0076324384787472,0,active
513,59,118.4793,0.0077897091722595,3,active
513,60,226.6339,7.606263982102909e-06,3,sleeping
513,60,289.0346,0.0007134228187919,1,sleeping
513,60,321.7901,8.724832214765101e-06,0,sleeping
513,62,247.1966,2.237136465324385e-07,0,sleeping
513,62,312.4417,0.0002847874720357,0,sleeping
513,62,337.6925,0.0064183445190156,0,active
513,63,169.5384,0.0096185682326621,9,active
513,63,304.5156,0.0116720357941834,6,active
513,64,19.9984,0.0108651006711409,1,active
513,64,160.0994,0.0208700223713646,6,active
513,64,250.3319,0.003997091722595,0,active
513,64,331.1782,0.0155729306487695,2,active
513,65,4.5783,0.0151583892617449,4,active
513,65,346.6275,7.606263982102911e-06,0,sleeping
513,65,352.8972,0.0057064876957494,4,active
513,66,116.4519,0.0025881431767337,10,sleeping
513,66,158.1753,0.0140733780760626,8,active
513,66,237.3959,0.0090550335570469,2,active
513,67,104.884,0.0198695749440715,12,active
513,67,143.0125,0.0092391498881431,0,active
513,67,213.1089,0.0115563758389261,1,active
513,68,74.5256,0.0214680089485458,1,active
513,69,83.339,0.003310514541387,0,sleeping
513,69,128.2349,0.0084270693512304,5,active
513,69,241.6184,0.0039894854586129,1,active
513,69,300.3918,0.0090404921700223,0,active
513,69,350.117,0.0077250559284116,3,active
513,70,208.0238,0.0167290827740492,5,active
513,70,281.7272,0.0094257270693512,0,active
513,70,316.0932,0.0004051454138702,1,sleeping
513,70,343.2037,0.0001653243847874,0,sleeping
513,71,65.091,0.0085961968680089,3,active
513,71,256.6549,0.0157404921700223,0,active
513,71,346.6752,0.0129883668903803,3,active
513,72,250.8942,0.0022064876957494,8,sleeping
513,73,55.3743,0.0009597315436241,0,sleeping
513,73,147.8722,0.0016953020134228,0,sleeping
513,80,86.5858,0.0006778523489932,9,sleeping
513,83,27.0801,0.0019295302013422,8,sleeping
513,83,190.8238,1.1185682326621925e-05,0,sleeping
513,88,144.451,0.0008805369127516,14,sleeping
513,88,206.3223,0.0046230425055928,5,active
513,89,311.1738,0.011917673378076,14,active
513,91,279.0129,0.0035979865771812,13,sleeping
513,92,13.5841,0.0056894854586129,13,active
513,92,110.015,0.0154136465324384,4,active
513,92,187.3846,0.0168612975391498,4,active
513,92,229.2782,0.0057387024608501,0,active
513,92,251.9569,0.0086076062639821,1,active
513,93,248.2659,0.0,0,empty
513,93,262.1731,0.0070516778523489,1,active
513,94,43.6204,0.0395633109619686,3,active
513,94,193.7021,0.0288246085011185,0,active
513,95,2.672,0.009113870246085,0,active
513,95,35.8385,0.0,0,empty
513,95,70.086,0.0120098434004474,0,active
513,95,100.4756,0.0459749440715883,1,active
513,95,214.8027,0.0324736017897091,6,active
513,95,302.2589,0.0142069351230425,9,active
513,96,52.7411,0.0039237136465324,6,active
513,96,174.6692,8.948545861297539e-07,0,sleeping
513,96,235.0618,0.0125261744966442,3,active
513,96,347.212,0.0096767337807606,2,active
513,97,153.5826,7.606263982102909e-06,3,sleeping
513,97,166.4619,0.0039134228187919,4,active
513,97,190.8269,0.0080926174496644,0,active
513,97,204.082,0.0284836689038031,4,active
513,97,239.8836,0.0324671140939597,0,active
513,97,274.469,0.0227131991051454,0,active
513,98,169.0927,0.0080393736017897,5,active
513,98,193.1406,0.0103501118568232,11,active
513,98,223.059,0.0081355704697986,0,active
513,98,260.7358,0.0054013422818791,1,active
513,99,100.9022,0.0124434004474272,4,active
513,99,182.0946,0.0112404921700223,0,active
513,100,7.2746,1.3422818791946309e-06,0,sleeping
513,100,90.0364,0.0078313199105145,0,active
513,100,144.8341,0.0062201342281879,3,active
513,100,194.998,0.0357671140939597,0,active
513,100,346.4865,0.0244053691275167,2,active
513,101,50.64,0.014996644295302,3,active
513,101,316.5829,0.0059635346756152,3,active
513,102,133.0507,0.0003046979865771,1,sleeping
513,102,341.071,0.0047152125279642,12,active
513,103,93.3595,0.004872706935123,2,active
513,103,147.4553,0.0002590604026845,2,sleeping
513,103,159.2256,0.0073888143176733,0,active
513,103,327.5306,0.0027286353467561,1,sleeping
513,104,27.6969,5.950782997762864e-05,0,sleeping
513,104,88.5285,6.711409395973154e-05,0,sleeping
513,104,166.466,0.0001357941834451,2,sleeping
513,105,6.0023,0.0025914988814317,3,sleeping
513,105,28.3205,0.0079995525727069,1,active
513,105,63.5172,0.0099910514541387,0,active
513,105,239.5198,0.0133923937360178,0,active
513,105,276.572,0.0105445190156599,0,active
513,105,339.9697,0.0065364653243847,0,active
513,106,1.4377,0.011607158836689,0,active
513,107,15.1585,0.0029747203579418,4,sleeping
513,107,220.0372,2.371364653243848e-05,0,sleeping
513,108,145.6596,0.0002986577181208,0,sleeping
513,108,214.7367,0.0025926174496644,0,sleeping
513,125,119.883,0.0099574944071588,9,active
513,125,266.6857,0.0007342281879194,0,sleeping
513,126,86.5466,0.0033131991051454,13,sleeping
513,126,213.7251,1.0961968680089487e-05,1,sleeping
513,127,273.7362,0.0003413870246085,9,sleeping
513,128,178.0434,0.0013174496644295,7,sleeping
513,129,41.6199,0.0023060402684563,8,sleeping
513,129,106.1102,0.0051624161073825,6,active
513,130,200.5683,3.7583892617449664e-05,4,sleeping
513,136,306.2793,0.0,0,empty
513,137,258.003,0.0078100671140939,8,active
513,137,329.0797,0.0090248322147651,0,active
513,138,90.6831,0.0009299776286353,0,sleeping
513,138,111.7755,6.711409395973154e-07,0,empty
513,138,135.7563,0.0112997762863534,0,active
513,138,243.4579,0.0,0,empty
513,139,190.4175,0.0070456375838926,10,active
513,139,209.3479,0.0113523489932885,0,active
513,140,37.9167,2.662192393736018e-05,0,sleeping
513,140,96.7768,1.0290827740492173e-05,0,sleeping
513,140,152.2406,1.7225950782997762e-05,0,sleeping
513,141,21.1447,0.0072921700223713,2,active
513,141,247.821,0.0226821029082774,1,active
513,142,74.1754,0.0004031319910514,9,sleeping
513,142,109.7057,0.0012270693512304,3,sleeping
513,142,126.3234,0.0093263982102908,0,active
513,142,147.9799,0.0109751677852349,3,active
513,142,173.6756,0.0044335570469798,1,active
513,143,99.1697,0.0078082774049217,1,active
513,143,116.7843,0.0066742729306487,0,active
513,143,226.4754,0.0050156599552572,0,active
513,144,61.2365,0.0074192393736017,0,active
513,145,193.2551,0.0071178970917225,1,active
513,146,92.4007,0.0036519015659955,0,sleeping
513,146,181.1096,0.007262192393736,0,active
513,147,218.7125,0.0108903803131991,0,active
513,147,285.5012,0.0086304250559284,0,active
513,147,327.1819,0.002065548098434,0,sleeping
513,148,39.4535,0.0009167785234899,0,sleeping
513,149,119.4094,2.460850111856824e-06,0,sleeping
513,149,166.7979,0.0082543624161073,0,active
513,150,42.0403,0.0038807606263982,0,active
513,150,125.0118,0.0042642058165548,0,active
513,151,111.3393,4.8993288590604034e-05,0,sleeping
513,156,253.9215,4.1387024608501125e-05,8,sleeping
513,168,294.7322,0.003886577181208,13,active
513,171,31.5442,0.0,3,empty
513,171,246.1408,0.0,0,empty
513,172,21.6131,0.0,0,empty
513,172,67.9179,0.0123219239373601,5,active
513,172,201.2628,0.0,9,empty
513,172,270.4339,0.0005653243847874,2,sleeping
513,172,298.7222,0.0010252796420581,11,sleeping
513,173,70.7272,0.0092089485458612,9,active
513,173,96.5158,0.0148024608501118,11,active
513,173,266.4603,0.0019617449664429,7,sleeping
513,173,281.4037,0.0196648769574944,1,active
513,174,104.8853,0.0097366890380313,1,active
513,174,200.226,3.579418344519016e-06,6,sleeping
513,174,245.4444,1.2975391498881432e-05,3,sleeping
513,174,286.4194,4.47427293064877e-06,1,sleeping
513,175,111.6978,2.684563758389262e-06,1,sleeping
513,175,254.8973,0.0,6,sleeping
513,175,335.3979,0.0002950782997762,0,sleeping
513,176,32.4192,0.0069181208053691,1,active
513,176,296.7226,0.0018237136465324,5,sleeping
513,177,12.3858,0.0050268456375838,3,active
513,177,20.7993,0.0181704697986577,7,active
513,177,23.701,0.0177002237136465,12,active
513,177,215.2532,0.0035586129753914,2,sleeping
513,177,270.6049,0.0144366890380313,4,active
513,178,47.2423,0.0099662192393736,5,active
513,178,312.6778,0.0005234899328859,2,sleeping
513,179,30.3435,0.0008357941834451,5,sleeping
513,179,50.5704,0.0272469798657718,7,active
513,179,124.2099,1.5659955257270692e-06,0,empty
513,179,132.7568,0.0072991051454138,2,active
513,180,335.6089,0.0,5,empty
513,180,349.2485,0.0133053691275167,0,active
513,181,97.2715,0.0,0,empty
513,181,202.2431,0.0044574944071588,0,active
513,181,266.6483,0.0,8,empty
513,182,308.7835,0.0,3,sleeping
513,182,341.2654,4.832214765100671e-05,0,sleeping
513,183,82.9771,0.0008675615212527,1,sleeping
513,183,171.7692,0.0003046979865771,5,sleeping
513,184,17.341,0.0191671140939597,1,active
513,184,42.8138,0.0168474272930648,1,active
513,185,74.6796,0.0009731543624161,6,sleeping
513,185,136.813,0.0088429530201342,7,active
513,186,30.4429,0.0085214765100671,1,active
513,186,304.5864,0.0065568232662192,3,active
513,187,94.027,1.633109619686801e-05,2,sleeping
513,187,336.1164,0.0,3,sleeping
514,4,80.58,0.0031894854586129,10,sleeping
514,4,164.5874,0.0043988814317673,0,active
514,5,7.5671,0.0083051454138702,2,active
514,7,36.1766,0.0057346756152125,10,active
514,7,140.8319,1.4541387024608505e-05,2,sleeping
514,7,260.6214,0.0039174496644295,10,active
514,8,120.5301,0.0074212527964205,5,active
514,8,225.3613,0.0106257270693512,3,active
514,9,154.791,1.5659955257270692e-06,7,sleeping
514,9,322.7673,0.0045230425055928,4,active
514,10,55.6836,0.0034809843400447,8,sleeping
514,10,170.1708,0.0031046979865771,13,sleeping
514,11,113.7931,0.0027020134228187,10,sleeping
514,11,149.5947,0.0043519015659955,8,active
514,11,214.6151,0.0135434004474272,7,active
514,11,293.5536,0.0088984340044742,3,active
514,12,79.363,0.0011011185682326,6,sleeping
514,12,160.5269,0.0014127516778523,10,sleeping
514,13,57.1384,0.0034729306487695,7,sleeping
514,13,116.0266,4.47427293064877e-07,6,sleeping
514,13,178.3482,0.0051758389261744,14,active
514,14,64.6309,1.3422818791946309e-06,3,sleeping
514,14,182.0769,0.001445413870246,15,sleeping
514,14,269.6657,0.0009407158836689,4,sleeping
514,16,133.0852,0.0026782997762863,1,sleeping
515,0,118.9283,0.0009601789709172,7,empty
515,0,147.2688,0.0,0,empty
515,0,229.3214,1.3422818791946309e-06,10,sleeping
515,0,277.4545,2.237136465324385e-07,3,sleeping
515,0,332.4663,0.0022872483221476,10,sleeping
515,2,5.2487,9.843400447427292e-06,5,sleeping
515,2,333.134,1.364653243847875e-05,9,sleeping
515,6,268.1742,9.843400447427295e-06,12,sleeping
515,7,215.2136,0.0041516778523489,11,active
515,9,293.697,1.5212527964205818e-05,0,sleeping
515,10,125.8326,0.0034085011185682,8,sleeping
515,10,251.3314,4.47427293064877e-07,0,sleeping
515,11,85.3774,0.005486577181208,14,active
515,11,317.3602,0.0,7,sleeping
515,12,240.7643,0.0,7,empty
515,12,267.7066,0.0010709172259507,3,empty
515,12,302.1136,0.0025447427293064,0,sleeping
515,13,247.6743,0.0,1,empty
515,13,281.3837,0.0017997762863534,5,empty
515,14,256.5403,0.0,0,empty
515,14,333.7268,0.0,0,empty
515,15,34.1973,0.0115492170022371,1,active
515,15,117.1802,0.0130973154362416,0,active
515,16,290.1241,0.0036492170022371,1,sleeping
515,16,324.6592,0.0001145413870246,5,sleeping
515,17,333.358,2.237136465324385e-07,10,sleeping
515,18,130.2336,0.0016127516778523,7,sleeping
516,1,121.1376,0.0085747203579418,17,active
516,1,159.0899,6.353467561521253e-05,5,sleeping
516,1,175.6407,0.0150870246085011,3,active
516,1,257.614,4.876957494407159e-05,9,sleeping
516,1,324.5476,0.0058986577181208,5,active
516,2,73.37,0.0,2,sleeping
516,2,96.9553,2.237136465324385e-06,1,sleeping
516,2,119.4617,0.0012608501118568,0,sleeping
516,2,152.4958,0.0022718120805369,2,sleeping
516,3,78.5733,0.0109270693512304,16,active
516,3,342.8699,0.000279418344519,14,sleeping
516,4,73.2141,0.000341610738255,9,sleeping
516,4,90.2762,4.47427293064877e-07,3,sleeping
516,4,104.7109,0.0115767337807606,4,active
516,4,186.0328,0.0009302013422818,12,sleeping
516,4,320.5496,8.948545861297539e-07,0,sleeping
516,4,344.0478,2.6845637583892617e-06,3,sleeping
516,5,61.8516,1.3422818791946309e-06,11,sleeping
516,5,88.4559,0.0069814317673378,9,active
516,5,204.2364,8.948545861297539e-07,15,sleeping
516,5,259.4754,3.131991051454139e-06,5,sleeping
516,6,236.0842,0.0,0,empty
516,6,259.5879,0.0,0,empty
516,6,297.0349,2.237136465324385e-07,1,empty
516,7,34.2164,0.0,0,empty
516,7,129.4555,0.0,2,empty
516,7,295.5261,0.0,4,sleeping
516,8,68.0177,0.0042259507829977,4,active
516,8,252.9104,0.0072228187919463,3,active
516,9,125.8389,0.0018429530201342,11,sleeping
516,9,193.7544,0.0004977628635346,6,sleeping
517,0,249.0802,0.0023680089485458,6,sleeping
517,1,24.9518,2.6845637583892617e-06,11,sleeping
517,1,214.3424,3.355704697986578e-06,1,sleeping
517,1,238.1477,0.001421029082774,6,sleeping
517,2,36.9911,0.0022096196868008,12,sleeping
517,3,192.0116,1.9463087248322143e-05,3,sleeping
517,4,259.5403,2.9977628635346755e-05,1,sleeping
517,12,63.4994,0.0001295302013422,9,sleeping
517,13,288.9273,0.0008252796420581,12,sleeping
517,14,14.0162,0.003362639821029,0,sleeping
517,14,31.9558,0.0060926174496644,9,active
517,14,313.6429,1.45413870246085e-05,5,sleeping
517,15,42.3829,0.0045131991051454,1,active
517,15,102.6949,0.0239425055928411,2,active
517,15,287.2753,0.0015161073825503,10,sleeping
517,15,305.7779,0.0199908277404921,7,active
517,15,351.1562,0.0044053691275167,1,active
517,16,282.3788,0.0,1,empty
517,17,201.6612,0.0130733780760626,14,active
517,18,124.2266,0.0104127516778523,10,active
517,18,283.3246,0.0130563758389261,5,active
517,18,347.8203,0.0022762863534675,6,sleeping
517,19,69.2486,0.0052116331096196,6,active
517,19,202.0318,2.1700223713646528e-05,3,sleeping
517,20,30.5036,0.0037577181208053,9,sleeping
517,20,200.393,6.04026845637584e-06,0,sleeping
517,28,302.0564,0.0020458612975391,1,sleeping
517,29,275.3255,0.0041854586129753,6,active
517,30,28.2251,0.0035429530201342,14,sleeping
517,30,296.1234,0.0027917225950783,5,sleeping
517,31,201.3814,0.0003360178970917,4,sleeping
517,32,32.4871,5.369127516778524e-06,6,sleeping
517,32,357.9486,0.0001279642058165,0,sleeping
517,38,29.8765,0.0087953020134228,3,active
517,38,118.0545,3.5794183445190146e-05,5,sleeping
517,44,163.0172,0.0001552572706935,4,sleeping
517,44,298.5428,0.001648769574944,7,sleeping
517,45,173.6682,0.014186577181208,9,active
517,45,316.2071,0.0077718120805369,6,active
517,46,16.2323,0.0237275167785234,3,active
517,47,124.6025,0.0033749440715883,2,sleeping
517,47,258.4134,0.0195841163310961,5,active
517,47,321.5106,0.0176389261744966,2,active
517,57,310.9381,0.0018677852348993,8,sleeping
517,58,146.7262,0.0077957494407158,10,active
517,58,189.0756,0.0107205816554809,1,active
517,60,120.5843,0.0062501118568232,10,active
517,60,125.8819,0.0250689038031319,14,active
517,61,111.4721,0.0018393736017897,6,sleeping
517,61,280.2716,4.317673378076063e-05,7,sleeping
517,62,6.5155,0.0158897091722595,4,active
517,62,251.8046,0.0032756152125279,9,sleeping
517,63,66.1481,0.0010671140939597,7,sleeping
517,63,177.6881,0.0008172259507829,2,sleeping
517,63,208.4102,0.0075212527964205,6,active
517,78,297.0899,0.003503803131991,5,sleeping
517,79,35.5456,0.0038715883668903,2,active
517,79,354.1828,0.0047653243847874,4,active
517,81,157.2773,0.001131096196868,8,sleeping
517,81,286.4372,0.0003413870246085,10,sleeping
517,82,189.0944,1.4988814317673376e-05,4,sleeping
517,82,355.1804,1.2975391498881432e-05,0,sleeping
517,84,91.6585,2.460850111856824e-06,10,sleeping
517,84,185.361,4.697986577181209e-06,0,sleeping
517,85,173.8764,0.0012351230425055,1,sleeping
517,86,216.2816,0.0001192393736017,5,sleeping
517,86,284.8853,0.0037154362416107,11,sleeping
517,86,311.172,0.0064006711409395,10,active
517,87,336.0232,0.0074986577181208,8,active
517,89,148.7214,0.0,5,empty
517,90,64.8885,0.0024024608501118,12,sleeping
517,90,65.8601,0.0028771812080536,12,sleeping
517,90,104.0446,0.0253152125279642,3,active
517,90,242.0795,0.0007888143176733,0,sleeping
517,90,263.233,0.0022812080536912,8,sleeping
517,92,209.6147,0.0010123042505592,8,sleeping
517,93,59.0756,0.0037131991051454,12,sleeping
517,94,21.3542,0.0,0,empty
517,94,100.1869,0.0,0,empty
517,94,188.8198,0.0,0,empty
517,94,220.8154,0.0,1,empty
517,94,319.8328,0.0015610738255033,8,sleeping
517,95,116.5582,0.0186612975391498,3,active
517,95,137.3894,0.0234803131991051,5,active
517,95,343.4102,0.0031250559284116,11,sleeping
517,96,9.6414,0.003765548098434,12,active
517,96,208.765,0.0013053691275167,3,sleeping
517,97,179.2537,2.706935123042505e-05,5,sleeping
517,97,231.3423,0.00025548098434,8,sleeping
517,98,135.2859,1.56599552572707e-05,3,sleeping
517,105,256.1188,0.0075098434004474,10,active
517,106,171.321,9.619686800894858e-06,8,sleeping
517,106,226.5221,0.0073570469798657,7,active
517,108,77.1046,0.0,2,empty
517,110,158.4186,0.0060297539149888,0,active
517,111,202.6669,0.0063257270693512,1,active
517,111,233.3645,0.0086295302013422,2,active
517,112,171.7833,1.0961968680089486e-05,4,sleeping
517,112,328.6431,7.829977628635348e-06,6,sleeping
517,114,140.2484,1.5212527964205818e-05,8,sleeping
517,114,171.315,0.00221096196868,0,sleeping
517,114,179.1549,0.0136463087248322,0,active
517,115,82.9509,0.0161778523489932,2,active
517,115,179.1661,0.0080096196868008,5,active
517,116,189.4235,0.0,3,empty
517,116,254.7093,0.0019308724832214,5,sleeping
517,117,79.9385,0.0210140939597315,0,active
517,117,151.1193,0.0169816554809843,10,active
517,117,224.586,0.0211456375838926,6,active
517,117,279.4449,0.0,0,empty
517,118,22.465,0.0285313199105145,10,active
517,118,168.3127,0.0152973154362416,8,active
517,118,309.0508,0.0,5,empty
517,119,0.4742,0.028234899328859,0,active
517,119,15.4778,0.020044966442953,0,active
517,119,128.0228,0.0168022371364653,0,active
517,119,201.6208,0.0,3,empty
517,119,279.6334,0.0,4,empty
517,119,331.2092,0.011807158836689,0,active
517,120,18.359,0.009531096196868,4,active
517,120,299.1443,0.0,0,empty
517,121,2.8289,0.0023366890380313,3,empty
517,121,302.6922,0.0,0,empty
517,122,14.0444,0.0027639821029082,1,sleeping
517,122,27.0098,0.0156577181208053,5,active
517,122,113.5703,0.0123836689038031,11,active
517,122,199.0824,0.0009116331096196,3,sleeping
517,122,260.6321,0.0,0,empty
517,122,355.2362,0.0,0,empty
517,123,46.5101,0.0,0,empty
517,123,106.2246,0.0013498881431767,7,sleeping
517,123,136.2886,0.0120816554809843,7,active
517,123,240.9832,0.0012136465324384,0,sleeping
517,123,287.8948,0.007662192393736,6,active
517,124,10.7258,0.0038890380313199,10,active
517,124,48.8378,0.0038897091722595,3,active
517,124,95.4412,0.0041617449664429,8,active
517,124,217.5331,0.0051995525727069,8,active
517,125,46.4786,0.0,0,sleeping
517,125,57.4549,0.0051503355704697,5,active
517,125,188.6538,0.0,9,sleeping
517,125,200.8067,0.0104427293064876,9,active
517,125,257.4136,0.0033782997762863,1,sleeping
517,126,24.9882,0.0054418344519015,10,active
517,126,60.6592,0.0100843400447427,1,active
517,126,66.7035,0.0194044742729306,13,active
517,126,143.9786,0.0035930648769574,3,sleeping
517,126,230.5982,0.0120677852348993,1,active
517,126,334.8757,0.0008995525727069,1,sleeping
517,127,106.8344,4.47427293064877e-07,8,sleeping
517,128,90.143,0.0007228187919463,6,sleeping
517,128,202.3877,0.0062492170022371,0,active
517,129,59.6295,6.487695749440716e-06,1,sleeping
517,129,227.9385,4.921700223713648e-06,2,sleeping
517,129,256.0029,0.0054872483221476,15,active
517,129,285.8323,0.0107991051454138,3,active
517,130,40.3786,0.0008744966442953,1,sleeping
517,131,42.2881,0.0021689038031319,7,sleeping
517,131,255.9299,1.3422818791946309e-06,0,sleeping
517,136,176.6026,0.0020780760626398,12,sleeping
517,137,305.5477,0.0011796420581655,0,sleeping
517,138,111.1331,1.7897091722595078e-06,2,sleeping
517,138,266.4281,0.0019017897091722,6,sleeping
517,138,299.9464,0.0017409395973154,9,sleeping
517,139,174.8867,0.003417673378076,14,sleeping
517,139,185.7677,0.0025733780760626,1,sleeping
517,140,138.0316,8.94854586129754e-06,3,sleeping
517,141,81.7122,0.0017776286353467,18,sleeping
517,141,251.3254,0.0023445190156599,7,sleeping
517,143,207.9939,3.8031319910514536e-06,8,sleeping
517,143,280.224,0.0070753914988814,10,active
517,144,94.5077,2.61744966442953e-05,1,sleeping
517,157,222.6832,1.3870246085011188e-05,4,sleeping
517,159,39.2076,0.0091116331096196,5,active
517,159,148.3311,0.0085619686800894,1,active
517,160,241.0922,1.946308724832215e-05,12,sleeping
517,160,329.3345,2.460850111856824e-06,4,sleeping
517,161,118.3197,8.098434004474274e-05,1,sleeping
517,162,97.5389,1.3646532438478746e-05,4,sleeping
517,162,193.7407,0.0079868008948545,19,active
517,163,254.0528,0.0060581655480984,15,active
517,163,256.811,0.0134894854586129,15,active
517,163,339.1374,0.0016787472035794,8,sleeping
517,164,200.6719,0.0013776286353467,6,sleeping
517,164,352.1188,0.0006747203579418,3,sleeping
517,165,137.7595,0.0003129753914988,9,sleeping
517,166,145.0713,1.2975391498881432e-05,9,sleeping
517,167,274.3884,0.0001335570469798,7,sleeping
517,169,190.5062,3.31096196868009e-05,4,sleeping
517,170,161.9672,0.0009040268456375,13,sleeping
517,170,276.9272,0.0006223713646532,10,sleeping
517,171,122.691,0.0042418344519015,8,active
517,173,52.9387,0.0036404921700223,0,sleeping
517,174,58.663,0.004889932885906,2,active
517,174,313.5897,0.000448769574944,6,sleeping
517,175,35.5433,0.0016988814317673,1,sleeping
517,176,222.3919,0.0017302013422818,11,sleeping
517,177,102.8194,0.0002926174496644,6,sleeping
517,177,271.5917,0.0006373601789709,11,sleeping
517,177,310.0108,0.0027134228187919,2,sleeping
517,178,91.9241,0.0021885906040268,14,sleeping
517,178,230.3049,3.8031319910514553e-06,5,sleeping
517,179,17.2456,3.89261744966443e-05,4,sleeping
517,179,147.3321,2.5503355704697986e-05,12,sleeping
517,179,305.5312,0.0011527964205816,0,sleeping
517,180,75.2317,0.0012076062639821,5,sleeping
517,180,111.84,0.0051527964205816,2,active
517,180,299.8002,3.914988814317674e-05,1,sleeping
517,181,125.1269,2.393736017897092e-05,8,sleeping
517,181,281.8892,0.0001418344519015,6,sleeping
517,190,147.0227,0.0018565995525727,0,sleeping
517,190,209.9191,0.0028078299776286,10,sleeping
517,190,299.658,0.0013248322147651,7,sleeping
517,190,332.9647,0.0017612975391498,19,sleeping
517,191,118.6749,0.0012288590604026,12,sleeping
517,191,168.6126,0.0047977628635346,2,active
517,191,288.7818,0.0016342281879194,10,sleeping
517,192,129.1234,0.0,2,empty
517,192,180.2968,0.0018680089485458,0,sleeping
517,192,245.6679,0.001682774049217,9,sleeping
517,192,249.9636,0.0231789709172259,8,active
517,193,24.6787,0.0037389261744966,2,sleeping
517,193,121.5676,4.47427293064877e-07,4,sleeping
517,193,204.0647,2.237136465324385e-07,7,sleeping
517,193,349.8853,2.6845637583892617e-06,1,sleeping
517,194,114.3182,0.0037516778523489,11,sleeping
517,194,170.7246,0.0017436241610738,4,sleeping
517,195,92.1112,0.0058740492170022,3,active
517,195,265.0994,0.0062051454138702,6,active
518,0,279.1096,0.0138809843400447,13,active
518,0,294.1552,0.018407158836689,8,active
518,1,95.9259,0.0011577181208053,4,sleeping
518,1,136.6559,0.0028975391498881,4,sleeping
518,1,194.9042,0.0033152125279642,13,sleeping
518,1,276.8047,0.0,0,empty
518,1,284.4609,0.0105219239373601,2,active
518,2,19.9532,0.0,0,empty
518,2,162.4427,2.237136465324385e-07,0,empty
518,2,190.5426,0.0,1,empty
518,2,233.0578,0.0019478747203579,2,sleeping
518,2,321.9041,0.0045646532438478,15,active
518,3,101.7214,0.0042729306487695,10,active
518,3,335.9342,1.3422818791946309e-06,0,sleeping
518,4,54.2332,6.97986577181208e-05,0,sleeping
518,5,52.2655,4.138702460850112e-05,0,sleeping
518,5,82.1768,0.0,0,sleeping
518,5,106.659,0.0061346756152125,14,active
518,5,296.2345,5.369127516778524e-05,4,sleeping
518,5,334.079,0.0031156599552572,7,sleeping
518,6,48.1135,0.0035532438478747,6,sleeping
518,6,93.078,0.0028738255033557,13,sleeping
518,6,127.2973,0.0187156599552572,7,active
518,6,139.5051,0.0219785234899328,8,active
518,7,73.0673,5.816554809843401e-06,2,sleeping
518,7,109.8893,1.7897091722595078e-06,2,sleeping
518,7,123.3711,0.0026082774049217,1,sleeping
518,7,276.0346,0.0,2,sleeping
518,7,339.8667,0.002142058165548,2,sleeping
518,8,106.2327,0.0024393736017897,12,sleeping
518,8,196.2823,2.237136465324385e-07,0,sleeping
518,8,252.0946,0.0,0,sleeping
518,8,325.815,1.0290827740492173e-05,4,sleeping
518,9,27.1306,0.0,1,sleeping
518,9,39.0593,0.0088608501118568,3,active
518,9,100.2038,0.0028246085011185,11,sleeping
518,11,228.9637,0.0009035794183445,9,sleeping
518,13,98.4186,4.47427293064877e-07,0,sleeping
518,13,109.8519,0.0076304250559284,2,active
518,13,124.3842,0.0053836689038031,1,active
518,13,137.1405,0.0091118568232662,3,active
518,13,162.7519,0.0164604026845637,9,active
518,13,199.1426,0.0138718120805369,3,active
518,13,224.2669,0.0099355704697986,12,active
518,14,184.4317,0.0056492170022371,3,active
518,14,239.7485,0.0,0,empty
518,16,109.1113,0.0,0,empty
518,16,154.8586,0.0,0,empty
518,16,201.7972,0.0,0,sleeping
518,16,313.8747,0.0,1,empty
518,17,116.0226,0.008314317673378,0,active
518,17,236.176,0.0019599552572706,15,sleeping
518,20,67.8036,6.711409395973154e-07,0,sleeping
518,20,120.8892,0.0024306487695749,6,sleeping
518,20,147.2691,0.0089505592841163,1,active
518,20,167.3053,0.0075516778523489,1,active
518,20,358.0572,0.0035427293064876,0,sleeping
518,21,56.855,0.0044829977628635,5,active
518,22,96.7409,0.0016796420581655,9,sleeping
518,22,311.0094,0.0025505592841163,6,sleeping
518,23,48.5496,0.0119270693512304,6,active
518,23,200.5105,0.0044630872483221,5,active
518,23,282.4554,0.000410514541387,6,sleeping
519,0,211.8062,0.0041677852348993,1,active
519,1,197.7692,0.0107550335570469,4,active
519,2,150.0466,0.0074673378076062,13,active
519,2,254.8639,0.0,2,sleeping
519,2,336.6001,0.0039796420581655,10,active
519,3,253.4726,0.0023608501118568,8,sleeping
519,3,323.3141,0.0006053691275167,1,sleeping
519,4,55.004,0.0001541387024608,12,sleeping
519,5,230.3545,7.38255033557047e-06,6,sleeping
519,5,325.3479,0.0023863534675615,6,sleeping
519,6,193.4946,5.503355704697986e-05,10,sleeping
519,7,193.6055,1.8568232662192395e-05,7,sleeping
519,14,89.7825,3.60178970917226e-05,2,sleeping
519,14,268.4973,6.912751677852349e-05,6,sleeping
519,16,242.3874,0.0078,4,active
519,16,336.3968,0.0062534675615212,6,active
519,17,194.074,0.0002738255033557,5,sleeping
519,17,346.1932,0.0002087248322147,4,sleeping
519,19,96.8952,0.0001823266219239,5,sleeping
519,19,177.0271,0.0002297539149888,11,sleeping
519,19,249.0818,0.0059805369127516,6,active
519,19,357.8001,0.0038219239373601,0,active
519,23,291.537,0.000124384787472,8,sleeping
519,24,107.6869,0.0009232662192393,0,sleeping
519,27,209.1063,6.442953020134228e-05,4,sleeping
519,28,30.8502,7.67337807606264e-05,6,sleeping
519,28,262.8989,1.767337807606264e-05,6,sleeping
519,36,145.9283,0.0019706935123042,1,sleeping
519,36,261.2635,0.0068572706935123,6,active
519,37,14.2329,0.0099136465324384,11,active
519,37,229.7907,4.47427293064877e-07,6,sleeping
519,37,341.7891,0.0006272930648769,0,sleeping
519,38,189.3707,0.0267380313199105,16,active
519,38,317.5916,0.0179467561521252,5,active
519,39,34.1539,0.0132803131991051,15,active
519,39,35.8044,0.0193040268456375,23,active
519,39,156.2324,0.0123442953020134,3,active
519,39,263.4838,0.0150791946308724,12,active
519,41,51.2847,4.47427293064877e-06,0,sleeping
519,41,149.2575,0.002572706935123,5,sleeping
519,41,323.0235,5.1454138702460855e-06,0,sleeping
519,42,168.8595,1.3422818791946307e-05,0,sleeping
519,42,203.7549,0.0034344519015659,1,sleeping
519,43,48.2111,5.100671140939597e-05,5,sleeping
519,43,83.7563,0.0003548098434004,2,sleeping
519,55,73.4921,2.8187919463087248e-05,8,sleeping
519,55,228.0815,3.736017897091723e-05,15,sleeping
519,55,266.9958,0.0329818791946308,13,active
519,56,209.9784,0.0014328859060402,12,sleeping
519,56,279.6849,0.0027208053691275,0,sleeping
519,57,75.814,3.131991051454139e-06,5,sleeping
519,57,84.6866,0.0160740492170022,14,active
519,58,11.8111,0.0014230425055928,6,sleeping
519,58,41.9637,0.0166753914988814,6,active
519,58,105.2435,0.0062720357941834,7,active
519,58,163.5709,0.0041677852348993,2,active
519,58,208.6437,0.0032776286353467,0,sleeping
519,68,181.9453,7.0917225950783e-05,8,sleeping
519,78,235.057,0.0015181208053691,0,sleeping
519,78,267.7358,0.016748769574944,15,active
519,79,182.8351,0.0,5,empty
519,79,286.4541,0.0013930648769574,14,sleeping
519,80,20.0866,0.0192062639821029,4,active
519,80,147.0413,0.0084127516778523,16,active
519,80,172.3064,0.0169803131991051,4,active
519,80,296.7228,0.0147984340044742,6,active
519,80,320.5826,0.0075033557046979,7,active
519,80,335.2978,0.0229362416107382,5,active
519,82,41.406,4.47427293064877e-07,0,sleeping
519,82,111.7337,0.0001568232662192,4,sleeping
519,82,217.7454,0.0102986577181208,5,active
519,82,273.9567,0.0076539149888143,16,active
519,83,260.9305,3.3557046979865773e-06,4,sleeping
519,83,292.8008,0.0018968680089485,6,sleeping
519,84,27.5135,0.00178322147651,0,sleeping
519,84,212.2921,0.0002116331096196,8,sleeping
519,84,345.1045,0.0033704697986577,8,sleeping
519,85,161.0143,9.619686800894856e-06,3,sleeping
519,85,237.7806,0.0004436241610738,0,sleeping
519,87,179.4866,0.0029154362416107,8,sleeping
519,88,162.6295,0.0006512304250559,0,sleeping
519,88,219.185,0.0010006711409395,9,sleeping
519,90,92.3827,0.0017107382550335,0,sleeping
519,90,108.7767,0.0043183445190156,1,active
519,90,159.8025,0.0032682326621923,0,sleeping
519,90,199.4177,0.0019422818791946,10,sleeping
519,90,266.9963,0.0107979865771812,5,active
519,91,111.3062,0.012134899328859,0,active
519,92,76.8715,0.0018485458612975,3,sleeping
519,93,201.3786,3.13199105145414e-06,6,sleeping
519,96,34.4128,0.0043456375838926,5,active
519,96,150.815,2.6398210290827744e-05,6,sleeping
519,98,12.9742,0.0005742729306487,7,sleeping
519,98,140.9775,2.013422818791946e-06,18,sleeping
519,98,313.6572,0.0054378076062639,5,active
519,99,293.6918,0.0036519015659955,2,sleeping
519,100,171.5709,0.0019158836689038,0,sleeping
519,101,39.7834,0.0002217002237136,0,sleeping
519,101,80.3364,0.0106921700223713,7,active
519,110,156.621,0.0025255033557046,1,sleeping
519,110,250.0395,2.237136465324385e-07,8,sleeping
519,110,293.4353,0.004103803131991,3,active
519,111,234.3085,0.0,4,empty
519,111,316.7648,0.0012675615212527,10,sleeping
519,112,260.4536,0.0,0,empty
519,112,305.5781,0.0002069351230425,4,sleeping
519,113,23.1492,0.0004127516778523,0,empty
519,114,21.793,0.0,4,empty
519,114,69.8919,0.0005163310961968,6,sleeping
519,114,218.1432,0.0081167785234899,9,active
519,115,11.9458,6.711409395973154e-07,1,sleeping
519,115,208.7132,1.1185682326621925e-06,0,sleeping
519,116,38.9107,5.592841163310962e-06,9,sleeping
519,116,274.1987,0.0068337807606263,5,active
519,117,159.3593,0.0049351230425055,0,active
519,117,334.0737,1.3199105145413872e-05,0,sleeping
519,118,66.5543,0.0002393736017897,0,sleeping
519,118,296.4666,4.541387024608501e-05,2,sleeping
519,118,307.2916,0.005217673378076,11,active
519,119,146.1256,0.0049158836689038,11,active
519,119,161.7219,0.0040093959731543,7,active
519,119,268.423,0.004548769574944,3,active
519,120,210.7736,0.0,3,empty
519,120,347.224,0.0056758389261744,14,active
519,121,20.8389,0.0022154362416107,1,sleeping
519,121,166.8928,0.0012979865771812,11,sleeping
519,121,213.7767,0.0120389261744966,6,active
519,121,337.7534,0.0,0,empty
519,122,171.8035,0.0039684563758389,0,active
519,123,193.2795,0.0,3,empty
519,124,128.6705,0.0068657718120805,11,active
519,124,139.6125,0.0223995525727069,0,active
519,124,206.4056,0.0118246085011185,0,active
519,124,227.4629,0.011631543624161,0,active
519,125,55.0737,0.016314317673378,0,active
519,125,184.9795,0.0,0,empty
519,125,220.3662,0.0092181208053691,0,active
519,125,317.4265,0.0,0,empty
519,125,333.3015,0.0048872483221476,0,active
519,126,213.524,0.0,0,empty
519,126,260.0345,0.0090711409395973,0,active
519,126,295.2293,0.0079234899328859,3,active
519,127,2.7043,0.0147308724832214,0,active
519,127,22.7923,0.010231543624161,7,active
519,127,261.2674,0.0136664429530201,4,active
519,127,355.2111,0.0188346756152125,0,active
519,128,2.8431,0.0238011185682326,2,active
519,128,43.8392,0.0235890380313199,4,active
519,128,222.2601,0.0,1,empty
519,128,293.1191,0.0051319910514541,3,active
519,129,157.9712,0.0197463087248322,3,active
519,129,325.3687,0.0,2,empty
519,130,52.3531,0.0,0,empty
519,130,97.2449,0.0066346756152125,1,active
519,130,178.9066,0.0,0,empty
519,130,236.806,0.0,2,empty
519,130,255.2112,0.0032192393736017,0,sleeping
519,131,114.7761,0.0,0,empty
519,131,206.6205,0.0147744966442953,0,active
519,131,335.2397,0.0,0,empty
519,132,228.4805,0.0,0,empty
519,135,34.2134,0.0137993288590604,7,active
519,135,93.5152,0.0042657718120805,6,active
519,135,145.7283,0.008134899328859,0,active
519,135,287.9137,0.0119324384787472,0,active
519,135,315.5411,0.0301590604026845,2,active
519,136,153.0676,0.0066024608501118,5,active
519,136,247.182,0.0234149888143176,8,active
519,136,258.3143,0.0230559284116331,15,active
519,137,7.4944,0.0169829977628635,15,active
519,137,355.9968,0.0075369127516778,0,active
519,138,8.4067,0.0077941834451901,0,active
519,138,50.4707,0.0048695749440715,0,active
519,138,133.7111,0.0124192393736017,4,active
519,138,214.924,0.0077127516778523,7,active
519,139,18.6192,0.033945413870246,5,active
519,139,128.0613,0.0107691275167785,1,active
519,139,332.4412,0.0083203579418344,1,active
519,140,127.4486,0.0043879194630872,10,active
519,140,143.9734,0.0142299776286353,4,active
519,140,244.0352,0.0059751677852349,4,active
519,141,180.6242,0.003293736017897,1,sleeping
519,142,59.6915,0.0021046979865771,0,sleeping
519,142,222.9653,0.0138505592841163,7,active
519,143,101.8786,1.2080536912751678e-05,0,sleeping
519,143,120.8192,0.0112749440715883,2,active
519,143,127.8696,0.0195957494407158,9,active
519,144,161.2764,3.355704697986577e-05,0,sleeping
519,144,302.5567,0.0054525727069351,4,active
519,145,57.6153,0.0087812080536912,7,active
519,145,176.399,5.592841163310963e-06,0,sleeping
519,146,108.8627,7.38255033557047e-06,0,sleeping
519,146,220.1972,0.0045031319910514,12,active
519,147,235.8319,0.0320762863534675,2,active
519,148,139.5918,0.0059230425055928,5,active
519,149,17.7991,0.0017158836689038,2,sleeping
519,150,136.2174,1.0290827740492173e-05,1,sleeping
519,150,354.0459,0.0045035794183445,0,active
519,151,143.1912,0.0089756152125279,11,active
519,151,238.6339,0.0070552572706935,9,active
519,151,287.0471,0.0001740492170022,0,sleeping
519,152,58.2239,0.0099928411633109,14,active
519,152,173.6689,0.008896644295302,6,active
519,152,337.5863,0.0103530201342281,1,active
519,153,65.4329,0.0130639821029082,7,active
519,153,317.5961,0.0061360178970917,11,active
519,154,118.7761,0.003728187919463,1,sleeping
519,155,174.6428,0.0005055928411633,0,sleeping
519,164,135.6146,0.0001317673378076,7,sleeping
519,175,242.4709,9.597315436241612e-05,2,sleeping
519,176,267.4668,0.0052847874720357,15,active
519,176,294.0871,0.0111973154362416,5,active
519,177,151.5811,0.0003279642058165,10,sleeping
519,177,274.6082,8.948545861297539e-07,11,sleeping
519,177,289.2029,0.0138230425055928,1,active
519,187,317.1626,1.3422818791946309e-06,3,sleeping
519,187,350.81,0.0013125279642058,0,sleeping
519,188,107.1494,0.0089908277404921,13,active
519,189,0.7623,0.0185344519015659,16,active
519,189,338.7171,0.0002418344519015,1,sleeping
519,190,165.881,0.0023127516778523,23,sleeping
519,191,10.3193,0.0252208053691275,6,active
519,191,113.9122,0.0011771812080536,0,sleeping
519,191,313.9182,6.711409395973154e-07,4,sleeping
519,191,342.5882,0.0,2,sleeping
519,192,189.6993,6.711409395973154e-07,0,sleeping
519,192,260.9923,0.0011664429530201,12,sleeping
519,193,51.9308,0.0009800894854586,5,sleeping
519,193,151.0622,0.0013111856823266,14,sleeping
519,193,288.7843,0.0111290827740492,11,active
519,195,155.176,0.0061709172259507,0,active
519,195,193.7429,0.0127624161073825,5,active
519,197,34.3236,0.0014959731543624,0,sleeping
519,197,47.0434,0.0164680089485458,8,active
519,197,91.6949,0.0069058165548098,4,active
519,198,107.377,1.3422818791946309e-06,11,sleeping
519,200,311.9363,4.026845637583893e-06,16,sleeping
519,201,101.8471,0.0083644295302013,5,active
519,204,182.708,0.0,1,empty
519,204,237.2116,0.0060317673378076,13,active
519,205,93.1979,0.0020192393736017,9,sleeping
519,205,117.8031,0.0053425055928411,4,active
519,206,135.029,1.7897091722595078e-06,0,sleeping
519,206,293.3612,8.501118568232662e-06,0,sleeping
519,206,297.5982,0.0126505592841163,0,active
519,206,344.9464,0.0025418344519015,4,sleeping
520,0,202.9889,0.0,6,empty
520,1,145.4411,0.0002178970917225,0,empty
520,1,265.2792,0.0,0,sleeping
520,2,247.2789,4.47427293064877e-07,1,sleeping
520,3,5.8207,6.487695749440716e-06,0,sleeping
520,3,125.4421,0.0035384787472035,5,sleeping
520,3,282.0458,0.0015181208053691,0,sleeping
520,4,35.5728,7.158836689038031e-06,0,sleeping
520,4,182.8691,4.47427293064877e-07,2,sleeping
520,4,293.1477,0.0111872483221476,2,active
520,4,328.7084,0.013793288590604,14,active
520,5,168.6941,0.0028261744966442,14,sleeping
520,5,186.1898,0.0047789709172259,0,active
520,6,213.314,1.5659955257270697e-06,1,sleeping
520,13,265.7741,0.0207069351230425,2,active
520,14,345.4953,0.0158040268456375,0,active
521,0,77.3765,0.0007096196868008,8,sleeping
521,0,248.82,0.0002628635346756,5,sleeping
521,1,30.5708,0.0,4,sleeping
521,1,122.2116,0.0018440715883668,5,sleeping
521,1,182.0446,0.0015190156599552,16,sleeping
521,1,197.3006,0.0114583892617449,10,active
521,1,353.1144,0.0026221476510067,7,sleeping
521,2,8.4511,0.0083906040268456,0,active
521,2,159.9978,0.0070049217002237,2,active
521,3,58.9625,0.0115044742729306,17,active
521,3,84.3208,0.0146451901565995,1,active
521,3,103.5832,0.0170780760626398,0,active
521,4,70.8692,0.0125306487695749,5,active
521,5,159.0696,2.237136465324385e-07,9,sleeping
521,6,137.4369,0.0018306487695749,2,sleeping
521,6,211.8504,0.0112738255033557,2,active
521,7,290.9422,0.0115919463087248,5,active
521,7,316.8425,0.0078657718120805,3,active
521,8,311.0124,0.026610514541387,9,active
521,8,326.4351,0.0212568232662192,0,active
521,9,13.333,0.0178715883668903,0,active
521,9,228.4069,0.0105478747203579,8,active
521,10,117.5831,0.0013214765100671,0,sleeping
521,10,141.6167,0.0215715883668903,6,active
521,10,163.9114,0.0062796420581655,1,active
521,10,272.603,0.0193328859060402,5,active
521,12,97.0641,0.007803803131991,8,active
521,12,163.3287,0.0003091722595078,0,sleeping
521,13,24.462,0.0123881431767337,3,active
521,13,246.0321,0.0014194630872483,0,sleeping
521,15,48.5407,1.1409395973154363e-05,0,sleeping
521,16,302.0194,0.0086653243847874,6,active
521,17,85.524,0.0188393736017897,1,active
521,17,115.9546,0.0148196868008948,7,active
521,18,129.1853,0.0097411633109619,0,active
521,19,46.3947,0.0081993288590604,0,active
521,19,218.7304,4.004474272930648e-05,0,sleeping
521,20,107.8758,0.0067789709172259,2,active
521,20,129.2377,0.0084897091722595,0,active
521,20,337.1134,0.0039357941834451,6,active
521,20,344.2837,0.0139212527964205,3,active
521,29,356.4229,0.000372706935123,0,sleeping
521,38,197.6117,0.0280852348993288,3,active
521,45,250.2548,8.523489932885905e-05,4,sleeping
521,49,325.352,0.0,10,empty
521,50,106.8609,0.0026642058165548,0,sleeping
521,50,123.9752,0.0055901565995525,14,active
521,50,146.2145,0.0118523489932885,9,active
521,50,248.5848,0.0020252796420581,3,sleeping
521,50,290.2103,0.0055957494407158,18,active
521,51,106.9864,0.0030496644295302,3,sleeping
521,52,29.2294,0.0136015659955257,7,active
521,52,84.5724,0.0059458612975391,1,active
521,52,134.0752,2.9082774049217005e-06,2,sleeping
521,52,142.8194,0.0064657718120805,5,active
521,53,17.2572,0.0005241610738255,0,sleeping
521,53,33.373,0.0031391498881431,1,sleeping
521,53,202.8939,0.0035064876957494,0,sleeping
521,53,266.8874,0.0,1,sleeping
522,0,28.38,0.005282774049217,12,active
522,8,274.659,0.0012445190156599,2,sleeping
522,8,287.7462,0.0234570469798657,6,active
522,9,108.3261,0.0,0,empty
522,9,170.1442,0.0068492170022371,1,active
522,9,235.1794,0.0038393736017897,10,active
522,9,243.0148,0.0156199105145413,6,active
522,9,290.9956,0.0114617449664429,8,active
522,9,355.8507,0.0206364653243847,0,active
522,10,281.1305,0.0051691275167785,3,active
522,11,40.8274,2.237136465324385e-07,6,sleeping
522,11,131.1036,0.0203653243847874,11,active
522,12,211.1804,0.0190239373601789,10,active
522,12,341.8529,0.0032706935123042,4,sleeping
522,13,116.1792,0.0041859060402684,8,active
522,13,142.1192,0.019565548098434,6,active
525,0,19.1923,0.0162467561521252,11,active
525,0,222.7177,1.1633109619686804e-05,3,sleeping
525,1,224.9073,2.371364653243848e-05,13,sleeping
525,2,181.6922,0.0034834451901565,0,sleeping
525,3,218.3424,0.0081881431767337,3,active
525,3,250.0277,0.0,0,sleeping
525,4,97.8341,0.0059637583892617,4,active
525,4,173.4651,0.0,0,empty
525,4,194.5666,0.0064127516778523,0,active
525,4,270.409,0.0126923937360178,1,active
525,4,311.6385,0.0052208053691275,0,active
525,4,323.6663,0.0078422818791946,4,active
525,5,74.9678,0.0307237136465324,0,active
525,5,147.2839,0.023548769574944,2,active
525,6,200.8155,0.0,1,empty
525,6,226.1092,4.47427293064877e-07,0,empty
525,6,255.9651,0.0101091722595078,0,active
525,7,41.8112,0.010658836689038,6,active
525,7,70.1786,0.0098465324384787,0,active
525,7,258.0525,0.0220158836689038,1,active
525,8,60.6234,0.0088219239373601,1,active
525,8,275.9832,0.0056503355704697,5,active
525,8,330.3412,0.0051313199105145,0,active
525,9,291.0069,0.0069635346756152,12,active
525,10,190.8189,0.0110695749440715,9,active
525,10,250.5691,0.005113870246085,1,active
525,11,135.8236,7.38255033557047e-06,0,sleeping
525,11,183.0353,6.711409395973154e-07,1,sleeping
525,11,197.2586,0.0210362416107382,4,active
525,12,42.5038,0.0027407158836689,0,sleeping
525,12,73.4255,0.0083342281879194,18,active
525,12,213.6467,0.0198637583892617,4,active
525,13,136.6728,8.277404921700225e-06,0,sleeping
525,13,197.3704,0.0191194630872483,0,active
525,15,294.4146,0.0095279642058165,0,active
525,15,307.1271,0.0113729306487695,0,active
525,16,245.4224,0.0104953020134228,3,active
525,16,316.6846,0.0010447427293064,0,sleeping
525,16,324.6195,0.0108270693512304,1,active
526,0,12.6657,4.519015659955257e-05,4,sleeping
526,0,98.2759,0.0119062639821029,15,active
526,0,110.1995,0.0130812080536912,2,active
526,0,237.5451,0.0064825503355704,6,active
526,0,261.3993,0.0358355704697986,3,active
526,1,210.6134,0.0040427293064876,0,active
526,1,254.3668,0.0072885906040268,0,active
526,1,311.1061,0.0219008948545861,11,active
526,2,37.9445,0.020065548098434,3,active
526,2,114.7753,0.0054872483221476,4,active
526,3,18.4366,0.0,0,empty
526,3,299.0159,0.0027682326621923,0,sleeping
526,4,129.4381,0.0092062639821029,8,active
526,4,220.5919,0.004948322147651,0,active
526,5,1.3326,0.0017762863534675,4,sleeping
526,5,174.9385,4.161073825503356e-05,6,sleeping
526,5,197.701,1.7225950782997762e-05,3,sleeping
526,5,221.3621,8.277404921700225e-06,0,sleeping
526,6,143.4332,0.0083749440715883,0,active
526,6,210.9659,0.0140805369127516,4,active
526,6,227.3263,0.0192272930648769,1,active
526,7,154.5067,0.000638255033557,0,sleeping
526,7,178.6332,2.237136465324385e-07,0,sleeping
526,7,228.4517,0.0255780760626398,4,active
526,8,187.7448,0.0036183445190156,0,sleeping
526,9,17.3235,0.0,0,empty
526,9,106.898,0.0,0,empty
526,9,197.5686,0.0,0,empty
526,9,253.4045,0.0022548098434004,2,sleeping
526,10,98.3306,4.519015659955257e-05,0,sleeping
526,10,176.4966,0.0123237136465324,3,active
526,10,189.4879,0.0152136465324384,0,active
526,11,297.8312,0.0008550335570469,1,sleeping
526,11,329.4826,1.3422818791946309e-06,0,sleeping
526,12,1.6699,0.0062120805369127,0,active
526,12,46.5332,0.0,3,sleeping
526,12,116.9154,0.0068597315436241,0,active
526,12,179.3488,0.0015194630872483,0,sleeping
526,12,202.1176,0.0090583892617449,0,active
526,13,213.8083,0.0146791946308724,7,active
526,13,275.419,0.0247731543624161,2,active
526,14,142.6429,0.0114413870246085,0,active
526,14,171.5436,2.237136465324385e-07,0,sleeping
526,14,207.4204,0.0,0,sleeping
526,14,237.4605,4.47427293064877e-07,0,sleeping
526,15,34.8662,1.655480984340045e-05,0,sleeping
526,15,107.5487,3.8031319910514553e-06,0,sleeping
526,15,185.6381,5.1454138702460855e-06,0,sleeping
526,15,203.3784,0.0172651006711409,3,active
526,16,75.9926,5.838926174496645e-05,0,sleeping
526,16,203.9092,0.0,0,sleeping
526,16,227.6442,6.711409395973154e-07,0,sleeping
526,16,299.9498,0.0,0,sleeping
526,18,42.0328,0.0197060402684563,3,active
526,18,80.0041,0.0062514541387024,0,active
526,18,352.6227,0.009362192393736,3,active
526,19,188.1241,0.0104279642058165,0,active
526,19,304.4049,0.0,0,empty
526,20,28.8683,2.237136465324385e-07,0,empty
526,20,108.9569,0.0,0,empty
526,20,127.6533,0.0038237136465324,0,active
526,20,245.7957,2.237136465324385e-07,0,empty
526,20,345.0238,0.0105400447427293,2,active
526,24,53.6186,0.0,1,empty
526,24,62.1853,0.0079076062639821,1,active
526,24,146.5833,0.0,2,empty
526,24,176.8184,0.0,0,empty
526,24,219.7903,0.0,0,empty
526,29,191.9102,0.0,0,empty
526,30,291.2338,1.1185682326621925e-06,0,empty
526,31,40.0239,4.47427293064877e-07,0,empty
526,31,153.6771,2.237136465324385e-07,0,empty
526,31,225.6234,0.0,0,empty
526,31,331.8908,0.0,0,empty
526,32,277.8972,0.0,0,empty
526,33,83.5539,0.0,0,empty
526,33,282.8176,0.0141619686800894,0,active
526,34,143.9873,8.232662192393737e-05,9,sleeping
526,36,322.036,0.0057360178970917,1,active
526,37,27.1351,0.0111684563758389,0,active
526,37,108.2353,0.0060096196868008,0,active
526,37,130.2561,4.519015659955257e-05,0,sleeping
526,37,315.7398,0.0,0,empty
526,38,126.1421,0.0149850111856823,0,active
526,38,149.0404,0.0,0,empty
526,38,169.7937,0.0128986577181208,1,active
526,38,246.6335,0.0072859060402684,1,active
526,39,30.2858,4.47427293064877e-07,0,empty
526,39,50.4741,0.0175346756152125,0,active
526,39,146.9108,0.0158422818791946,3,active
526,39,196.6122,0.0,0,empty
526,40,173.9438,0.0,0,empty
526,40,205.7694,0.0,0,empty
526,41,215.2672,0.0148463087248322,4,active
526,41,242.0759,0.0190829977628635,0,active
526,42,7.8852,0.0172123042505592,0,active
526,42,49.7527,2.237136465324385e-07,0,sleeping
526,42,96.2918,0.0009736017897091,0,sleeping
526,42,137.9315,0.0026503355704697,5,sleeping
526,42,189.8295,0.0098651006711409,6,active
526,43,86.9021,0.0078040268456375,0,active
526,43,105.7836,0.0150935123042505,3,active
526,43,163.6095,0.0060583892617449,0,active
526,49,313.1271,0.0133418344519015,15,active
526,50,208.4451,0.0262485458612975,6,active
526,53,208.5127,6.107382550335571e-05,10,sleeping
526,62,12.0581,0.0091711409395973,9,active
526,69,158.0175,0.0062838926174496,12,active
526,70,90.9093,0.0017953020134228,2,sleeping
526,70,189.3864,2.237136465324385e-06,6,sleeping
526,71,60.5583,0.0017637583892617,10,sleeping
526,74,182.234,7.38255033557047e-06,2,sleeping
526,79,240.2584,0.0071221476510067,12,active
526,80,118.7756,0.0004302013422818,3,sleeping
526,80,175.6133,0.0038,9,active
526,82,302.7031,0.0080064876957494,2,active
526,88,156.6709,0.0004912751677852,5,sleeping
526,89,74.917,0.0167731543624161,9,active
526,89,164.9706,0.0092011185682326,2,active
526,89,291.8967,0.0252724832214765,3,active
526,89,316.5815,0.0099326621923937,4,active
526,90,28.6138,0.0023279642058165,0,sleeping
526,90,93.2213,0.0015961968680089,0,sleeping
526,90,185.8795,0.0137684563758389,2,active
526,90,216.8405,0.013196644295302,4,active
526,91,78.8166,0.0046418344519015,5,active
526,91,123.3092,0.0068742729306487,0,active
526,92,222.2148,0.0134496644295302,3,active
526,93,45.0728,0.0076527964205816,13,active
526,93,88.6775,0.0028823266219239,5,sleeping
526,93,198.6238,7.829977628635348e-06,2,sleeping
526,93,235.7955,0.0009838926174496,3,sleeping
526,93,315.7631,5.369127516778524e-06,1,sleeping
526,94,84.8499,0.0001988814317673,7,sleeping
526,94,291.761,0.0033342281879194,10,sleeping
526,95,3.2853,0.0010818791946308,3,sleeping
526,95,40.4983,0.0113194630872483,3,active
526,95,159.257,0.0326228187919463,1,active
526,95,322.3398,0.0044395973154362,4,active
526,97,92.8753,0.0003615212527964,12,sleeping
526,97,193.2211,1.1185682326621926e-05,10,sleeping
526,106,84.9207,0.0019548098434004,9,sleeping
526,106,108.7561,0.0139914988814317,2,active
526,106,147.3898,0.0132458612975391,7,active
527,0,126.3328,0.0022507829977628,4,sleeping
527,0,129.5726,0.0067102908277404,5,active
527,2,157.4981,0.0030628635346756,11,sleeping
527,2,204.9911,0.0058729306487695,5,active
527,2,243.0529,0.0026583892617449,2,sleeping
527,3,176.647,0.0008975391498881,9,sleeping
527,4,281.665,0.0088565995525727,0,active
527,8,34.1551,0.0012583892617449,0,sleeping
527,9,154.8607,0.0001628635346756,10,sleeping
527,10,135.1229,0.0023539149888143,5,sleeping
527,11,164.0178,0.0018362416107382,15,sleeping
527,13,5.7539,0.0088078299776286,3,active
527,13,323.3454,0.0086740492170022,7,active
527,15,289.9824,0.0046814317673378,4,active
527,18,129.9166,0.0171733780760626,2,active
529,3,333.79,4.675615212527965e-05,4,empty
529,4,155.9018,0.0388610738255033,0,active
529,8,241.5537,0.0036156599552572,3,sleeping
529,10,19.5439,0.0112366890380313,6,active
529,10,167.865,0.0169275167785234,6,active
529,10,227.243,0.0073550335570469,6,active
529,13,71.4544,0.0001270693512304,0,sleeping
530,2,262.916,2.460850111856824e-06,3,empty
530,3,7.4853,2.6845637583892617e-06,6,empty
530,3,70.2505,0.0026127516778523,0,sleeping
530,3,351.3044,0.0026991051454138,2,sleeping
530,7,99.3818,2.908277404921701e-06,0,empty
530,7,131.3372,3.3557046979865773e-06,2,empty
530,9,57.8194,0.003572706935123,4,sleeping
530,9,150.3325,0.003762192393736,4,sleeping
530,9,211.8891,0.0001114093959731,0,sleeping
530,9,254.0767,0.0062935123042505,10,active
530,9,313.2598,0.0055881431767337,3,active
530,9,321.0192,0.0200460850111856,0,active
530,10,63.4045,2.0581655480984346e-05,10,sleeping
530,10,275.7787,0.0087017897091722,13,active
530,11,163.2122,3.131991051454139e-06,0,empty
532,2,44.2196,0.0003597315436241,0,sleeping
532,2,214.3586,0.0026022371364653,0,sleeping
534,3,91.1408,0.0002532438478747,1,sleeping
534,3,169.9414,0.0006590604026845,7,sleeping
534,3,339.7807,0.0009514541387024,0,sleeping
534,4,153.8186,0.0005398210290827,0,empty
534,4,177.7546,0.0170055928411633,1,active
534,4,185.3522,0.0417729306487695,0,active
534,4,228.9869,0.0003749440715883,1,empty
534,4,298.1121,9.395973154362418e-05,0,empty
534,4,319.2104,0.0001651006711409,1,empty
534,4,352.2731,0.0001617449664429,2,empty
534,6,172.8923,0.0003098434004474,6,sleeping
534,6,234.0823,0.000789932885906,0,sleeping
534,7,180.1923,0.0056850111856823,5,active
534,7,193.1366,0.0251829977628635,6,active
534,8,190.8208,0.0031946308724832,2,sleeping
534,9,186.4161,0.0273049217002237,8,active
534,9,222.7986,0.0271789709172259,5,active
534,10,44.5747,0.000265995525727,2,sleeping
534,10,111.7776,0.0109944071588366,0,active
534,10,167.2791,0.0260494407158836,2,active
534,10,193.0468,0.0266451901565995,2,active
534,10,210.8242,0.023342058165548,0,active
534,10,236.8868,0.0149548098434004,1,active
534,10,305.4797,0.0140308724832214,2,active
534,11,101.4812,0.0042749440715883,4,active
534,11,128.4826,0.0416635346756152,2,active
534,12,116.2753,6.711409395973154e-07,0,sleeping
534,12,119.8804,0.0096013422818791,5,active
534,12,355.6811,0.0075982102908277,0,active
534,13,68.8094,0.0004680089485458,0,sleeping
534,14,299.4948,0.0080673378076062,0,active
534,14,318.2209,0.0469208053691275,2,active
534,15,42.9872,0.0033463087248322,0,sleeping
534,23,67.857,0.0099637583892617,4,active
535,0,225.3254,0.0,7,sleeping
535,1,23.1248,1.7225950782997762e-05,0,sleeping
535,1,280.3122,1.1185682326621926e-05,4,sleeping
535,7,311.0402,0.0011541387024608,6,sleeping
535,7,333.5641,0.0053029082774049,3,active
535,8,201.3878,0.0050425055928411,2,active
535,10,262.6817,5.05592841163311e-05,1,sleeping
535,13,33.5193,0.0003116331096196,0,sleeping
535,13,149.7996,0.0007136465324384,4,sleeping
535,14,13.3658,0.0001400447427293,3,sleeping
535,23,305.9404,0.0117275167785234,5,active
535,24,166.6688,0.0170527964205816,11,active
535,25,148.9931,0.00095548098434,0,sleeping
535,27,109.8968,0.00025548098434,1,sleeping
535,27,136.1816,0.0003883668903803,3,sleeping
535,27,194.7966,8.344519015659956e-05,2,sleeping
535,27,302.5689,4.384787472035794e-05,5,sleeping
541,2,252.9484,0.0039845637583892,2,active
541,3,19.0365,0.0003008948545861,1,sleeping
541,3,99.329,1.6107382550335573e-05,7,sleeping
541,3,194.7872,1.812080536912752e-05,13,sleeping
541,3,219.5629,0.0175076062639821,7,active
541,4,112.2441,4.899328859060403e-05,4,sleeping
541,4,174.9948,0.0005024608501118,2,empty
541,4,308.4567,0.0053149888143176,13,active
541,5,29.3981,0.0039682326621923,9,active
541,5,54.2292,0.0115709172259507,2,active
541,5,107.4051,0.0017398210290827,1,sleeping
541,5,128.1358,0.0054604026845637,9,active
541,6,3.0582,8.456375838926175e-05,0,sleeping
541,6,28.5779,0.0001255033557046,3,sleeping
541,6,99.02,0.0159263982102908,6,active
541,6,148.1739,0.0005805369127516,7,sleeping
541,6,157.7279,0.0179123042505592,8,active
541,6,229.9919,0.0018192393736017,6,sleeping
541,7,129.3769,0.0011337807606263,7,sleeping
541,7,133.9056,0.0039706935123042,6,active
541,7,329.6195,0.0097838926174496,0,active
541,7,340.879,0.0191525727069351,5,active
541,8,145.1923,0.0097550335570469,0,active
541,8,204.4414,0.0098888143176733,6,active
541,8,303.745,5.369127516778524e-06,6,sleeping
541,8,357.2367,0.0109997762863534,0,active
541,9,67.7978,0.0006044742729306,1,sleeping
541,9,94.0156,0.0003532438478747,0,sleeping
541,9,195.2265,9.30648769574944e-05,0,empty
541,12,86.2682,0.000110514541387,1,sleeping
541,13,213.4271,0.0133472035794183,3,active
541,18,182.7159,0.0005894854586129,5,sleeping
544,6,191.0963,0.0356223713646532,5,active
544,6,199.3972,0.020259284116331,0,active
544,7,154.1028,0.0084894854586129,5,active
544,7,269.5796,4.026845637583892e-05,0,sleeping
544,7,307.1291,0.0075272930648769,5,active
544,9,159.5703,1.45413870246085e-05,0,sleeping
544,10,127.1735,0.0021818791946308,0,sleeping
544,11,52.705,0.0051778523489932,0,active
544,11,267.2855,0.0008854586129753,0,sleeping
544,12,155.4656,0.0104516778523489,1,active
544,12,164.5594,0.0006695749440715,0,empty
544,13,45.766,0.0003776286353467,0,empty
544,13,75.4211,0.0004465324384787,2,empty
544,13,100.7051,1.5883668903803133e-05,0,empty
544,13,116.9668,0.0,0,empty
544,13,134.1863,4.697986577181209e-06,0,sleeping
544,13,181.7618,0.0,0,empty
544,13,204.8674,4.47427293064877e-07,0,empty
544,13,226.2264,4.47427293064877e-07,0,empty
544,17,309.2975,0.0054230425055928,0,active
545,3,102.3031,1.633109619686801e-05,0,sleeping
545,13,3.3322,0.0008953020134228,3,sleeping
545,15,176.9851,0.0001807606263982,5,sleeping
545,28,18.2676,3.579418344519015e-05,6,sleeping
545,28,227.9056,0.0149413870246085,10,active
545,28,279.5871,0.0009583892617449,0,sleeping
545,29,7.3244,0.0020076062639821,5,sleeping
545,29,126.6305,0.0008123042505592,1,sleeping
545,29,179.1755,0.0068228187919463,5,active
545,35,161.5019,3.691275167785235e-05,12,sleeping
545,59,0.5905,0.0202610738255033,7,active
545,72,304.4462,8.948545861297539e-07,5,sleeping
545,73,29.9633,0.0011709172259507,16,sleeping
545,73,81.8784,0.0072709172259507,9,active
545,73,100.773,0.0057729306487695,1,active
545,73,146.4508,0.0001722595078299,4,sleeping
545,73,203.8498,0.0017689038031319,4,sleeping
545,73,218.0241,0.0009328859060402,3,sleeping
545,73,334.4461,0.0070633109619686,4,active
545,74,92.8733,0.0197930648769574,6,active
545,74,222.1741,0.0023154362416107,2,sleeping
545,74,318.3994,0.007979865771812,9,active
545,75,53.5375,0.0010022371364653,7,sleeping
545,75,67.8877,0.0015434004474272,13,sleeping
545,75,242.717,0.0016800894854586,6,sleeping
545,75,297.5267,0.0037731543624161,14,active
545,79,204.1987,0.0073467561521252,6,active
545,81,353.425,7.404921700223714e-05,0,sleeping
545,82,86.0029,7.248322147651007e-05,0,sleeping
545,82,125.0588,0.0073718120805369,7,active
545,82,198.748,2.61744966442953e-05,0,sleeping
545,83,39.1197,1.812080536912752e-05,2,sleeping
545,83,149.1167,2.953020134228188e-05,0,sleeping
545,84,99.3309,0.0034467561521252,2,sleeping
545,84,186.7747,0.0186876957494407,8,active
545,84,234.4258,0.0343402684563758,1,active
545,84,294.7745,0.0066451901565995,1,active
545,85,49.1618,0.000682774049217,10,sleeping
545,86,176.4021,0.0020718120805369,2,sleeping
545,94,215.2855,0.0003134228187919,0,sleeping
545,106,281.6773,0.0018389261744966,4,empty
545,108,53.1918,0.0001378076062639,0,empty
545,108,172.694,0.0002017897091722,0,empty
545,108,216.7789,0.0002953020134228,4,empty
545,108,257.7886,0.0002642058165548,2,empty
545,109,72.6343,2.237136465324385e-06,0,empty
545,110,296.1186,1.1185682326621925e-06,0,empty
545,113,122.7325,1.5659955257270697e-06,0,empty
545,123,64.6391,0.0022545861297539,0,empty
545,123,139.1521,0.0005384787472035,0,empty
545,123,163.2627,0.0014780760626398,6,sleeping
545,124,170.508,2.237136465324385e-07,0,empty
545,126,321.3374,0.0093140939597315,0,active
545,127,15.8276,3.3557046979865773e-06,1,empty
545,127,66.0547,0.0003778523489932,0,empty
545,128,328.5159,3.982102908277404e-05,14,sleeping
545,132,93.27,0.0003525727069351,2,sleeping
545,143,293.4516,0.0005950782997762,1,empty
545,145,86.3823,2.550335570469799e-05,0,empty
545,153,33.7173,2.460850111856824e-05,0,empty
545,153,251.4857,0.0,0,empty
545,154,69.7244,0.0056127516778523,0,active
545,154,111.9017,0.0481637583892617,11,active
545,155,4.7372,0.0142939597315436,4,active
545,163,117.1774,0.0008476510067114,3,sleeping
545,164,118.1149,0.0019228187919463,4,sleeping
545,164,347.9387,0.0093275167785234,5,active
545,165,59.1471,0.0026778523489932,4,sleeping
545,168,67.9855,0.0181217002237136,8,active
545,168,326.7121,0.0005577181208053,14,sleeping
545,169,31.9563,0.000917673378076,0,sleeping
545,169,79.5886,0.0010185682326621,4,sleeping
545,169,138.0524,5.92841163310962e-05,0,sleeping
545,169,190.6128,0.0005747203579418,5,sleeping
545,169,255.5925,8.43400447427293e-05,4,sleeping
545,169,297.6693,0.0002098434004474,1,sleeping
545,169,349.6045,4.921700223713647e-06,5,sleeping
545,170,46.3878,6.80089485458613e-05,4,sleeping
545,170,93.27,0.0013201342281879,2,sleeping
545,170,166.4141,0.0035695749440715,0,sleeping
545,170,219.2843,0.001082774049217,0,sleeping
545,170,281.858,0.000959284116331,10,sleeping
545,171,141.0505,0.0001684563758389,13,sleeping
545,171,181.4609,0.001086577181208,10,sleeping
545,171,233.8029,0.0006035794183445,8,sleeping
545,172,48.073,0.0001266219239373,3,sleeping
545,172,103.8338,7.38255033557047e-06,2,sleeping
545,172,145.2917,2.8411633109619688e-05,1,sleeping
545,172,249.0105,6.711409395973154e-07,2,sleeping
545,174,66.2075,0.0018060402684563,1,sleeping
545,175,199.949,0.0005744966442953,4,sleeping
545,175,231.5605,0.0001512304250559,10,sleeping
545,175,267.2783,0.0020427293064876,7,sleeping
545,175,274.3317,0.018682774049217,10,active
545,175,344.9202,0.013079865771812,3,active
545,176,92.5897,0.0055653243847874,1,active
545,176,159.3246,0.0078568232662192,1,active
545,176,228.3394,0.0067250559284116,4,active
545,176,301.3479,0.0026704697986577,6,sleeping
545,176,317.0227,0.0052666666666666,10,active
545,176,323.9383,0.0183881431767337,7,active
545,177,132.9911,0.0023013422818791,5,sleeping
545,177,221.5741,0.0026789709172259,1,empty
545,177,295.6193,0.0001456375838926,1,sleeping
545,178,75.6688,2.8635346756152125e-05,1,sleeping
545,178,166.5724,0.0027082774049217,3,empty
545,178,229.5989,0.0064973154362416,8,active
545,178,325.4337,0.000131543624161,8,sleeping
545,179,15.1553,0.0005610738255033,8,sleeping
545,179,34.5881,0.0027957494407158,4,sleeping
545,179,145.0541,0.0128194630872483,4,active
546,1,139.4852,0.0005519015659955,3,empty
548,0,234.1154,0.0024201342281879,0,sleeping
548,1,7.5693,0.0031393736017897,4,sleeping
548,1,79.5487,4.921700223713647e-06,0,sleeping
548,1,297.1165,0.0075841163310961,0,active
548,2,45.7156,3.579418344519016e-06,0,sleeping
548,2,142.2775,0.0018673378076062,7,sleeping
548,2,219.7884,0.0131042505592841,14,active
548,2,342.2333,0.0001961968680089,1,sleeping
548,3,53.9883,2.416107382550336e-05,2,sleeping
548,3,185.4327,0.0031995525727069,9,sleeping
548,3,341.0859,0.0282456375838926,2,active
548,4,202.9609,3.5123042505592845e-05,0,sleeping
548,4,243.819,0.0002398210290827,0,sleeping
548,10,13.909,3.221476510067114e-05,3,sleeping
548,14,285.3784,1.0290827740492173e-05,0,sleeping
548,17,36.4574,0.0002389261744966,1,sleeping
548,17,57.2248,0.004142058165548,3,active
548,20,152.5906,7.606263982102909e-05,1,sleeping
548,22,215.2042,8.948545861297539e-07,0,empty
548,26,92.79,0.0144982102908277,2,active
548,32,206.6386,0.0320102908277404,4,active
548,34,25.0683,0.032821029082774,0,active
548,34,286.4003,0.035100447427293,1,active
548,84,171.4692,0.0046170022371364,2,active
548,86,9.948,0.0011178970917225,1,sleeping
548,90,68.3376,0.0037163310961968,0,sleeping
548,90,116.4056,0.0038691275167785,1,active
548,90,133.9964,0.0144131991051454,2,active
548,90,162.8829,0.01378322147651,2,active
548,90,204.4842,0.0019217002237136,2,sleeping
548,90,228.0738,0.009162192393736,4,active
548,113,79.6018,2.6398210290827744e-05,1,sleeping
548,113,108.3666,0.0227337807606263,5,active
548,113,342.7157,0.0003373601789709,5,sleeping
548,114,11.508,0.0238903803131991,11,active
548,114,42.3478,0.0267583892617449,2,active
548,114,132.3414,0.0007067114093959,11,empty
548,114,186.2837,0.0005689038031319,0,sleeping
548,114,196.6475,0.0151881431767337,8,active
548,114,291.7055,0.0238814317673378,4,active
548,114,332.2759,6.196868008948547e-05,1,empty
548,115,32.3541,0.0149154362416107,2,active
548,115,49.633,0.0,0,empty
548,115,136.4101,0.0098203579418344,9,active
548,115,164.8718,6.935123042505593e-06,0,empty
548,115,174.8957,0.0049395973154362,2,active
548,115,219.7227,0.0003228187919463,1,sleeping
548,115,247.853,0.0002042505592841,4,empty
548,115,250.2381,0.0074286353467561,4,active
548,115,257.5378,0.0072040268456375,2,active
548,115,271.3011,0.0002263982102908,0,empty
548,115,284.2469,1.498881431767338e-05,0,empty
548,115,299.8951,8.053691275167787e-06,2,empty
548,115,349.2175,4.47427293064877e-07,0,empty
548,116,37.3689,3.355704697986577e-05,0,empty
548,116,65.7277,3.8031319910514553e-06,1,empty
548,116,97.0503,2.6398210290827744e-05,0,empty
548,116,105.8399,0.0145199105145413,11,active
548,116,132.2424,0.0088843400447427,6,active
548,116,148.6829,1.1185682326621925e-06,0,empty
548,116,259.9408,0.0177778523489932,3,active
548,116,298.2473,0.0081246085011185,0,active
548,116,340.4578,7.673378076062641e-05,0,sleeping
548,117,77.6717,0.0296069351230425,12,active
548,117,107.2056,0.0272677852348993,5,active
548,118,23.5165,0.0434340044742729,4,active
548,118,44.4439,0.0375002237136465,4,active
548,118,52.7452,0.0353299776286353,5,active
548,118,60.9909,0.0392469798657718,2,active
548,118,107.7394,0.0177742729306487,4,active
548,118,136.007,0.0364906040268456,7,active
548,118,157.4472,0.0172149888143176,0,active
548,118,253.4372,0.0216776286353467,10,active
548,118,285.7395,0.0116619686800894,6,active
548,118,316.5922,0.0424843400447427,3,active
548,118,342.9871,0.0503733780760626,0,active
548,119,12.457,0.0128335570469798,1,active
548,119,72.3531,0.0244953020134228,3,active
548,119,90.8025,0.0288892617449664,1,active
548,119,109.6006,0.0211590604026845,2,active
548,119,142.3398,0.0177870246085011,0,active
548,119,172.033,0.0357380313199105,2,active
548,120,42.1808,0.0297161073825503,11,active
548,120,131.1305,0.0162,0,active
548,121,178.1142,0.027800447427293,2,active
548,121,201.6386,0.0075120805369127,5,active
548,121,227.3036,3.131991051454139e-06,0,empty
548,121,230.6045,0.003600447427293,3,empty
548,121,242.3779,0.0086921700223713,1,active
548,121,247.0464,0.0219161073825503,7,active
548,121,285.1956,0.0041344519015659,6,active
548,122,116.9085,0.0011821029082774,2,sleeping
548,123,154.6687,0.0085275167785234,0,active
548,127,303.5255,1.1185682326621925e-05,0,sleeping
548,127,318.2323,0.0001375838926174,0,sleeping
548,128,19.4283,0.0062064876957494,0,active
548,128,74.4885,8.948545861297539e-07,0,sleeping
548,130,21.4284,2.8635346756152125e-05,1,sleeping
548,148,256.9517,0.0030322147651006,7,sleeping
548,151,135.1296,0.0010458612975391,5,sleeping
548,152,152.6661,1.5659955257270692e-06,11,sleeping
548,153,79.6472,1.1185682326621925e-06,11,sleeping
548,153,93.7568,0.0035874720357941,13,sleeping
548,153,284.0791,0.0004008948545861,15,sleeping
548,153,309.6261,1.2975391498881432e-05,9,sleeping
548,154,140.9391,4.384787472035794e-05,7,sleeping
548,155,40.8539,0.0090194630872483,0,active
548,155,212.3911,1.7897091722595078e-06,7,sleeping
548,155,275.7384,0.0035914988814317,9,sleeping
548,155,286.255,0.0057308724832214,4,active
548,155,338.2229,0.000741610738255,9,sleeping
548,156,112.0833,0.0063881431767337,13,active
548,156,217.6565,0.0001232662192393,0,sleeping
548,156,313.8078,0.0044196868008948,7,active
548,157,24.2463,0.0016859060402684,2,sleeping
548,157,134.9355,0.0250324384787472,10,active
548,157,140.0864,0.0114581655480984,10,active
548,157,218.9269,0.0008787472035794,3,empty
548,157,282.513,0.0006501118568232,0,sleeping
548,157,309.5649,0.0170098434004474,6,active
548,158,33.8605,0.0002953020134228,2,empty
548,158,196.2195,0.0035091722595078,2,sleeping
548,158,267.4323,0.0098002237136465,7,active
548,158,276.2775,0.031748322147651,8,active
548,159,0.4375,0.005017673378076,1,active
548,159,142.1721,0.0001026845637583,0,empty
548,160,158.8036,0.0001653243847874,0,sleeping
548,163,95.5701,0.0034404921700223,8,sleeping
548,169,100.9362,0.0064228187919463,5,active
549,3,140.1574,0.0033217002237136,0,sleeping
549,3,315.3261,1.498881431767338e-05,2,sleeping
549,4,251.8742,0.0005953020134228,8,sleeping
549,5,100.5849,2.5055928411633108e-05,4,sleeping
549,5,194.9953,0.0008776286353467,8,sleeping
549,6,89.1784,0.0001413870246085,8,sleeping
549,14,174.0921,0.0031270693512304,13,sleeping
549,14,299.5213,1.208053691275168e-05,18,sleeping
549,15,158.4648,0.0243152125279642,8,active
549,15,207.2814,0.0002720357941834,4,sleeping
549,15,274.7889,0.0021879194630872,1,sleeping
549,15,321.7816,0.0008608501118568,0,sleeping
549,16,41.6506,0.0018145413870246,4,sleeping
549,16,328.2562,0.0057550335570469,1,active
549,17,110.5965,0.0055953020134228,1,active
549,17,273.672,0.0005064876957494,8,sleeping
549,17,355.3411,6.04026845637584e-06,0,sleeping
550,0,183.4006,0.019724384787472,10,active
550,0,256.2702,0.0083203579418344,2,active
550,0,262.4156,0.030151677852349,13,active
550,1,58.0053,0.0033557046979865,12,sleeping
550,1,134.2899,0.0056170022371364,5,active
550,1,143.419,0.0147364653243847,4,active
550,1,216.1411,0.0011800894854586,5,sleeping
550,1,227.8552,0.0050979865771812,13,active
550,1,327.8884,0.0027427293064876,2,sleeping
550,4,240.9375,0.0001702460850111,12,sleeping
550,6,62.5486,0.0143666666666666,5,active
550,7,10.2057,0.0003335570469798,8,sleeping
550,10,275.2034,0.0048988814317673,6,active
550,16,227.1484,0.0009644295302013,10,sleeping
550,19,147.0402,3.131991051454139e-06,7,sleeping
550,22,164.4837,0.0014270693512304,2,sleeping
550,33,233.8943,0.0016548098434004,7,empty
550,36,35.5558,0.0082782997762863,2,active
550,36,47.6543,0.0004248322147651,12,sleeping
550,37,124.0813,0.0038498881431767,11,active
550,37,245.7224,0.0011293064876957,0,empty
550,37,311.0105,0.0024666666666666,0,empty
550,38,14.799,0.0065872483221476,4,active
550,40,17.8075,0.0092552572706935,2,active
550,46,155.4634,0.0053543624161073,0,active
550,46,175.4491,0.0173782997762863,2,active
550,46,275.7165,0.0028375838926174,0,empty
550,47,6.7504,0.0296516778523489,3,active
550,47,350.6815,0.0049668903803131,0,active
550,48,322.3528,2.237136465324385e-07,0,empty
552,2,240.8727,4.608501118568233e-05,14,sleeping
552,4,32.3125,0.0005812080536912,1,sleeping
552,6,90.2495,0.0240217002237136,0,active
552,7,69.0065,0.0015067114093959,0,sleeping
552,7,77.0134,0.0036040268456375,1,sleeping
552,10,193.5881,0.0254519015659955,2,active
552,37,93.6767,0.0278306487695749,3,active
552,40,270.0148,2.393736017897092e-05,4,sleeping
552,61,65.9909,0.0001187919463087,18,sleeping
552,68,77.1678,0.0304534675615212,14,active
552,69,138.5684,0.0426272930648769,20,active
552,69,273.4489,0.0095957494407158,8,active
552,70,77.2266,0.0061102908277404,9,active
552,70,154.7273,0.0070069351230425,14,active
552,70,239.2436,0.0038744966442953,9,active
552,70,286.8208,0.0099744966442953,14,active
552,71,105.6348,0.0145979865771812,8,active
552,71,187.3761,0.0160733780760626,8,active
552,71,307.8405,0.0117510067114093,4,active
552,71,330.8368,0.0061369127516778,1,active
552,72,190.0458,0.02992774049217,5,active
552,72,262.2782,0.0066140939597315,3,active
552,72,337.6157,0.0024935123042505,8,sleeping
552,74,181.9311,0.0042196868008948,8,active
552,75,138.6391,4.47427293064877e-07,2,sleeping
552,76,300.6119,0.0009456375838926,0,sleeping
552,78,45.1299,0.0047033557046979,0,active
552,78,123.1772,0.0253628635346756,3,active
552,78,190.8205,0.0103874720357941,4,active
552,79,11.635,0.0176458612975391,8,active
552,79,34.1623,0.0016326621923937,0,sleeping
552,79,58.2378,0.0147557046979865,7,active
552,79,114.9588,0.0041796420581655,7,active
552,84,301.6941,0.0329648769574944,8,active
552,87,194.2457,0.0009147651006711,7,sleeping
552,89,307.4715,0.0271740492170022,8,active
552,90,22.7279,0.0049514541387024,14,active
552,90,318.1144,1.2527964205816556e-05,14,sleeping
552,91,12.6897,5.503355704697987e-05,7,sleeping
552,91,140.7553,0.0012008948545861,12,sleeping
552,91,255.8029,0.0006706935123042,9,sleeping
552,92,133.3065,0.0058391498881431,13,active
552,93,308.9518,0.0041675615212527,11,active
552,94,267.1108,2.550335570469799e-05,11,sleeping
552,96,309.7519,0.0121284116331096,18,active
555,0,42.9709,2.259507829977629e-05,12,sleeping
555,0,250.8667,0.0318214765100671,18,active
555,6,44.2252,0.0181317673378076,8,active
555,6,145.3981,0.0002961968680089,6,sleeping
555,9,21.1636,0.0004816554809843,18,sleeping
555,9,211.0851,0.0254812080536912,14,active
555,11,148.5553,0.00168322147651,5,sleeping
555,11,190.6001,0.0012610738255033,10,sleeping
555,12,107.2998,0.0457288590604026,13,active
555,12,263.644,0.0038527964205816,9,active
555,12,318.054,0.0005002237136465,14,sleeping
555,13,131.7526,0.0040872483221476,7,active
555,13,158.3864,0.0203912751677852,10,active
555,13,279.1496,0.0177657718120805,16,active
555,14,38.0384,0.0045541387024608,9,active
555,14,287.8081,0.0025733780760626,3,sleeping
555,15,29.5826,0.0026574944071588,1,sleeping
555,15,163.0105,0.0215029082774049,16,active
555,16,120.3433,0.0212606263982102,8,active
555,22,7.3029,0.0039431767337807,0,active
555,23,15.5465,0.0023961968680089,2,sleeping
555,26,49.645,0.0020809843400447,12,sleeping
555,26,227.0382,0.0003149888143176,12,sleeping
555,39,115.6509,0.0002541387024608,9,sleeping
555,39,204.1638,0.0032637583892617,11,sleeping
555,40,159.268,0.000869351230425,7,sleeping
555,41,155.2052,0.0056507829977628,4,active
555,41,173.2169,0.0005885906040268,5,sleeping
555,41,204.5316,0.0007194630872483,5,sleeping
555,41,241.2273,0.0001100671140939,6,sleeping
555,41,280.5668,7.404921700223712e-05,6,sleeping
555,43,12.6944,0.0030568232662192,9,sleeping
555,46,2.0408,0.0048494407158836,10,active
555,51,182.6327,2.147651006711409e-05,15,sleeping
555,54,351.1431,0.0002156599552572,15,sleeping
555,61,56.1591,0.0022552572706935,4,sleeping
555,65,15.9748,0.0030979865771812,0,sleeping
555,67,293.6527,0.0047340044742729,11,active
555,70,90.442,0.010362192393736,7,active
555,70,150.0629,0.001797091722595,6,sleeping
555,71,134.9265,0.0301087248322147,15,active
555,71,152.467,0.0040834451901565,5,active
555,71,311.8751,0.0030152125279642,12,sleeping
555,75,335.7168,0.0045205816554809,16,active
555,76,97.9156,0.0017680089485458,16,sleeping
555,76,275.3411,5.6152125279642055e-05,8,sleeping
555,87,85.9997,0.002276062639821,6,sleeping
555,92,86.5284,3.3557046979865773e-06,14,sleeping
555,92,254.2743,3.713646532438479e-05,9,sleeping
555,92,345.8259,1.6107382550335573e-05,13,sleeping
555,93,86.9168,3.1319910514541385e-06,6,sleeping
555,93,125.7272,2.013422818791946e-06,3,sleeping
555,93,226.7002,4.250559284116331e-06,7,sleeping
555,93,247.5104,4.474272930648769e-06,3,sleeping
555,93,282.7814,2.237136465324385e-06,1,sleeping
555,93,338.5078,7.382550335570472e-06,1,sleeping
555,94,15.8856,0.0001076062639821,0,sleeping
555,94,47.3441,0.0003923937360178,10,sleeping
555,97,34.3375,0.0014720357941834,5,sleeping
555,99,151.2599,0.0057532438478747,0,active
555,100,186.0322,0.0061559284116331,14,active
555,100,313.0498,0.0028948545861297,4,sleeping
555,101,109.1233,0.018044966442953,14,active
555,101,318.6394,0.0037586129753914,1,sleeping
555,101,339.6245,0.0066818791946308,6,active
555,104,120.4448,0.0161686800894854,7,active
555,118,266.3371,0.0026881431767337,4,sleeping
555,130,286.6108,4.720357941834452e-05,0,empty
555,135,178.8719,0.0143577181208053,8,active
555,136,295.4501,0.0001288590604026,4,empty
555,137,52.1126,0.0007409395973154,2,empty
555,137,149.5732,0.0004261744966442,2,empty
555,137,175.4946,0.0095295302013422,2,active
555,139,188.8128,0.014513870246085,8,active
555,140,178.0634,2.997762863534676e-05,0,empty
555,141,20.3361,0.0224364653243847,9,active
555,141,333.967,0.037348322147651,9,active
555,163,108.6451,2.102908277404922e-05,1,sleeping
555,164,317.2009,7.15883668903803e-05,4,sleeping
555,173,119.6636,0.0005901565995525,19,sleeping
555,176,182.8733,0.0061606263982102,12,active
555,176,248.9801,0.0169991051454138,15,active
555,189,80.1797,0.0003080536912751,4,sleeping
555,189,105.1099,0.0210697986577181,6,active
555,190,219.6024,0.0004140939597315,8,sleeping
555,192,107.6482,0.0130648769574944,4,active
556,5,226.6407,0.0132268456375838,5,active
556,7,207.3544,0.0252496644295302,7,active
556,8,284.823,0.0023986577181208,3,sleeping
557,2,149.2806,0.0050776286353467,5,active
557,5,173.2341,4.921700223713647e-06,5,sleeping
557,11,308.0311,0.0008646532438478,6,sleeping
557,12,11.3862,0.0071606263982102,4,active
557,43,280.8125,1.0514541387024608e-05,12,sleeping
557,44,144.8747,0.0013914988814317,11,sleeping
557,65,68.913,1.6107382550335573e-05,18,sleeping
557,66,52.5341,3.4675615212527964e-05,0,sleeping
557,66,143.1619,0.014717673378076,6,active
557,66,194.5554,0.0001228187919463,6,sleeping
557,66,260.7338,5.5928411633109614e-06,2,sleeping
557,66,294.8408,6.487695749440716e-06,1,sleeping
557,67,27.702,0.0096064876957494,2,active
557,67,189.8168,0.0011939597315436,4,sleeping
557,68,95.7167,0.000210514541387,2,sleeping
557,68,331.3301,0.0017608501118568,3,sleeping
559,8,130.6704,0.0014082774049217,3,sleeping
559,9,137.9286,0.0005185682326621,0,sleeping
559,10,14.4816,3.1543624161073825e-05,0,sleeping
559,10,93.5297,0.0002756152125279,2,sleeping
559,10,124.7474,2.2818791946308727e-05,1,sleeping
559,10,193.3043,0.0004147651006711,4,sleeping
560,3,200.0255,0.0002431767337807,0,empty
560,4,163.4277,0.014769351230425,9,active
561,0,295.4316,0.0306697986577181,10,active
561,5,234.069,0.0011577181208053,15,sleeping
563,2,124.7024,0.0007988814317673,1,sleeping
563,2,169.4631,0.0018534675615212,0,sleeping
565,11,242.7868,0.0071572706935123,13,active
565,12,231.3035,8.903803131991052e-05,16,sleeping
565,21,336.3259,0.004600447427293,12,active
565,22,191.6919,8.7248322147651e-05,7,sleeping
565,25,125.7368,0.0237438478747203,4,active
565,28,256.5653,0.0152456375838926,1,active
565,29,118.0252,0.0039427293064876,4,active
565,29,236.9398,6.241610738255034e-05,1,sleeping
565,29,290.3384,0.0001514541387024,0,sleeping
565,30,2.2094,0.0012447427293064,0,sleeping
565,30,51.4584,2.8411633109619688e-05,0,sleeping
565,30,114.0703,0.0031510067114093,0,sleeping
565,30,156.3799,0.0010114093959731,0,sleeping
565,31,2.336,0.0007977628635346,3,sleeping
565,31,16.8996,0.0034633109619686,6,sleeping
565,31,143.0059,0.0029384787472035,8,sleeping
565,31,235.1575,0.0113803131991051,17,active
565,32,208.2812,0.0167527964205816,13,active
565,33,14.3551,5.302013422818792e-05,8,sleeping
565,33,76.8929,2.0134228187919468e-05,11,sleeping
565,33,121.834,0.0035395973154362,12,sleeping
565,33,212.3885,0.0010612975391498,4,sleeping
565,33,276.8884,0.0031232662192393,9,sleeping
565,33,326.6322,0.0034067114093959,8,sleeping
565,33,355.2511,0.0022944071588366,0,sleeping
565,34,30.8276,0.0002223713646532,6,sleeping
565,34,87.8149,0.0007288590604026,3,sleeping
565,34,173.2135,0.0009718120805369,3,sleeping
565,34,200.0236,0.004965548098434,9,active
565,34,255.1444,0.0002044742729306,6,sleeping
565,34,311.6336,0.0016577181208053,0,sleeping
565,35,114.6117,0.0109836689038031,1,active
565,35,274.7747,0.0058565995525727,6,active
565,36,189.2934,0.0049208053691275,3,active
565,36,221.114,0.0022442953020134,0,sleeping
565,36,319.8275,0.0246503355704698,8,active
565,37,108.0798,0.0012319910514541,11,sleeping
565,37,330.7433,0.0153085011185682,6,active
565,39,82.1015,0.0008624161073825,1,sleeping
565,41,150.9177,0.0056906040268456,2,active
565,46,330.2423,0.0050067114093959,0,active
565,74,31.8878,0.0155252796420581,10,active
565,80,274.5374,0.0006373601789709,13,sleeping
565,93,21.0028,1.5659955257270695e-05,8,sleeping
565,93,83.0947,6.7114093959731546e-06,4,sleeping
565,93,110.1674,0.0186785234899328,22,active
565,93,151.1336,0.0031134228187919,3,sleeping
565,93,188.9605,0.0015494407158836,4,sleeping
565,93,240.7827,0.002200447427293,6,sleeping
565,93,294.422,0.0007467561521252,3,sleeping
565,93,327.8858,0.0002715883668903,1,sleeping
565,94,17.8648,9.463087248322146e-05,5,sleeping
565,94,63.4233,3.355704697986577e-05,4,sleeping
565,94,142.702,2.0134228187919465e-05,0,sleeping
565,94,225.9501,4.921700223713646e-05,2,sleeping
565,94,327.4387,0.0064778523489932,9,active
565,95,11.8226,0.0145852348993288,12,active
565,95,99.7876,0.0106460850111856,14,active
565,95,138.1308,0.0002427293064876,4,sleeping
565,95,171.2835,0.0079930648769574,7,active
565,95,229.7548,0.0046268456375838,4,active
565,95,301.2034,0.0069257270693512,8,active
565,95,347.9213,0.0001205816554809,3,sleeping
565,96,19.8935,1.5659955257270692e-06,1,sleeping
565,96,61.9156,0.0003608501118568,5,sleeping
565,96,98.7545,1.5659955257270692e-06,0,sleeping
565,96,124.3224,0.0074011185682326,1,active
565,96,196.0902,0.0010539149888143,7,sleeping
565,96,291.8529,0.0001342281879194,4,sleeping
565,97,48.2108,0.0010691275167785,6,sleeping
565,97,223.0602,0.0034248322147651,15,sleeping
565,97,311.0698,0.0059324384787472,14,active
565,98,73.728,0.0080355704697986,16,active
565,98,165.4439,4.832214765100671e-05,3,sleeping
565,98,225.4441,0.0010107382550335,8,sleeping
565,98,277.6878,0.003962639821029,16,active
565,98,304.5872,0.0094364653243847,4,active
565,99,241.0278,0.0004140939597315,9,sleeping
565,100,33.5776,0.000931543624161,6,sleeping
565,100,115.4823,9.507829977628635e-05,4,sleeping
565,100,213.5882,6.174496644295302e-05,8,sleeping
565,101,27.2151,0.0101252796420581,13,active
565,101,188.8404,0.0004800894854586,6,sleeping
565,101,221.691,0.0045787472035794,12,active
565,101,227.2008,0.0150355704697986,11,active
565,101,296.205,0.0022841163310961,3,sleeping
565,101,331.2752,0.0337897091722595,6,active
565,103,339.1032,0.0002565995525727,0,sleeping
565,104,244.9821,4.1834451901566e-05,3,sleeping
565,108,131.3019,0.0159378076062639,15,active
565,108,140.3555,0.0248402684563758,9,active
565,110,288.0854,0.0176856823266219,12,active
565,113,106.3638,0.0130355704697986,2,active
565,113,295.3863,0.0019308724832214,0,empty
565,114,179.0564,0.0165286353467561,4,active
565,114,232.36,0.0109993288590604,0,active
565,115,142.6113,0.0310431767337807,5,active
565,115,263.819,0.0347463087248322,12,active
565,115,297.4929,0.0013134228187919,3,empty
565,115,315.0513,0.0051114093959731,0,active
565,116,36.6014,0.0001534675615212,0,empty
565,116,63.7517,4.250559284116331e-06,0,empty
565,116,108.7781,0.0160085011185682,0,active
565,116,148.3069,0.0301225950782997,0,active
565,118,46.1093,0.0132758389261744,1,active
565,118,89.5731,0.0206807606263982,7,active
565,118,172.7703,0.0414051454138702,7,active
565,119,261.3486,0.013179418344519,2,active
565,121,173.5937,0.0123856823266219,2,active
565,121,200.1094,0.0339185682326621,0,active
565,122,11.859,0.0313863534675615,4,active
565,122,124.8394,0.0290800894854586,2,active
565,122,169.6094,0.0060181208053691,8,active
565,122,226.3559,0.001496644295302,1,sleeping
565,122,355.6067,0.0045053691275167,0,active
565,123,88.9701,0.0158357941834451,8,active
565,123,245.5049,0.0193067114093959,12,active
565,123,320.6358,0.0596856823266219,0,active
565,124,2.9124,0.0321384787472035,3,active
565,124,158.8484,0.0462807606263982,2,active
565,124,253.2234,0.0361619686800894,9,active
565,125,59.7085,0.0146342281879194,3,active
565,125,238.7372,0.0016489932885906,0,sleeping
565,125,253.7196,0.0079089485458612,0,active
565,126,16.4724,0.0018738255033557,0,sleeping
565,126,146.131,0.0002331096196868,0,sleeping
565,126,237.7502,9.149888143176736e-05,0,sleeping
565,127,76.0325,0.0300771812080536,3,active
565,127,128.1485,0.005289932885906,0,active
565,127,300.1867,0.0179002237136465,5,active
565,128,16.4841,0.0160447427293064,5,active
565,128,243.0366,0.0106720357941834,9,active
565,128,273.6835,7.606263982102909e-06,0,sleeping
565,134,138.5967,0.0038129753914988,8,active
565,156,1.0946,0.0103572706935123,9,active
566,0,117.8716,0.0001447427293064,0,sleeping
566,2,252.8859,0.0,0,sleeping
567,2,154.9184,0.0027362416107382,9,sleeping
567,24,85.0753,0.0004684563758389,0,empty
