exp,file_num,t_entry,t_out,in_tunnel,motion_pre,motion_pre_max,still_frac,motion_post,arrival_calls,arrival_rate
492,2,139.0555,143.1,4.044499999999999,0.0071172259507829,0.0492,0.7248322147651006,0.0270514124293785,0,0.0
492,2,169.0795,171.7333,2.653800000000018,0.0,0.0,1.0,0.0291621468926553,0,0.0
492,2,203.0412,204.8333,1.792100000000005,0.0,0.0,1.0,0.0291734463276836,0,0.0
492,3,147.0253,149.0,1.9747000000000128,0.0,0.0,1.0,0.033212429378531,0,0.0
492,4,192.4373,194.0,1.5627000000000066,2.237136465324385e-07,3.3333333333333335e-05,1.0,0.0280830508474576,0,0.0
492,5,222.14,223.6,1.460000000000008,0.0,0.0,1.0,0.0293423728813559,0,0.0
492,5,325.3982,332.7667,7.36850000000004,0.0,0.0,1.0,0.028131638418079,0,0.0
492,6,216.3495,220.0333,3.683799999999991,0.0,0.0,1.0,0.0286231638418079,0,0.0
492,6,266.4432,271.4667,5.023500000000013,0.0,0.0,1.0,0.0329779661016949,0,0.0
492,7,165.297,168.4333,3.1363000000000056,0.0,0.0,1.0,0.0320994350282485,0,0.0
492,9,318.6932,321.7,3.0067999999999984,0.0168782997762863,0.0724666666666666,0.4563758389261745,0.0497084745762711,5,2.0
492,10,32.9684,35.8667,2.898299999999999,0.0066890380313199,0.0412333333333333,0.6711409395973155,0.0693983050847457,6,2.4
492,10,190.38,204.4667,14.086700000000008,0.0,0.0,1.0,0.022083615819209,4,1.6
492,10,257.5724,261.4,3.827599999999961,0.0,0.0,1.0,0.0200757062146892,0,0.0
492,10,275.5436,278.0667,2.5230999999999995,0.0,0.0,1.0,0.0436033898305084,0,0.0
492,10,308.0485,309.1,1.0515000000000327,0.0,0.0,1.0,0.024083615819209,0,0.0
492,11,217.8941,220.7333,2.8392000000000053,1.3422818791946309e-06,3.3333333333333335e-05,1.0,0.0248468926553672,1,0.4
492,11,322.6529,326.8333,4.18040000000002,0.0,0.0,1.0,0.0296440677966101,1,0.4
492,12,131.8405,134.9333,3.092800000000011,0.0,0.0,1.0,0.0293514124293785,3,1.2
492,12,286.9691,289.0333,2.064199999999971,1.3422818791946309e-06,3.3333333333333335e-05,1.0,0.0324107344632768,1,0.4
492,13,114.6253,116.4667,1.8414000000000077,0.0,0.0,1.0,0.0287412429378531,0,0.0
492,13,302.3917,307.1,4.708300000000008,0.0134451901565995,0.0513333333333333,0.4563758389261745,0.0401977401129943,15,6.0
492,14,181.4845,186.5667,5.0822,0.0103098434004474,0.0398333333333333,0.4899328859060403,0.0379446327683615,0,0.0
492,14,204.717,206.7,1.982999999999976,0.016710514541387,0.0521333333333333,0.2281879194630872,0.0383101694915254,1,0.4
492,14,216.9394,224.7,7.760599999999982,0.0282574944071588,0.0787,0.0335570469798657,0.0140610169491525,0,0.0
492,14,305.7546,306.6667,0.9121000000000096,0.0069977628635346,0.0451,0.6845637583892618,0.0268050847457627,3,1.2
492,14,343.9219,344.8,0.8781000000000176,0.0,0.0,1.0,0.0194242937853107,0,0.0
492,14,346.8405,351.8667,5.02619999999996,0.0082498881431767,0.0477,0.6308724832214765,0.0153621468926553,0,0.0
492,15,28.3051,32.4,4.094899999999999,0.0004740492170022,0.0166333333333333,0.9664429530201344,0.0286841807909604,4,1.6
492,15,85.6822,88.7333,3.0511000000000053,0.0108158836689038,0.0758666666666666,0.697986577181208,0.0470401129943502,0,0.0
492,15,100.727,103.2333,2.506299999999996,0.0181373601789709,0.0524,0.087248322147651,0.0433163841807909,9,3.6
492,15,193.5276,195.5667,2.0390999999999906,0.0183776286353467,0.0499333333333333,0.3020134228187919,0.0575909604519774,4,1.6
492,15,222.4171,223.5667,1.1495999999999924,0.008893288590604,0.06,0.5637583892617449,0.0595039548022598,0,0.0
492,15,234.2294,236.0333,1.8038999999999987,0.0311389261744966,0.1078333333333333,0.0805369127516778,0.0482463276836158,10,4.0
492,15,239.7398,240.6667,0.9268999999999892,0.0413436241610738,0.0753,0.0,0.0573796610169491,9,3.6
492,16,40.97,42.8,1.8299999999999983,0.0212393736017897,0.0510666666666666,0.0335570469798657,0.0423129943502824,0,0.0
492,16,147.0562,149.7,2.643799999999999,0.0256977628635346,0.0565333333333333,0.0,0.0566819209039548,1,0.4
492,20,87.3529,108.6333,21.2804,0.0003731543624161,0.0068666666666666,0.9932885906040269,0.0416983050847457,1,0.4
492,21,195.9052,200.2,4.294799999999981,0.0128961968680089,0.0315666666666666,0.0671140939597315,0.0479062146892655,3,1.2
492,21,217.1372,225.5667,8.42949999999999,0.0170288590604026,0.0397,0.1275167785234899,0.0348649717514124,11,4.4
492,21,288.1483,293.5333,5.384999999999991,0.0270304250559284,0.0538666666666666,0.0,0.0484706214689265,2,0.8
493,1,205.5887,206.6333,1.0446000000000026,0.0057096196868008,0.0239666666666666,0.5302013422818792,0.024174011299435,0,0.0
493,3,77.0035,79.8333,2.829799999999992,1.8568232662192395e-05,0.0016333333333333,1.0,0.0153118644067796,9,3.6
493,3,117.0647,119.0667,2.001999999999996,0.0035577181208053,0.0187666666666666,0.6241610738255033,0.0129875706214689,3,1.2
493,3,323.616,324.5,0.8840000000000146,0.0086809843400447,0.0289,0.4295302013422818,0.025767231638418,9,3.6
493,6,108.1893,111.6333,3.4440000000000026,0.048934899328859,0.0759,0.0,0.0598604519774011,10,4.0
493,6,314.3011,332.6333,18.3322,0.0120306487695749,0.0579,0.4697986577181208,0.0390254237288135,0,0.0
493,7,8.4704,9.6333,1.1629000000000005,0.0307834451901566,0.0636333333333333,0.1073825503355704,0.0337079096045197,5,2.0
493,7,40.2971,41.7667,1.4695999999999998,0.0239883668903803,0.0730333333333333,0.0939597315436241,0.0431163841807909,8,3.2
493,7,66.8936,68.4333,1.5396999999999963,0.0236492170022371,0.0822333333333333,0.046979865771812,0.0383079096045197,11,4.4
493,7,117.0193,120.1,3.080699999999993,0.0111147651006711,0.0384666666666666,0.3288590604026846,0.0226587570621468,3,1.2
493,7,122.0921,126.5,4.407899999999998,0.0251369127516778,0.0612,0.1140939597315436,0.0252429378531073,3,1.2
493,7,161.3181,162.4,1.0819000000000187,0.0181534675615212,0.0391333333333333,0.0134228187919463,0.0393864406779661,2,0.8
493,7,164.8769,165.5667,0.6897999999999911,0.027831543624161,0.0648,0.0067114093959731,0.0442802259887005,1,0.4
493,7,317.1537,318.5667,1.413000000000011,0.0152586129753914,0.0436,0.2080536912751678,0.030993220338983,5,2.0
493,8,97.9474,98.6667,0.719300000000004,0.009548322147651,0.0307666666666666,0.2550335570469799,0.0239158192090395,5,2.0
493,8,99.1566,99.7333,0.5767000000000024,0.0131295302013422,0.0628666666666666,0.1342281879194631,0.0322621468926553,9,3.6
493,8,130.2449,131.2667,1.0217999999999847,0.00405548098434,0.0217666666666666,0.6845637583892618,0.0206011299435028,10,4.0
493,8,167.1502,167.8667,0.7164999999999964,0.009497091722595,0.0284333333333333,0.2348993288590604,0.0302898305084745,8,3.2
493,8,189.7599,197.5,7.740100000000012,0.001707158836689,0.024,0.9261744966442952,0.0359152542372881,2,0.8
493,8,200.4141,205.4,4.985900000000015,0.0350046979865771,0.0641333333333333,0.0134228187919463,0.0371118644067796,6,2.4
493,8,337.2831,345.4,8.116899999999987,0.0181387024608501,0.0506,0.046979865771812,0.0388039548022598,2,0.8
493,9,79.3553,79.9,0.544700000000006,0.0056324384787472,0.0261,0.5637583892617449,0.0378129943502824,2,0.8
493,9,120.3022,122.5333,2.231099999999998,0.0044357941834451,0.0224,0.6711409395973155,0.020038418079096,5,2.0
493,10,16.5641,17.2333,0.6692,0.0042149888143176,0.0182,0.6375838926174496,0.0136570621468926,3,1.2
493,10,85.903,86.7333,0.830299999999994,0.0100017897091722,0.0240666666666666,0.3020134228187919,0.0207966101694915,5,2.0
493,10,145.1353,147.2333,2.098000000000013,0.0053369127516778,0.0266,0.610738255033557,0.0331977401129943,6,2.4
493,10,155.2188,156.7,1.4812000000000012,0.0153704697986577,0.0652333333333333,0.1946308724832214,0.023564406779661,10,4.0
493,10,163.9812,165.2667,1.2854999999999848,0.0276373601789709,0.0467,0.0134228187919463,0.0334604519774011,4,1.6
493,11,112.5157,113.1667,0.6510000000000105,0.0026829977628635,0.0115666666666666,0.8322147651006712,0.0267440677966101,1,0.4
493,11,135.3003,138.6667,3.3663999999999987,0.0153563758389261,0.0341666666666666,0.1476510067114094,0.0408966101694915,15,6.0
493,11,209.1382,210.0,0.8617999999999881,0.0076964205816554,0.0213,0.2953020134228188,0.0414796610169491,15,6.0
493,11,272.9099,278.6667,5.756799999999998,0.0136935123042505,0.0436333333333333,0.1476510067114094,0.0416564971751412,12,4.8
493,12,34.2527,35.1333,0.8806000000000012,0.0093239373601789,0.0332,0.3624161073825503,0.0319395480225988,7,2.8
493,12,110.7566,111.2333,0.4766999999999939,0.0018064876957494,0.0101,0.9194630872483222,0.0328322033898305,0,0.0
493,12,134.6919,135.3333,0.6414000000000044,0.002531096196868,0.0105666666666666,0.7986577181208053,0.022776836158192,4,1.6
493,12,161.786,162.4333,0.6473000000000013,0.0063098434004474,0.0261333333333333,0.4563758389261745,0.0313841807909604,3,1.2
493,12,231.8181,233.1667,1.348600000000005,3.914988814317673e-05,0.0001666666666666,1.0,0.0332926553672316,8,3.2
493,12,232.4698,233.1667,0.6968999999999994,0.0014324384787472,0.0380666666666666,0.9463087248322148,0.0332926553672316,8,3.2
493,12,240.3902,240.9333,0.5431000000000097,0.0085261744966442,0.0417,0.4899328859060403,0.020964406779661,1,0.4
493,12,298.5575,299.1667,0.6091999999999871,3.064876957494407e-05,0.0001666666666666,1.0,0.0175745762711864,1,0.4
493,12,302.0014,310.8,8.798600000000022,0.0076825503355704,0.0778666666666666,0.7181208053691275,0.0363050847457627,2,0.8
493,12,321.7821,322.5,0.717899999999986,0.0170677852348993,0.0457666666666666,0.0738255033557047,0.034909604519774,0,0.0
493,12,340.1183,340.8333,0.7150000000000318,0.0151196868008948,0.0399666666666666,0.0805369127516778,0.0412525423728813,0,0.0
493,13,48.7421,49.3333,0.5912000000000006,0.0155926174496644,0.0600333333333333,0.2483221476510067,0.0195152542372881,1,0.4
493,13,51.2291,51.9,0.670899999999996,0.0174939597315436,0.0629666666666666,0.2214765100671141,0.025428813559322,6,2.4
493,13,95.4338,96.0,0.5661999999999949,0.0246876957494407,0.0548333333333333,0.0201342281879194,0.044812429378531,4,1.6
493,13,182.2509,183.1,0.8490999999999929,0.0050165548098434,0.0192333333333333,0.5234899328859061,0.0181011299435028,2,0.8
493,13,189.2643,190.3333,1.0690000000000168,0.0077751677852349,0.0285,0.4228187919463087,0.0234666666666666,2,0.8
493,13,215.3264,222.3,6.973600000000005,0.0068458612975391,0.0520333333333333,0.5973154362416108,0.0217723163841807,0,0.0
493,13,298.598,299.3,0.7019999999999982,0.0013572706935123,0.0112,0.9463087248322148,0.0230197740112994,6,2.4
493,13,338.6574,341.0667,2.40930000000003,0.0129366890380313,0.0560333333333333,0.3288590604026846,0.0352163841807909,1,0.4
493,14,55.11,55.7,0.5900000000000034,0.0027753914988814,0.0185333333333333,0.8389261744966443,0.0231005649717514,0,0.0
493,14,125.7895,126.5333,0.7437999999999931,0.0098872483221476,0.0329,0.2751677852348993,0.0275463276836158,4,1.6
493,14,201.8478,203.8,1.9522000000000048,0.0198881431767337,0.0493333333333333,0.0604026845637583,0.051676836158192,8,3.2
493,15,58.8494,59.3667,0.5172999999999988,0.0065375838926174,0.0208,0.4563758389261745,0.0263870056497175,2,0.8
493,15,118.2102,118.8333,0.6230999999999938,0.0187131991051454,0.0574,0.0134228187919463,0.0312887005649717,4,1.6
493,15,174.5788,175.0333,0.4544999999999959,0.0086595078299776,0.0340333333333333,0.5369127516778524,0.0222293785310734,1,0.4
493,15,188.2174,188.8333,0.6159000000000106,0.0070680089485458,0.0256,0.3758389261744966,0.0326101694915254,0,0.0
493,15,198.0223,198.6,0.577699999999993,0.0016648769574944,0.0077666666666666,0.9194630872483222,0.0254412429378531,0,0.0
493,15,228.6399,229.3333,0.6933999999999969,0.001507158836689,0.0078333333333333,0.9798657718120806,0.0288011299435028,6,2.4
493,15,239.1699,239.8,0.6300999999999988,0.0008809843400447,0.0054,0.9798657718120806,0.0270966101694915,0,0.0
493,15,275.0213,275.8,0.7787000000000148,0.0041787472035794,0.0153,0.7315436241610739,0.0165598870056497,0,0.0
493,15,319.6145,320.2667,0.6521999999999935,0.0149255033557046,0.0847333333333333,0.1610738255033557,0.0386983050847457,0,0.0
493,15,336.3404,337.2,0.8596000000000004,0.0054489932885906,0.0201333333333333,0.5503355704697986,0.0232615819209039,2,0.8
493,15,356.11,356.7333,0.623299999999972,0.0042512304250559,0.0164333333333333,0.6442953020134228,0.030193220338983,0,0.0
493,16,12.6229,13.3667,0.7438000000000002,0.0033080536912751,0.0149666666666666,0.7785234899328859,0.0257079096045197,0,0.0
493,16,25.0459,25.6,0.5541000000000018,0.0010615212527964,0.0087333333333333,0.9731543624161074,0.015454802259887,4,1.6
493,16,33.6465,34.4,0.7534999999999954,0.0035684563758389,0.0434,0.8590604026845637,0.024731638418079,0,0.0
493,16,49.8686,50.5333,0.6646999999999963,1.968680089485459e-05,0.0001,1.0,0.0216248587570621,0,0.0
493,16,54.8246,55.6667,0.8421000000000021,0.0100959731543624,0.0869333333333333,0.5503355704697986,0.0118762711864406,3,1.2
493,16,64.7611,65.4,0.6389000000000067,0.0068510067114093,0.0314,0.4630872483221476,0.0212,0,0.0
493,16,98.6745,99.4667,0.7922000000000082,3.3557046979865773e-06,0.0001333333333333,1.0,0.0158954802259887,7,2.8
493,16,102.7494,103.9667,1.2173000000000087,0.0085111856823266,0.0484,0.5906040268456376,0.0135333333333333,12,4.8
493,16,112.4482,113.1333,0.6851000000000056,0.0065961968680089,0.0308333333333333,0.4429530201342282,0.0150813559322033,3,1.2
493,16,168.8607,169.5,0.6392999999999915,0.042617673378076,0.0999333333333333,0.0,0.0439915254237288,6,2.4
493,16,285.0439,285.7333,0.6893999999999778,0.0087451901565995,0.0308,0.3624161073825503,0.031754802259887,4,1.6
493,16,343.0415,344.1667,1.1252000000000066,0.0157961968680089,0.0354666666666666,0.1140939597315436,0.0261937853107344,2,0.8
493,17,239.0834,243.6333,4.54989999999998,0.0188402684563758,0.0348,0.0,0.0361954802259887,6,2.4
493,17,313.2343,320.9333,7.698999999999955,0.0074042505592841,0.0253333333333333,0.4496644295302013,0.0297983050847457,3,1.2
493,17,330.5605,331.1667,0.6062000000000012,0.0113129753914988,0.0320666666666666,0.1409395973154362,0.0322372881355932,0,0.0
493,18,18.2694,26.4,8.130599999999998,0.0054648769574944,0.0158333333333333,0.5302013422818792,0.018476836158192,1,0.4
493,20,224.1123,227.5667,3.4543999999999926,0.0342731543624161,0.0796666666666666,0.0,0.0288841807909604,13,5.2
493,20,351.4565,352.1,0.6435000000000173,0.0191120805369127,0.0414,0.0,0.0328615819209039,16,6.4
493,21,21.3919,22.0,0.6081000000000003,0.003262639821029,0.0112,0.7315436241610739,0.0149903954802259,7,2.8
493,21,54.1731,55.5333,1.360199999999999,0.0183409395973154,0.0832333333333333,0.2214765100671141,0.0187915254237288,9,3.6
493,21,73.1264,73.7667,0.6402999999999963,0.0119152125279642,0.0337,0.2214765100671141,0.0202638418079096,12,4.8
493,21,79.3578,79.9,0.5422000000000082,0.0167753914988814,0.0458333333333333,0.1879194630872483,0.0343604519774011,6,2.4
493,21,96.2416,97.1333,0.8917000000000002,0.0091230425055928,0.0319666666666666,0.3624161073825503,0.0340553672316384,14,5.6
493,21,105.708,106.6333,0.9253000000000072,0.0162812080536912,0.0387333333333333,0.0134228187919463,0.0223485875706214,9,3.6
493,21,114.616,115.2,0.5840000000000032,0.0031476510067114,0.0248,0.825503355704698,0.0252005649717514,6,2.4
493,21,134.5528,135.2,0.647199999999998,0.0058328859060402,0.0200666666666666,0.5234899328859061,0.0236971751412429,7,2.8
493,21,152.3277,153.0667,0.7390000000000043,0.0004527964205816,0.0088333333333333,0.9798657718120806,0.0197491525423728,3,1.2
493,21,158.0167,158.7667,0.75,0.0082085011185682,0.0766,0.6577181208053692,0.0161683615819209,7,2.8
493,21,185.4504,186.1,0.6495999999999924,9.395973154362417e-05,0.0014666666666666,1.0,0.0239960451977401,5,2.0
493,21,219.4809,221.8,2.31910000000002,0.0097357941834451,0.0495333333333333,0.5167785234899329,0.0151745762711864,5,2.0
493,22,21.4155,22.2,0.7844999999999978,0.0078684563758389,0.0193333333333333,0.2416107382550335,0.0161655367231638,6,2.4
493,22,67.2519,72.1667,4.9148,0.0175228187919463,0.056,0.1812080536912751,0.0224011299435028,6,2.4
493,22,247.7027,248.2667,0.563999999999993,0.0071015659955257,0.0300333333333333,0.5771812080536913,0.017319209039548,7,2.8
493,26,31.0648,34.2667,3.2018999999999984,0.0100120805369127,0.0286,0.1812080536912751,0.0233508474576271,11,4.4
493,26,76.3569,77.2333,0.8764000000000038,0.004189932885906,0.0177,0.7315436241610739,0.0145841807909604,8,3.2
493,26,96.5264,97.2667,0.7403000000000048,0.0024583892617449,0.0117333333333333,0.8590604026845637,0.0085451977401129,6,2.4
493,26,108.5243,109.6,1.0756999999999977,0.0074921700223713,0.0297333333333333,0.3825503355704698,0.0316762711864406,11,4.4
493,26,114.9285,115.5333,0.6047999999999973,0.0218505592841163,0.0776,0.0067114093959731,0.0356214689265536,8,3.2
493,26,121.1546,124.3667,3.2120999999999924,0.0313161073825503,0.0619333333333333,0.0,0.0312423728813559,4,1.6
493,26,123.5254,124.3667,0.8412999999999897,0.0284789709172259,0.0619333333333333,0.0,0.0312423728813559,4,1.6
493,26,174.1286,174.7,0.5713999999999828,0.0084700223713646,0.0457666666666666,0.4966442953020134,0.0262887005649717,3,1.2
493,26,196.4705,197.0,0.529500000000013,0.0213686800894854,0.0431333333333333,0.0,0.0147305084745762,1,0.4
493,26,283.4724,284.2333,0.7608999999999924,0.001945413870246,0.0154666666666666,0.8926174496644296,0.0284112994350282,10,4.0
493,26,294.0275,295.0333,1.005800000000022,0.0023049217002237,0.0184,0.8657718120805369,0.0155158192090395,7,2.8
493,26,301.2229,301.9667,0.7438000000000216,0.0060639821029082,0.0362666666666666,0.5570469798657718,0.021122033898305,2,0.8
493,26,329.8408,330.6333,0.7925000000000182,0.008893736017897,0.0414666666666666,0.5369127516778524,0.0195355932203389,0,0.0
493,27,102.9377,103.7333,0.7955999999999932,0.0209706935123042,0.0547666666666666,0.0067114093959731,0.0184237288135593,0,0.0
493,27,138.5496,139.0667,0.5170999999999992,0.0058541387024608,0.0293,0.6040268456375839,0.0179502824858757,0,0.0
493,27,149.513,150.5333,1.0202999999999918,0.0043666666666666,0.0227666666666666,0.7114093959731543,0.0417118644067796,3,1.2
493,27,183.531,184.1667,0.6356999999999857,0.01278322147651,0.048,0.2751677852348993,0.0167881355932203,10,4.0
493,27,248.9864,249.6,0.613599999999991,0.01898322147651,0.0489666666666666,0.0536912751677852,0.0235666666666666,5,2.0
493,27,252.1383,252.8667,0.7284000000000219,0.0189460850111856,0.0706666666666666,0.1073825503355704,0.0293435028248587,7,2.8
493,27,264.5539,265.3,0.7461000000000126,0.0214630872483221,0.0526666666666666,0.0067114093959731,0.0280615819209039,2,0.8
493,27,348.6794,349.3,0.6206000000000245,0.0086722595078299,0.0359333333333333,0.4161073825503356,0.0183209039548022,6,2.4
493,28,56.3483,64.3333,7.984999999999992,0.0032136465324384,0.0125,0.7651006711409396,0.0278570621468926,9,3.6
493,28,245.5621,250.2,4.637900000000002,0.0310856823266219,0.0539,0.0,0.0383446327683615,3,1.2
493,28,268.0336,270.4,2.3663999999999987,0.0335472035794183,0.0604,0.0,0.0648107344632768,1,0.4
493,28,342.2668,343.4,1.133199999999988,0.0304346756152125,0.0788666666666666,0.0,0.0458372881355932,2,0.8
493,29,6.492,7.2,0.7080000000000002,0.0325796420581655,0.0731666666666666,0.046979865771812,0.0375821839080459,6,2.4
493,29,25.6458,26.4,0.7541999999999973,0.030165548098434,0.0803666666666666,0.0,0.0501694915254237,5,2.0
493,29,46.3672,49.3,2.9328000000000003,0.0178950782997762,0.0919666666666666,0.3020134228187919,0.0386355932203389,5,2.0
493,29,77.6119,78.2,0.5880999999999972,0.0380261744966443,0.0885333333333333,0.0,0.0406265536723163,5,2.0
493,29,100.1297,101.9333,1.803600000000003,0.027276062639821,0.1355,0.1543624161073825,0.0508604519774011,1,0.4
493,29,120.59,121.2,0.6099999999999994,0.0327091722595078,0.1186333333333333,0.0,0.0596937853107344,1,0.4
493,29,135.194,136.9333,1.7393000000000145,0.0165780760626398,0.0532,0.046979865771812,0.0559271186440678,0,0.0
493,29,145.7876,146.5667,0.7790999999999997,0.0266910514541387,0.0637,0.0,0.0466497175141243,7,2.8
493,29,147.8099,148.4,0.5901000000000067,0.0333695749440715,0.0847666666666666,0.0,0.0482615819209039,0,0.0
493,29,157.4386,163.4,5.961399999999998,0.0371246085011185,0.1241333333333333,0.0,0.0606107344632768,6,2.4
493,29,166.0652,166.7333,0.6681000000000097,0.0418720357941834,0.1075,0.0201342281879194,0.0514700564971751,1,0.4
493,29,195.5682,196.2667,0.6984999999999957,0.0323076062639821,0.0757333333333333,0.0,0.0486197740112994,1,0.4
493,30,12.5562,13.3333,0.777099999999999,0.0265237136465324,0.074,0.1073825503355704,0.0553553672316384,4,1.6
493,30,29.0426,29.5,0.4573999999999998,0.0052360178970917,0.0482666666666666,0.7449664429530202,0.0306090395480226,0,0.0
493,30,43.1805,44.0667,0.8861999999999952,0.0112534675615212,0.0517333333333333,0.3892617449664429,0.0309361581920903,0,0.0
493,30,50.6874,51.3333,0.6459000000000046,0.0130463087248322,0.0569666666666666,0.2885906040268456,0.0353180790960451,0,0.0
493,30,78.1066,78.7667,0.6600999999999999,0.0199590604026845,0.0589,0.1610738255033557,0.0448983050847457,0,0.0
493,30,91.4452,92.1,0.6547999999999945,0.0199527964205816,0.0787333333333333,0.1073825503355704,0.0387508474576271,1,0.4
493,30,120.8128,121.7,0.8872000000000071,0.0438384787472035,0.0868666666666666,0.0,0.0623135593220339,4,1.6
493,30,122.4,123.6333,1.2332999999999998,0.0461031319910514,0.0868666666666666,0.0,0.0614474576271186,9,3.6
493,30,230.91,233.0,2.0900000000000034,0.0129201342281879,0.0581333333333333,0.2818791946308724,0.0358677966101694,0,0.0
493,30,243.5473,244.3333,0.7860000000000014,0.0267854586129753,0.0646,0.0067114093959731,0.0429175141242937,8,3.2
493,30,245.4731,246.0667,0.5936000000000092,0.0319961968680089,0.0723666666666666,0.0067114093959731,0.0410615819209039,5,2.0
493,30,252.4394,253.1,0.6605999999999881,0.0342541387024608,0.0775333333333333,0.0,0.0519497175141243,1,0.4
493,31,157.4801,158.9333,1.4532000000000096,0.0061194630872483,0.0327,0.5838926174496645,0.0222372881355932,3,1.2
493,31,293.5041,294.8667,1.3625999999999865,0.0071364653243847,0.0261,0.3691275167785235,0.0256429378531073,7,2.8
493,31,322.3557,323.2333,0.8775999999999726,0.011097091722595,0.0318,0.1073825503355704,0.0263774011299435,0,0.0
493,32,23.3746,23.9667,0.5920999999999985,0.0036559284116331,0.0123666666666666,0.7583892617449665,0.0183706214689265,5,2.0
493,32,48.5907,49.3,0.7092999999999989,0.0059378076062639,0.0165333333333333,0.4228187919463087,0.0204785310734463,8,3.2
493,32,103.6399,104.3333,0.6933999999999969,0.0081919463087248,0.0673333333333333,0.5771812080536913,0.0366361581920903,2,0.8
493,32,146.5274,147.1667,0.6392999999999915,0.0039472035794183,0.0114,0.7114093959731543,0.014374011299435,0,0.0
493,32,158.5117,159.2333,0.7216000000000236,0.0077364653243847,0.0374666666666666,0.5436241610738255,0.0184903954802259,8,3.2
493,32,177.6737,178.4333,0.759600000000006,0.0038568232662192,0.0109,0.6778523489932886,0.0183045197740113,3,1.2
493,32,270.7944,271.5667,0.7723000000000297,0.0038919463087248,0.0157333333333333,0.6644295302013423,0.0215344632768361,0,0.0
493,32,300.3083,300.9667,0.6584000000000287,0.0051333333333333,0.0114666666666666,0.5167785234899329,0.0146050847457627,1,0.4
493,32,348.6495,349.2667,0.6172000000000253,0.0103510067114094,0.0352333333333333,0.2684563758389262,0.0263593220338983,5,2.0
493,33,1.7677,2.5333,0.7656000000000001,0.0186214765100671,0.0776333333333333,0.1208053691275167,0.0299807909604519,1,0.4
493,33,26.8851,27.6,0.7149000000000001,0.0064451901565995,0.0337,0.5234899328859061,0.0266412429378531,0,0.0
493,33,39.3525,40.9667,1.614200000000004,0.0085492170022371,0.0409666666666666,0.4899328859060403,0.0263412429378531,17,6.8
493,33,52.7529,53.3667,0.6138000000000048,0.0244532438478747,0.0661666666666666,0.0067114093959731,0.0291079096045197,1,0.4
493,33,71.5998,72.3,0.7001999999999953,0.0177854586129753,0.0551666666666666,0.1677852348993288,0.042257627118644,5,2.0
493,33,79.0711,81.1667,2.095600000000005,0.0210982102908277,0.0937333333333333,0.2751677852348993,0.0461305084745762,2,0.8
493,33,97.426,98.2333,0.8072999999999979,0.0230089485458612,0.0544333333333333,0.1208053691275167,0.0385807909604519,2,0.8
493,33,114.373,115.0667,0.6936999999999927,0.0154552572706935,0.0459333333333333,0.1342281879194631,0.0426423728813559,4,1.6
493,33,176.2112,181.5333,5.322100000000006,0.0162532438478747,0.0733333333333333,0.3758389261744966,0.0275796610169491,7,2.8
493,33,184.0668,184.9,0.833200000000005,0.0253570469798657,0.0531666666666666,0.0,0.025402824858757,6,2.4
493,33,189.329,190.1,0.7709999999999866,0.0251118568232662,0.0865,0.0201342281879194,0.0579937853107344,6,2.4
493,33,232.7782,233.4333,0.6551000000000045,0.0305212527964205,0.0740333333333333,0.0,0.0322610169491525,9,3.6
493,33,236.535,237.2667,0.7316999999999894,0.0324107382550335,0.0922,0.0268456375838926,0.0463694915254237,6,2.4
493,33,258.8663,259.5,0.6336999999999762,0.0263299776286353,0.0588333333333333,0.0201342281879194,0.0476163841807909,3,1.2
493,33,276.6783,277.6667,0.9884000000000128,0.0210548098434004,0.089,0.1275167785234899,0.0444525423728813,8,3.2
493,33,337.5293,338.1667,0.6374000000000137,0.0227478747203579,0.0465666666666666,0.0,0.0609706214689265,5,2.0
493,33,339.2757,339.9667,0.6910000000000309,0.0314552572706935,0.0949,0.0,0.0636745762711864,2,0.8
493,34,35.0491,36.2333,1.184199999999997,0.0300608501118568,0.1107666666666666,0.0,0.0369627118644067,3,1.2
493,34,49.0568,49.7667,0.7098999999999975,0.0308201342281879,0.0653666666666666,0.0067114093959731,0.046993220338983,4,1.6
493,34,104.3213,105.0,0.6787000000000063,0.0373217002237136,0.0667,0.0,0.040357627118644,0,0.0
493,34,314.2949,314.8667,0.5717999999999961,0.0241731543624161,0.0712,0.0,0.0477971751412429,4,1.6
493,34,322.7679,323.8667,1.098799999999983,0.0117393736017897,0.0308666666666666,0.2751677852348993,0.0308887005649717,5,2.0
493,34,346.4031,347.0333,0.6302000000000021,0.0299114093959731,0.0656,0.0,0.046522033898305,0,0.0
493,35,36.681,42.9,6.219000000000001,0.0231897091722595,0.0488333333333333,0.0,0.0319779661016949,1,0.4
493,35,203.9922,208.4333,4.441100000000006,0.012241610738255,0.0571333333333333,0.4765100671140939,0.0395107344632768,16,6.4
493,36,174.5427,175.6333,1.090599999999995,0.0034076062639821,0.0758666666666666,0.912751677852349,0.0223045197740113,1,0.4
493,36,221.883,222.7333,0.8503000000000043,5.1454138702460855e-06,0.0001666666666666,1.0,0.026864406779661,0,0.0
493,36,276.9013,277.9667,1.065400000000011,0.0105418344519015,0.0649333333333333,0.6241610738255033,0.019857627118644,1,0.4
493,36,280.2915,282.2,1.908500000000004,0.0098029082774049,0.1013333333333333,0.5100671140939598,0.0221937853107344,9,3.6
493,36,357.9006,358.9,0.99939999999998,0.0150460850111856,0.0778666666666666,0.2885906040268456,0.0478072916666666,0,0.0
493,37,52.8031,54.4333,1.630200000000002,0.0175261744966442,0.0749333333333333,0.1610738255033557,0.0278401129943502,4,1.6
493,37,89.45,90.1,0.6499999999999915,0.0029545861297539,0.0092666666666666,0.8657718120805369,0.0228401129943502,0,0.0
493,37,254.6756,255.3667,0.6911000000000058,1.812080536912752e-05,0.0012666666666666,1.0,0.0165977401129943,0,0.0
493,37,297.1721,301.3,4.127900000000011,0.0064375838926174,0.0356333333333333,0.5369127516778524,0.0219418079096045,3,1.2
493,37,343.6065,345.7,2.093500000000006,0.0097098434004474,0.0659,0.7046979865771812,0.0238853107344632,1,0.4
493,38,25.532,26.2333,0.7012999999999998,4.47427293064877e-07,3.3333333333333335e-05,1.0,0.0380757062146892,0,0.0
493,38,51.4055,54.0667,2.661199999999994,0.0066344519015659,0.0860666666666666,0.7315436241610739,0.0206491525423728,0,0.0
493,38,210.5936,211.5333,0.9396999999999878,0.0030590604026845,0.0595,0.8993288590604027,0.0205067796610169,0,0.0
493,38,227.5925,229.9,2.3075000000000045,0.0038829977628635,0.0446666666666666,0.7919463087248322,0.0223920903954802,0,0.0
493,39,6.8181,9.4667,2.648599999999999,0.0015100671140939,0.0072666666666666,0.9463087248322148,0.0195870056497175,9,3.6
493,39,87.6163,89.4333,1.8170000000000075,0.0063852348993288,0.0249666666666666,0.4563758389261745,0.0211180790960451,9,3.6
493,40,74.1986,75.2333,1.0347000000000008,0.0034702460850111,0.0173666666666666,0.7449664429530202,0.0140282485875706,9,3.6
493,41,260.3762,263.6333,3.2571000000000367,0.0027395973154362,0.0357333333333333,0.8523489932885906,0.0122468926553672,2,0.8
493,44,22.7822,24.1667,1.3844999999999992,0.001865548098434,0.0307333333333333,0.912751677852349,0.0324423728813559,7,2.8
493,44,196.7464,199.3,2.553600000000017,0.0031469798657718,0.0274666666666666,0.8657718120805369,0.0174367231638418,5,2.0
493,45,121.5233,122.3,0.7766999999999911,0.0002246085011185,0.0085333333333333,0.9865771812080536,0.0101429378531073,0,0.0
493,45,238.4847,239.2667,0.7819999999999823,0.0069666666666666,0.0286666666666666,0.6510067114093959,0.0311711864406779,7,2.8
493,45,286.1999,286.8667,0.6667999999999665,0.002482774049217,0.0116666666666666,0.8523489932885906,0.0255372881355932,6,2.4
493,46,130.9146,134.7667,3.8520999999999783,0.0031856823266219,0.0193666666666666,0.7248322147651006,0.0145242937853107,5,2.0
493,47,192.6824,198.2333,5.550900000000013,0.0054744966442953,0.0236666666666666,0.5973154362416108,0.0209864406779661,3,1.2
493,47,230.0726,231.4667,1.3941000000000088,0.0045561521252796,0.0172,0.5771812080536913,0.028419209039548,0,0.0
493,47,260.6384,262.2,1.5615999999999983,0.010689932885906,0.0265666666666666,0.0805369127516778,0.0191525423728813,0,0.0
493,47,281.4566,282.8,1.343400000000031,0.0076485458612975,0.0259,0.4429530201342282,0.0232350282485875,4,1.6
493,48,115.511,116.5333,1.022300000000001,0.006779418344519,0.0159333333333333,0.2684563758389262,0.018102824858757,7,2.8
493,49,84.0773,84.5333,0.456000000000003,0.0104480984340044,0.0347666666666666,0.2080536912751678,0.0301988700564971,6,2.4
493,50,35.1795,35.8,0.6204999999999998,0.0025026845637583,0.0134333333333333,0.8926174496644296,0.0256807909604519,11,4.4
493,50,88.1954,88.8,0.6045999999999907,0.0098073825503355,0.0252666666666666,0.2348993288590604,0.0277497175141242,9,3.6
493,50,188.0764,188.9,0.823599999999999,0.0090809843400447,0.0284,0.2818791946308724,0.0241485875706214,5,2.0
493,50,333.2811,334.4667,1.1856000000000222,0.0013767337807606,0.0115333333333333,0.9194630872483222,0.0436909604519773,10,4.0
493,51,89.7956,102.3,12.504400000000004,0.000865548098434,0.0064666666666666,0.9865771812080536,0.0246903954802259,1,0.4
493,51,165.1395,166.8333,1.6938000000000102,0.0104682326621923,0.0283,0.2013422818791946,0.0166163841807909,10,4.0
493,52,6.403,8.4333,2.0302999999999995,0.0004011185682326,0.0085666666666666,0.959731543624161,0.027522033898305,13,5.2
493,52,269.3833,276.7667,7.383399999999995,0.0101953020134228,0.0292666666666666,0.1543624161073825,0.0087418079096045,0,0.0
493,52,354.6169,357.1667,2.5498000000000047,0.0017503355704697,0.0125,0.8859060402684564,0.0083734463276836,0,0.0
493,53,2.8744,5.6667,2.7923,0.0076371364653243,0.033,0.3892617449664429,0.0256497175141242,1,0.4
493,54,54.5408,58.0333,3.4925,0.0240107382550335,0.0758666666666666,0.0335570469798657,0.026928813559322,5,2.0
493,54,319.1547,321.6,2.445300000000032,0.0038389261744966,0.0156,0.7785234899328859,0.0260451977401129,5,2.0
493,54,342.9081,346.7333,3.8251999999999953,0.013059284116331,0.0328666666666666,0.1946308724832214,0.0281344632768361,7,2.8
493,56,168.7355,174.9667,6.231200000000001,0.0225926174496644,0.0472333333333333,0.0604026845637583,0.0338553672316384,14,5.6
493,56,325.5171,326.5,0.9828999999999724,0.0054563758389261,0.0125333333333333,0.4765100671140939,0.0261457627118644,0,0.0
493,58,55.6693,57.6333,1.9639999999999984,1.2975391498881432e-05,0.0002,1.0,0.0495118644067796,3,1.2
493,58,82.3431,83.1333,0.7901999999999987,0.0016953020134228,0.0266333333333333,0.906040268456376,0.0248338983050847,0,0.0
493,58,119.0869,147.6667,28.57979999999999,0.0222901565995525,0.0614333333333333,0.0402684563758389,0.0386632768361581,1,0.4
493,75,27.7129,30.6667,2.953799999999997,0.0194514541387024,0.0405,0.0268456375838926,0.0283564971751412,9,3.6
493,76,44.9619,46.4,1.4380999999999986,0.0035615212527964,0.0127666666666666,0.7919463087248322,0.0220209039548022,6,2.4
493,86,142.9522,144.0,1.0477999999999952,0.0010825503355704,0.0096333333333333,0.9328859060402684,0.0166180790960451,7,2.8
493,86,211.0865,211.9333,0.8468000000000018,0.001300447427293,0.0092,0.9395973154362416,0.0188271186440677,8,3.2
493,86,226.5099,228.1333,1.6234000000000035,0.0056901565995525,0.0165666666666666,0.4966442953020134,0.0166604519774011,9,3.6
493,86,267.9749,268.8667,0.8917999999999893,0.0082543624161073,0.0207333333333333,0.2953020134228188,0.0315536723163841,0,0.0
493,87,267.4159,270.7667,3.3507999999999925,0.0100270693512304,0.0259,0.1543624161073825,0.0161536723163841,8,3.2
493,87,318.2062,322.9667,4.760499999999979,0.0126829977628635,0.0358333333333333,0.2080536912751678,0.0113875706214689,2,0.8
493,88,49.4711,50.2,0.728900000000003,0.0072156599552572,0.0454333333333333,0.6241610738255033,0.0275186440677966,0,0.0
493,88,83.8233,84.6333,0.8100000000000023,0.0240239373601789,0.0852333333333333,0.2214765100671141,0.0290146892655367,7,2.8
493,88,224.6839,225.4333,0.7494000000000085,0.017213870246085,0.0386666666666666,0.0,0.0291887005649717,6,2.4
493,90,37.5719,51.1,13.528100000000002,0.0018946308724832,0.0101,0.9463087248322148,0.041309604519774,5,2.0
493,90,64.2887,65.1667,0.8780000000000001,0.0198266219239373,0.0697666666666666,0.1476510067114094,0.0422169491525423,4,1.6
493,90,108.547,113.7667,5.219700000000003,0.0047787472035794,0.0178333333333333,0.5973154362416108,0.0012231638418079,0,0.0
493,90,118.9118,133.6,14.688199999999997,0.001879418344519,0.0134333333333333,0.9194630872483222,0.0058090395480225,0,0.0
493,90,178.8613,181.5333,2.671999999999997,0.0048221476510067,0.0308666666666666,0.6644295302013423,0.0129610169491525,1,0.4
493,90,186.5439,190.0667,3.522799999999989,0.0119910514541387,0.0343,0.0738255033557047,0.0185807909604519,0,0.0
493,90,278.2422,279.4667,1.2244999999999775,0.0032308724832214,0.0145333333333333,0.7248322147651006,0.011112429378531,3,1.2
493,90,308.6303,325.6667,17.036400000000015,0.0076299776286353,0.0374333333333333,0.4765100671140939,0.0420016949152542,4,1.6
493,91,95.5246,99.7,4.175399999999996,0.0124751677852349,0.0425666666666666,0.174496644295302,0.0220214689265536,1,0.4
493,91,118.6471,119.6,0.9528999999999996,0.0242986577181208,0.0887666666666666,0.046979865771812,0.02194802259887,6,2.4
493,91,169.133,178.6333,9.500299999999982,0.0114326621923937,0.0339333333333333,0.2147651006711409,0.0355209039548022,7,2.8
493,92,79.924,80.8,0.8759999999999906,0.0030375838926174,0.0216333333333333,0.7583892617449665,0.0314994350282485,2,0.8
493,92,95.7128,98.2333,2.5204999999999984,0.0132630872483221,0.0369333333333333,0.0738255033557047,0.0444514124293785,0,0.0
493,92,152.5365,153.1333,0.5968000000000018,0.0184087248322147,0.0632333333333333,0.087248322147651,0.0338197740112994,3,1.2
493,92,207.6766,209.9333,2.256699999999995,0.0218744966442953,0.0520666666666666,0.0335570469798657,0.0440870056497175,2,0.8
493,93,110.2147,116.6,6.385300000000001,0.0144496644295302,0.0483333333333333,0.2953020134228188,0.0515129943502824,1,0.4
493,93,214.4614,215.7667,1.3052999999999884,0.025800447427293,0.0704666666666666,0.1275167785234899,0.0524717514124293,3,1.2
493,93,235.7123,239.0333,3.320999999999998,0.0258387024608501,0.0657,0.0,0.0476790960451977,1,0.4
493,93,293.9403,296.4333,2.492999999999995,0.0219720357941834,0.0488,0.0,0.0331813559322033,9,3.6
493,94,248.6449,249.9333,1.2883999999999958,0.0106355704697986,0.0315666666666666,0.1812080536912751,0.0164271186440677,16,6.4
493,96,1.175,4.2333,3.0583,0.018131543624161,0.054,0.2550335570469799,0.0395169491525423,8,3.2
493,97,13.6379,18.0,4.3621,4.47427293064877e-07,3.3333333333333335e-05,1.0,0.0151977401129943,2,0.8
493,97,27.51,28.5667,1.0566999999999993,0.0031286353467561,0.0106666666666666,0.7583892617449665,0.020593220338983,8,3.2
493,97,202.2848,208.4,6.115200000000016,0.0072543624161073,0.0625333333333333,0.738255033557047,0.0579423728813559,4,1.6
493,97,213.8878,214.6333,0.7454999999999927,0.0159973154362416,0.1566666666666666,0.6644295302013423,0.0477875706214689,2,0.8
493,97,307.7025,308.7333,1.0307999999999993,0.0091740492170022,0.0357,0.4161073825503356,0.0352429378531073,0,0.0
493,98,96.3965,101.1667,4.770200000000003,0.0007534675615212,0.0054333333333333,0.9932885906040269,0.0290265536723163,7,2.8
493,98,206.8112,211.9333,5.122099999999989,0.0072436241610738,0.0193333333333333,0.3087248322147651,0.0490474576271186,8,3.2
493,107,168.5531,170.2,1.646899999999988,0.0060689038031319,0.0266,0.5570469798657718,0.0158661016949152,5,2.0
493,108,6.2267,7.6,1.3732999999999995,8.859060402684565e-05,0.0042333333333333,1.0,0.0308401129943502,10,4.0
493,109,237.5142,240.2,2.6858000000000004,0.0004026845637583,0.0098,0.959731543624161,0.0230175141242937,13,5.2
493,110,78.2703,82.4,4.1297,0.0007519015659955,0.0096333333333333,0.953020134228188,0.0205305084745762,10,4.0
493,112,160.7786,164.9,4.121399999999994,3.8031319910514553e-06,6.666666666666667e-05,1.0,0.0155186440677966,7,2.8
493,113,14.8354,19.7333,4.8979,1.0514541387024608e-05,0.0002333333333333,1.0,0.0170971751412429,7,2.8
493,113,45.6551,48.1333,2.478200000000001,0.0023545861297539,0.0107,0.8791946308724832,0.054854802259887,11,4.4
493,113,343.7993,345.7667,1.9673999999999976,0.0114447427293064,0.0553666666666666,0.3959731543624161,0.0144621468926553,6,2.4
493,114,43.5542,45.0,1.4457999999999984,0.0047713646532438,0.0178,0.6174496644295302,0.0349542372881355,10,4.0
493,114,106.7989,111.2667,4.467799999999997,0.0024494407158836,0.0122333333333333,0.8389261744966443,0.0425101694915254,3,1.2
493,114,285.99,289.9667,3.976699999999994,0.0018961968680089,0.0089666666666666,0.9664429530201344,0.0604039548022598,0,0.0
493,115,181.6194,187.5,5.880599999999987,0.0025208053691275,0.0325333333333333,0.8791946308724832,0.0211694915254237,4,1.6
493,115,194.9818,200.2,5.218199999999996,0.0095778523489932,0.0241333333333333,0.3557046979865771,0.0286395480225988,9,3.6
493,116,37.7078,43.5667,5.858899999999998,0.0002803131991051,0.0064666666666666,0.9798657718120806,0.0100011299435028,2,0.8
493,116,262.0134,264.8333,2.8199000000000183,6.487695749440716e-06,0.0001,1.0,0.0221299435028248,8,3.2
493,117,86.5495,89.9667,3.417200000000008,0.0037624161073825,0.0201,0.7248322147651006,0.0121700564971751,10,4.0
493,117,129.7457,132.4333,2.6876000000000038,0.0003510067114093,0.0057,0.9932885906040269,0.0238875706214689,9,3.6
493,117,247.7844,251.1667,3.3822999999999865,0.0013941834451901,0.0062,0.9731543624161074,0.0219796610169491,0,0.0
493,118,77.5437,99.2,21.6563,5.727069351230425e-05,0.0017666666666666,1.0,0.0226231638418079,3,1.2
493,118,118.1564,118.9,0.7436000000000007,0.0143787472035794,0.0714666666666666,0.3020134228187919,0.0228118644067796,2,0.8
493,118,162.8922,166.4333,3.5411,0.0001733780760626,0.0025,1.0,0.0139847457627118,1,0.4
493,119,163.8331,166.2,2.366899999999987,0.0011118568232662,0.0157,0.912751677852349,0.0077158192090395,11,4.4
493,119,196.3527,198.1333,1.7805999999999926,0.0080749440715883,0.0265,0.4093959731543624,0.0382468926553672,13,5.2
493,120,62.085,63.7333,1.648299999999999,0.0228885906040268,0.0638,0.0604026845637583,0.0416056497175141,3,1.2
493,120,211.1946,216.6667,5.472099999999983,0.0118541387024608,0.0584333333333333,0.2147651006711409,0.0243553672316384,4,1.6
493,120,276.9265,281.0333,4.106800000000021,0.0013371364653243,0.0063666666666666,0.953020134228188,0.0413429378531073,0,0.0
493,120,346.4093,348.2,1.7907000000000153,0.0142738255033557,0.0612333333333333,0.2281879194630872,0.0237322033898305,18,7.2
493,121,14.0323,14.9333,0.9009999999999998,0.025938255033557,0.0651333333333333,0.0,0.0303847457627118,7,2.8
493,121,53.7639,54.6,0.8361000000000018,0.0243111856823266,0.0807333333333333,0.0,0.0329203389830508,6,2.4
493,121,84.6771,85.8667,1.1895999999999989,0.0283241610738255,0.0918666666666666,0.0201342281879194,0.0364960451977401,2,0.8
493,121,187.554,189.1667,1.6126999999999896,0.0364570469798657,0.0648666666666666,0.0,0.0420830508474576,1,0.4
493,121,192.1385,194.0667,1.928200000000004,0.0391458612975391,0.0921333333333333,0.0,0.0430497175141242,3,1.2
493,121,248.0161,248.7667,0.7505999999999915,0.0327440715883668,0.0937333333333333,0.0,0.0671231638418079,1,0.4
493,121,263.6052,264.1667,0.5614999999999668,0.0305988814317673,0.0829666666666666,0.0067114093959731,0.0476875706214689,3,1.2
493,122,40.7666,43.4,2.6334000000000017,0.0090841163310961,0.0431666666666666,0.436241610738255,0.0537033898305084,2,0.8
493,122,154.6632,160.2667,5.603499999999997,0.021507158836689,0.0493333333333333,0.0604026845637583,0.0404468926553672,15,6.0
493,122,287.819,288.5667,0.7477000000000089,0.0020165548098434,0.0199,0.8791946308724832,0.024064406779661,0,0.0
493,123,86.6229,88.7,2.077100000000001,0.0099127516778523,0.0257666666666666,0.087248322147651,0.0234033898305084,12,4.8
493,123,99.6343,103.0333,3.399000000000001,0.0020953020134228,0.0151333333333333,0.8859060402684564,0.0392994350282485,3,1.2
493,123,152.091,154.7667,2.6756999999999778,0.0231644295302013,0.0662666666666666,0.0,0.0317112994350282,4,1.6
493,123,339.6248,340.6333,1.0085000000000264,0.0179498881431767,0.0445,0.0402684563758389,0.0223203389830508,14,5.6
493,123,342.3476,343.6,1.2524000000000228,0.0163409395973154,0.0464666666666666,0.1610738255033557,0.0281135593220338,5,2.0
493,124,118.6623,119.8333,1.1709999999999925,0.0178803131991051,0.0384,0.0201342281879194,0.03124802259887,14,5.6
493,124,249.8906,252.6333,2.742699999999985,0.0005096196868008,0.0029,1.0,0.0221435028248587,1,0.4
493,124,298.2714,299.0,0.7285999999999717,0.0139357941834451,0.0366,0.1275167785234899,0.0255661016949152,4,1.6
493,128,111.9021,116.3333,4.43119999999999,2.237136465324385e-07,3.3333333333333335e-05,1.0,0.0428864406779661,18,7.2
494,0,317.8161,322.6667,4.850599999999986,0.0043749440715883,0.0163333333333333,0.6644295302013423,0.0175118644067796,0,0.0
494,1,82.887,83.5667,0.6796999999999969,1.1185682326621925e-06,3.3333333333333335e-05,1.0,0.0227977401129943,0,0.0
494,1,126.2362,126.9333,0.697100000000006,0.0016456375838926,0.0106333333333333,0.8926174496644296,0.0109966101694915,0,0.0
494,1,147.1843,147.8667,0.6824000000000012,0.0006156599552572,0.0076666666666666,0.9664429530201344,0.0127892655367231,0,0.0
494,1,165.6762,166.4,0.7238000000000113,0.0008355704697986,0.0191,0.9463087248322148,0.0088293785310734,0,0.0
494,1,187.1238,187.9667,0.8429000000000144,1.1185682326621925e-06,6.666666666666667e-05,1.0,0.0098677966101694,0,0.0
494,1,232.4107,233.0667,0.6560000000000059,1.1409395973154363e-05,0.0003666666666666,1.0,0.0077141242937853,0,0.0
494,1,284.6905,288.8667,4.176199999999994,6.487695749440717e-06,0.0004,1.0,0.0137689265536723,0,0.0
494,2,98.6021,105.8,7.197900000000004,0.0015051454138702,0.0267333333333333,0.8791946308724832,0.0183084745762711,4,1.6
494,2,141.8021,144.1333,2.3311999999999955,0.019369351230425,0.0536666666666666,0.2080536912751678,0.0379203389830508,14,5.6
494,2,171.5061,207.2,35.693899999999985,0.0102134228187919,0.0492333333333333,0.348993288590604,0.0210734463276836,0,0.0
494,2,226.8272,236.2,9.372799999999984,0.0054691275167785,0.0405,0.7516778523489933,0.0355661016949152,2,0.8
494,5,75.8544,79.9667,4.112300000000005,2.460850111856824e-06,3.3333333333333335e-05,1.0,0.037576836158192,2,0.8
494,18,237.3858,238.3333,0.9475000000000192,0.0055805369127516,0.0391,0.6241610738255033,0.014183615819209,1,0.4
494,19,356.381,357.9,1.5190000000000057,0.0004988814317673,0.0066666666666666,0.953020134228188,0.0142542372881355,0,0.0
494,21,6.6162,7.6333,1.0171,1.3422818791946309e-06,3.3333333333333335e-05,1.0,0.0138745762711864,0,0.0
494,21,29.9901,30.7,0.7098999999999975,0.0009912751677852,0.0137333333333333,0.9194630872483222,0.0169231638418079,0,0.0
494,21,153.1673,156.0,2.8326999999999884,1.9686800894854587e-05,0.0014,1.0,0.0216892655367231,4,1.6
494,22,267.7481,268.4333,0.6851999999999521,0.0130821029082774,0.0301333333333333,0.0201342281879194,0.0235587570621468,7,2.8
494,22,276.9196,277.8667,0.9470999999999776,0.02168322147651,0.0445,0.0,0.033822033898305,0,0.0
494,22,286.7772,287.4667,0.6895000000000095,0.0190460850111856,0.0634,0.1812080536912751,0.0415954802259887,0,0.0
494,22,304.0307,304.6333,0.6025999999999954,0.0332979865771812,0.0603666666666666,0.0402684563758389,0.0371293785310734,0,0.0
494,22,313.6352,314.2333,0.5980999999999881,0.019489932885906,0.0619333333333333,0.1677852348993288,0.0352152542372881,0,0.0
494,22,318.4992,321.4333,2.934100000000001,0.0293335570469798,0.0767333333333333,0.0939597315436241,0.0480214689265536,3,1.2
494,22,324.0598,324.6333,0.5735000000000241,0.0322608501118568,0.0947333333333333,0.046979865771812,0.0509824858757062,5,2.0
494,22,334.1756,334.7667,0.5911000000000399,0.0289689038031319,0.0842,0.0,0.033654802259887,0,0.0
494,23,14.88,15.5667,0.6867000000000001,0.0242237136465324,0.0489,0.0,0.0263774011299435,1,0.4
494,23,39.1947,39.9,0.7053000000000011,0.0215223713646532,0.0504666666666666,0.0,0.02914802259887,0,0.0
494,24,91.521,92.7333,1.212299999999999,0.0077789709172259,0.0305666666666666,0.4228187919463087,0.0438915254237288,0,0.0
494,24,206.3621,216.3667,10.00460000000001,1.588366890380313e-05,0.0013666666666666,1.0,0.0131711864406779,0,0.0
494,25,275.8248,279.7,3.875200000000007,2.237136465324385e-07,3.3333333333333335e-05,1.0,0.014654802259887,1,0.4
494,27,12.1162,19.6667,7.550499999999999,0.0019579418344519,0.0054666666666666,0.9932885906040269,0.0097305084745762,0,0.0
494,27,257.0115,269.5667,12.555200000000012,0.009945413870246,0.0489,0.2684563758389262,0.0149135593220339,5,2.0
494,28,192.1008,197.8667,5.765900000000016,0.0088360178970917,0.0273333333333333,0.2953020134228188,0.0279960451977401,1,0.4
494,31,68.2243,70.4667,2.2424000000000035,0.0019697986577181,0.0154,0.8456375838926175,0.0355502824858757,8,3.2
494,31,110.6633,127.7333,17.069999999999993,0.0049527964205816,0.0333,0.6174496644295302,0.0277804597701149,0,0.0
494,31,246.3468,253.8667,7.519900000000007,0.0,0.0,1.0,0.0115163841807909,0,0.0
494,32,217.1476,223.0,5.852399999999989,0.0257774049217002,0.0924,0.0939597315436241,0.0182497175141242,12,4.8
494,33,14.6403,15.8667,1.2264,4.47427293064877e-07,3.3333333333333335e-05,1.0,0.0193649717514124,0,0.0
494,33,145.0423,149.7333,4.6910000000000025,2.237136465324385e-07,3.3333333333333335e-05,1.0,0.0257401129943502,0,0.0
494,33,173.57,174.4333,0.8633000000000095,0.0345615212527964,0.0723,0.0,0.0441084745762711,2,0.8
494,33,324.9528,328.9667,4.013899999999978,0.0239331096196868,0.0655,0.0067114093959731,0.0499745762711864,1,0.4
494,34,64.3424,69.0667,4.7243,0.021200447427293,0.0627666666666666,0.0201342281879194,0.0393683615819209,9,3.6
494,34,140.9423,141.6333,0.6910000000000025,0.0037413870246085,0.0194,0.7785234899328859,0.0258757062146892,1,0.4
494,35,35.8101,38.8667,3.056600000000003,0.0035816554809843,0.0232333333333333,0.7516778523489933,0.0151785310734463,0,0.0
494,35,48.125,50.2333,2.1083,0.0081015659955257,0.0463666666666666,0.5033557046979866,0.0221559322033898,7,2.8
494,42,15.2997,17.2667,1.9670000000000003,0.005128187919463,0.0261333333333333,0.6644295302013423,0.0225389830508474,3,1.2
494,43,119.5941,124.6,5.005899999999997,0.0019331096196868,0.0213333333333333,0.87248322147651,0.0148090395480225,0,0.0
494,43,163.0946,167.4,4.305399999999992,0.0008961968680089,0.0168,0.9328859060402684,0.0227401129943502,4,1.6
494,43,255.5976,269.7667,14.169100000000014,1.0738255033557049e-05,0.0003,1.0,0.0192728813559322,4,1.6
494,44,291.5431,293.5333,1.990200000000016,0.0094317673378076,0.0465333333333333,0.4429530201342282,0.0597412429378531,12,4.8
494,45,11.0741,13.8667,2.7926,2.975391498881431e-05,0.0009666666666666,1.0,0.0166135593220338,8,3.2
494,45,38.685,43.5,4.814999999999998,3.3557046979865773e-06,0.0001333333333333,1.0,0.0113406779661016,0,0.0
494,46,244.9497,247.0,2.050299999999993,0.0433964205816554,0.0827666666666666,0.0,0.0504412429378531,0,0.0
494,47,210.7983,217.1667,6.36839999999998,3.400447427293065e-05,0.0006333333333333,1.0,0.0228418079096045,0,0.0
494,48,81.8276,83.3333,1.5056999999999905,0.0172950782997762,0.0412666666666666,0.1006711409395973,0.0237361581920903,3,1.2
494,48,148.147,149.4333,1.286300000000011,0.0004742729306487,0.0077666666666666,0.9731543624161074,0.0200344632768361,1,0.4
494,51,61.5235,63.2,1.6765000000000043,0.0061841163310961,0.0464333333333333,0.7046979865771812,0.0106175141242937,10,4.0
495,0,231.3704,233.4,2.0296000000000163,0.0213395973154362,0.0561666666666666,0.046979865771812,0.0292401129943502,10,4.0
495,0,237.9471,238.6667,0.7195999999999856,0.0238930648769574,0.0727,0.0738255033557047,0.0309180790960451,10,4.0
496,0,284.2508,286.9333,2.682499999999948,0.0,0.0,1.0,0.0117050847457627,0,0.0
496,0,304.028,307.2667,3.2386999999999944,0.0,0.0,1.0,0.0118079096045197,0,0.0
496,0,317.0929,318.6667,1.5738000000000056,0.0,0.0,1.0,0.0214525423728813,3,1.2
496,1,134.5799,135.8667,1.2867999999999995,0.0120527964205816,0.0420666666666666,0.2147651006711409,0.0145564971751412,5,2.0
496,2,249.4843,250.6667,1.1824000000000012,0.0195841163310961,0.0422333333333333,0.0201342281879194,0.0207084745762711,12,4.8
496,3,209.2717,210.1667,0.8949999999999818,0.01325548098434,0.0392333333333333,0.1476510067114094,0.0272655367231638,2,0.8
496,3,234.5096,236.0,1.490399999999994,0.0048608501118568,0.0134,0.5033557046979866,0.0198559322033898,2,0.8
496,3,244.6923,245.3,0.6077000000000226,0.0001890380313199,0.0022,1.0,0.0139898305084745,4,1.6
496,3,276.7652,278.9333,2.1680999999999813,0.003493736017897,0.0409,0.7651006711409396,0.0431553672316384,7,2.8
496,5,96.1045,96.7667,0.6621999999999986,0.0155257270693512,0.0464666666666666,0.2483221476510067,0.0196485875706214,2,0.8
496,5,160.7443,166.5667,5.822399999999988,4.47427293064877e-07,3.3333333333333335e-05,1.0,0.025909604519774,4,1.6
496,5,242.7773,245.2333,2.4560000000000173,0.0012738255033557,0.0140333333333333,0.906040268456376,0.016931638418079,8,3.2
496,7,70.3059,71.3333,1.0274,0.0002015659955257,0.0027333333333333,1.0,0.0126468926553672,11,4.4
496,7,137.5062,139.4,1.8937999999999988,3.512304250559284e-05,0.0014333333333333,1.0,0.013367231638418,8,3.2
496,7,213.1719,214.8333,1.6614000000000146,1.7897091722595078e-06,6.666666666666667e-05,1.0,0.0205361581920903,9,3.6
496,8,78.5105,80.2,1.6895000000000095,0.0008460850111856,0.0075333333333333,0.9664429530201344,0.0121112994350282,0,0.0
496,8,107.4358,110.2333,2.7974999999999994,0.0225525727069351,0.1027333333333333,0.3557046979865771,0.0159734463276836,3,1.2
496,8,246.9238,248.2667,1.342899999999986,0.0008751677852348,0.0073666666666666,0.9395973154362416,0.0160864406779661,2,0.8
496,9,352.1606,354.5,2.339400000000012,2.237136465324385e-07,3.3333333333333335e-05,1.0,0.0152039548022598,0,0.0
496,10,46.5371,48.8333,2.296199999999999,3.131991051454139e-06,0.0001,1.0,0.0178039548022598,1,0.4
496,10,148.6585,154.4333,5.774799999999999,0.0203550335570469,0.0813333333333333,0.1476510067114094,0.0230508474576271,8,3.2
496,11,125.7502,126.6333,0.8830999999999989,1.7897091722595078e-06,3.3333333333333335e-05,1.0,0.0102954802259887,2,0.8
496,11,192.9175,198.8,5.882500000000022,0.0069979865771812,0.0422333333333333,0.5234899328859061,0.0132824858757062,4,1.6
496,12,281.5267,283.7,2.173299999999984,0.006959284116331,0.0517,0.7248322147651006,0.016764406779661,6,2.4
496,13,51.2792,56.6667,5.387499999999996,0.0222959731543624,0.0629666666666666,0.1073825503355704,0.0294785310734463,0,0.0
496,13,79.9739,82.8667,2.892799999999994,0.0278961968680089,0.0698,0.2416107382550335,0.0483728813559322,0,0.0
496,14,2.6923,6.2667,3.5744,0.0,0.0,1.0,0.0109355932203389,0,0.0
496,14,30.1491,32.0667,1.9175999999999969,0.0051536912751677,0.0168666666666666,0.5637583892617449,0.0219604519774011,14,5.6
496,14,96.4219,97.7333,1.311400000000006,0.0020120805369127,0.0065333333333333,0.9328859060402684,0.0202451977401129,3,1.2
496,15,92.7692,94.0,1.230800000000002,0.0177720357941834,0.0639666666666666,0.261744966442953,0.0541683615819209,6,2.4
496,15,115.7712,118.0333,2.262100000000004,0.0383941834451901,0.0734333333333333,0.0,0.0254666666666666,2,0.8
496,15,205.4529,209.4,3.947100000000006,0.0220114093959731,0.0603333333333333,0.0671140939597315,0.0251734463276836,7,2.8
496,15,294.9554,296.6333,1.6779000000000224,0.019334899328859,0.0409333333333333,0.0201342281879194,0.0209169491525423,4,1.6
496,16,88.2615,89.2667,1.005200000000002,0.0377762863534675,0.0827333333333333,0.0,0.0366033898305084,8,3.2
496,16,319.9885,320.7667,0.7782000000000266,0.0121818791946308,0.0462333333333333,0.3087248322147651,0.0191242937853107,3,1.2
497,2,47.556,50.8,3.244,0.0161118568232662,0.0757333333333333,0.1946308724832214,0.017657627118644,4,1.6
497,2,354.6273,355.6333,1.0060000000000286,0.0021872483221476,0.0089333333333333,0.8859060402684564,0.0078971751412429,4,1.6
497,4,75.4951,80.1,4.604900000000001,0.0068930648769574,0.0302,0.5167785234899329,0.0112197740112994,0,0.0
497,4,203.8415,205.3667,1.5252000000000123,6.711409395973154e-07,6.666666666666667e-05,1.0,0.0120502824858757,10,4.0
497,4,348.5116,355.3667,6.855099999999993,0.0002134228187919,0.0048,1.0,0.0221350282485875,1,0.4
497,5,71.7137,74.5667,2.8529999999999944,0.0207013422818791,0.0695,0.046979865771812,0.0215807909604519,13,5.2
497,6,96.6316,98.6,1.9683999999999884,0.0020085011185682,0.0059666666666666,0.9798657718120806,0.0221406779661016,15,6.0
497,6,105.458,107.3,1.8419999999999987,0.0182523489932885,0.0476333333333333,0.0738255033557047,0.0442090395480226,15,6.0
497,6,181.8306,186.2667,4.436099999999982,0.0022503355704697,0.0278666666666666,0.8456375838926175,0.0119977401129943,6,2.4
497,6,307.1621,312.4667,5.3045999999999935,0.0007252796420581,0.0050666666666666,0.9865771812080536,0.0187564971751412,1,0.4
497,7,7.6918,9.0,1.3082000000000005,0.0085170022371364,0.0227,0.3020134228187919,0.010519209039548,0,0.0
497,7,93.367,97.6667,4.299700000000001,0.0011434004474272,0.0054666666666666,0.9865771812080536,0.019612429378531,12,4.8
497,7,301.5805,320.3,18.71950000000004,0.0065991051454138,0.0308,0.4697986577181208,0.0144491525423728,11,4.4
497,8,58.4513,64.0333,5.581999999999994,0.0016357941834451,0.0122666666666666,0.8859060402684564,0.0293785310734463,3,1.2
497,13,97.8623,98.5667,0.7043999999999926,7.606263982102909e-06,0.0005666666666666,1.0,0.0151248587570621,2,0.8
497,23,34.6111,35.2667,0.6555999999999997,0.0045834451901566,0.0165666666666666,0.5771812080536913,0.0243960451977401,3,1.2
497,23,174.773,180.5,5.727000000000004,0.0020183445190156,0.0193,0.8456375838926175,0.005122033898305,1,0.4
497,23,301.7989,303.3667,1.567799999999977,0.0,0.0,1.0,0.0122813559322033,2,0.8
497,24,41.4056,42.9333,1.527700000000003,0.0029923937360178,0.0187666666666666,0.8389261744966443,0.0477903954802259,2,0.8
497,24,47.3126,48.5333,1.2206999999999937,0.0278067114093959,0.0821666666666666,0.3355704697986577,0.0250265536723163,8,3.2
497,24,57.5034,58.4333,0.9299000000000036,0.016893736017897,0.0428,0.087248322147651,0.0213898305084745,13,5.2
497,24,108.1771,113.3667,5.189599999999999,0.0044351230425055,0.0433,0.738255033557047,0.0177542372881355,0,0.0
497,24,265.7952,267.0333,1.2380999999999744,0.0179984340044742,0.0772333333333333,0.3355704697986577,0.0338112994350282,7,2.8
497,25,231.1445,231.8333,0.6888000000000147,0.0048836689038031,0.0169666666666666,0.5906040268456376,0.0179677966101694,1,0.4
497,25,294.9167,296.8333,1.9166000000000167,0.0018295302013422,0.0095333333333333,0.9395973154362416,0.0112440677966101,0,0.0
497,27,20.8611,22.4667,1.605599999999999,5.369127516778524e-06,0.0002,1.0,0.0088615819209039,0,0.0
497,27,79.8119,82.1,2.2881,0.0024876957494407,0.0106,0.8322147651006712,0.0140225988700565,3,1.2
497,27,123.7332,127.6333,3.900100000000009,0.0145780760626398,0.0321333333333333,0.087248322147651,0.026219209039548,3,1.2
497,27,356.3572,358.0,1.6428000000000225,1.633109619686801e-05,0.0004333333333333,1.0,0.0055107344632768,0,0.0
497,28,34.3657,35.1,0.7343000000000046,0.0095456375838926,0.0313,0.3825503355704698,0.0128310734463276,2,0.8
497,28,299.3162,301.0667,1.750500000000045,0.0068939597315436,0.0253666666666666,0.4093959731543624,0.0086887005649717,8,3.2
497,34,130.5256,131.0,0.4744000000000028,0.0001187919463087,0.0043666666666666,1.0,0.0112841807909604,0,0.0
497,35,129.7154,130.8,1.084600000000023,0.0004736017897091,0.0050333333333333,0.9932885906040269,0.0118491525423728,10,4.0
497,36,223.3957,226.4333,3.0375999999999976,0.0295384787472035,0.0599333333333333,0.1140939597315436,0.0234435028248587,12,4.8
497,36,290.1909,291.6667,1.4757999999999925,0.0081505592841163,0.0320666666666666,0.4496644295302013,0.037022033898305,5,2.0
497,45,220.3267,222.4667,2.140000000000015,0.0140472035794183,0.0460666666666666,0.0939597315436241,0.0189841807909604,12,4.8
497,45,345.5054,346.0667,0.561300000000017,0.006086577181208,0.0293,0.610738255033557,0.0155429378531073,3,1.2
497,46,306.9318,313.5,6.56819999999999,0.0192950782997762,0.0434333333333333,0.0268456375838926,0.0374762711864406,8,3.2
497,47,172.541,173.2333,0.6923000000000172,0.0118127516778523,0.0431666666666666,0.2348993288590604,0.0222406779661016,3,1.2
497,48,260.2479,260.8667,0.6187999999999647,0.0224901565995525,0.0629333333333333,0.1275167785234899,0.0319751412429378,0,0.0
497,48,262.3259,264.1333,1.8074000000000296,0.0213834451901566,0.0650666666666666,0.1610738255033557,0.0302949152542372,0,0.0
497,49,247.4239,250.9,3.4761000000000024,0.0077823266219239,0.0283333333333333,0.4161073825503356,0.0176757062146892,4,1.6
497,49,251.9128,252.8667,0.9539000000000044,0.0112527964205816,0.039,0.3355704697986577,0.0492435028248587,2,0.8
497,49,255.1574,259.2333,4.07589999999999,0.0287736017897091,0.0880333333333333,0.1208053691275167,0.0456824858757062,6,2.4
497,49,257.1336,259.2333,2.0996999999999844,0.0340664429530201,0.0880333333333333,0.0738255033557047,0.0456824858757062,6,2.4
497,49,304.3649,305.1,0.7351000000000454,0.0088496644295302,0.0477666666666666,0.5906040268456376,0.0165022598870056,0,0.0
497,50,62.4939,63.2333,0.7394000000000034,0.0003199105145413,0.0044666666666666,1.0,0.011183615819209,0,0.0
497,53,218.9385,219.5667,0.6281999999999925,0.0003514541387024,0.0029666666666666,1.0,0.0149627118644067,1,0.4
497,56,218.3757,219.0667,0.6910000000000025,0.0040331096196868,0.0220333333333333,0.7114093959731543,0.0163146892655367,0,0.0
497,57,300.6423,303.2667,2.624400000000037,0.0102440715883668,0.0174,0.0805369127516778,0.0275971751412429,13,5.2
497,63,187.2217,189.6,2.378299999999996,0.0027015659955257,0.0222333333333333,0.8187919463087249,0.016364406779661,0,0.0
497,66,246.9887,248.1333,1.144599999999997,0.005317673378076,0.0189666666666666,0.5302013422818792,0.0247559322033898,8,3.2
497,67,355.0703,358.2,3.129700000000014,2.416107382550336e-05,0.0012666666666666,1.0,0.019566037735849,0,0.0
497,68,177.7617,178.6333,0.8716000000000008,0.008258836689038,0.0453,0.5100671140939598,0.0245118644067796,7,2.8
497,68,235.2631,236.9667,1.7035999999999945,0.0013854586129753,0.0088333333333333,0.9798657718120806,0.0144508474576271,6,2.4
497,68,262.0255,262.6667,0.6411999999999694,0.0059196868008948,0.0155333333333333,0.5302013422818792,0.0226073446327683,1,0.4
497,68,352.9903,353.7333,0.742999999999995,0.0006729306487695,0.0124333333333333,0.953020134228188,0.0171271186440677,0,0.0
497,69,304.8058,306.3667,1.5609000000000035,0.0071080536912751,0.0425333333333333,0.6711409395973155,0.0092706214689265,1,0.4
497,70,154.9724,160.5667,5.594300000000004,2.4608501118568237e-05,0.0023,1.0,0.0097502824858757,0,0.0
497,71,39.6261,45.0333,5.407199999999996,1.0067114093959734e-05,0.0011666666666666,1.0,0.0110169491525423,0,0.0
497,71,259.8274,270.9,11.072599999999966,1.633109619686801e-05,0.0001666666666666,1.0,0.0122909604519774,7,2.8
497,72,92.749,95.7667,3.017700000000005,0.019134899328859,0.0614333333333333,0.1073825503355704,0.0201994350282485,1,0.4
497,72,150.5333,151.2333,0.700000000000017,0.0158617449664429,0.0508666666666666,0.1140939597315436,0.0122638418079096,0,0.0
497,93,87.3945,98.5667,11.172200000000004,0.0036527964205816,0.0158333333333333,0.738255033557047,0.0140943502824858,0,0.0
497,93,210.4097,211.8667,1.457000000000022,0.0021617449664429,0.0098666666666666,0.8187919463087249,0.0176870056497175,13,5.2
497,95,103.9465,107.2333,3.2867999999999995,0.0246192393736017,0.0597333333333333,0.1476510067114094,0.0457146892655367,1,0.4
497,95,268.5832,271.6333,3.050100000000043,0.0041677852348993,0.0258666666666666,0.6778523489932886,0.0372593220338983,9,3.6
497,96,281.8009,283.1,1.29910000000001,1.812080536912752e-05,0.0004333333333333,1.0,0.0142372881355932,0,0.0
497,97,144.0891,151.5333,7.444199999999995,0.0060082774049217,0.0293,0.5704697986577181,0.0172254237288135,2,0.8
497,97,169.8691,174.4333,4.5642,0.002779865771812,0.0094,0.7651006711409396,0.0163960451977401,1,0.4
497,97,236.1133,243.2667,7.153399999999976,0.0056527964205816,0.0243,0.5973154362416108,0.0264598870056497,0,0.0
497,98,91.1731,92.1667,0.9936000000000008,0.0003046979865771,0.0038,1.0,0.0091881355932203,11,4.4
497,98,321.8531,322.7333,0.8802000000000021,0.0027219239373601,0.0147666666666666,0.7449664429530202,0.0085587570621468,10,4.0
497,103,260.5428,261.1667,0.6238999999999919,2.3266219239373608e-05,0.0005333333333333,1.0,0.0132468926553672,0,0.0
497,103,271.0083,271.5333,0.5249999999999773,0.0026134228187919,0.0143333333333333,0.8523489932885906,0.0173598870056497,2,0.8
497,103,331.092,331.7333,0.6413000000000011,0.0056604026845637,0.0222,0.5234899328859061,0.0155248587570621,1,0.4
497,104,155.7395,157.2667,1.5271999999999937,0.0015664429530201,0.0292666666666666,0.906040268456376,0.006122033898305,2,0.8
497,106,318.7067,320.6,1.8933000000000104,0.0098523489932885,0.0316333333333333,0.2281879194630872,0.0202056497175141,6,2.4
497,108,214.7004,219.8333,5.132900000000007,0.0019089485458612,0.0097333333333333,0.9261744966442952,0.0163429378531073,4,1.6
497,108,283.1734,286.8333,3.659899999999993,0.0006923937360178,0.0244666666666666,0.9664429530201344,0.0125994350282485,0,0.0
497,109,131.509,132.3667,0.8577000000000226,0.0,0.0,1.0,0.0183785310734463,5,2.0
497,110,26.5551,28.3667,1.811600000000002,0.0005006711409395,0.0074333333333333,0.9865771812080536,0.0086333333333333,7,2.8
497,110,242.2261,245.5333,3.3071999999999946,0.0064890380313199,0.0248333333333333,0.4429530201342282,0.0111344632768361,0,0.0
497,111,203.7349,204.6,0.865099999999984,6.711409395973154e-07,3.3333333333333335e-05,1.0,0.0169785310734463,0,0.0
497,112,14.0757,16.0,1.9243000000000008,1.8344519015659958e-05,0.0006,1.0,0.0216271186440677,4,1.6
497,112,53.3379,54.5333,1.1953999999999994,0.0145606263982102,0.0584333333333333,0.2147651006711409,0.0180954802259887,7,2.8
497,112,272.7758,273.3333,0.5575000000000045,1.342281879194631e-06,3.3333333333333335e-05,1.0,0.0126988700564971,1,0.4
497,113,173.4751,176.8,3.3249000000000137,4.47427293064877e-07,3.3333333333333335e-05,1.0,0.0255265536723163,4,1.6
497,113,263.0695,265.7,2.630499999999984,0.0169373601789709,0.0727,0.2885906040268456,0.0160491525423728,5,2.0
497,114,143.4649,148.2333,4.768400000000014,4.47427293064877e-07,3.3333333333333335e-05,1.0,0.0152355932203389,0,0.0
497,115,41.2386,46.9333,5.6947000000000045,2.32662192393736e-05,0.0018333333333333,1.0,0.0096564971751412,0,0.0
497,116,18.2392,23.2,4.960799999999999,1.1185682326621925e-06,0.0001333333333333,1.0,0.0222,0,0.0
497,116,235.2988,240.0,4.7012,4.921700223713648e-06,0.0001666666666666,1.0,0.0131282485875706,3,1.2
497,116,320.3898,321.9333,1.5434999999999943,2.237136465324385e-07,3.3333333333333335e-05,1.0,0.0229129943502824,1,0.4
497,117,220.1912,243.6333,23.442099999999986,0.0017230425055928,0.0198,0.8657718120805369,0.0139299435028248,2,0.8
497,119,47.0398,51.0,3.9602,7.158836689038031e-06,0.0008333333333333,1.0,0.0128169491525423,0,0.0
497,120,184.3758,189.1,4.724199999999996,4.921700223713648e-06,0.0002666666666666,1.0,0.0088299435028248,4,1.6
497,122,120.8331,122.3667,1.5335999999999927,6.711409395973154e-07,3.3333333333333335e-05,1.0,0.0139774011299435,5,2.0
497,122,326.1739,327.3333,1.159400000000005,4.362416107382551e-05,0.0013,1.0,0.0195090395480226,6,2.4
497,123,168.5015,171.5,2.998500000000007,0.002976062639821,0.0121,0.7651006711409396,0.0144067796610169,8,3.2
497,123,192.8267,197.2667,4.439999999999998,0.0088107382550335,0.0371,0.5033557046979866,0.0154819209039548,4,1.6
497,124,175.1112,181.1667,6.055499999999995,5.369127516778524e-06,0.0004333333333333,1.0,0.0066858757062146,0,0.0
497,124,310.9124,312.1667,1.2543000000000006,0.0008228187919463,0.0062333333333333,0.9865771812080536,0.0138621468926553,12,4.8
497,124,319.5416,321.2333,1.691699999999969,0.0151042505592841,0.0736333333333333,0.1812080536912751,0.0283112994350282,1,0.4
497,125,112.7768,113.8667,1.0899,0.0052897091722595,0.0318333333333333,0.7046979865771812,0.0388299435028248,5,2.0
497,126,156.2003,156.9333,0.7330000000000041,0.0084185682326621,0.0379,0.5302013422818792,0.0170129943502824,9,3.6
497,127,155.9048,156.5333,0.6285000000000025,0.0181062639821029,0.0531666666666666,0.0,0.0347525423728813,7,2.8
497,127,342.8008,344.3333,1.5325000000000273,0.0144413870246084,0.042,0.1073825503355704,0.0139299435028248,4,1.6
497,128,199.4821,200.1333,0.6511999999999887,0.0036633109619686,0.0145666666666666,0.6644295302013423,0.0276468926553672,2,0.8
497,129,213.4871,214.5,1.012900000000002,0.0045190156599552,0.0658,0.8657718120805369,0.0100621468926553,2,0.8
497,129,227.7797,231.5,3.720300000000009,0.0043279642058165,0.0189333333333333,0.7516778523489933,0.0206050847457627,5,2.0
497,130,321.0451,321.9,0.8548999999999864,0.007317673378076,0.0453,0.6510067114093959,0.0135372881355932,9,3.6
497,131,21.7191,22.5,0.780899999999999,0.0133196868008948,0.0615333333333333,0.3154362416107382,0.0215870056497175,8,3.2
497,131,200.3553,201.7667,1.4113999999999862,0.0003131991051454,0.0013,1.0,0.0110146892655367,1,0.4
497,132,43.193,51.3,8.107,0.0106055928411633,0.0423333333333333,0.2953020134228188,0.027128813559322,0,0.0
497,132,96.0994,98.2,2.1006,0.0131261744966442,0.0459666666666666,0.2214765100671141,0.0213350282485875,2,0.8
497,132,156.7999,162.1,5.300099999999986,0.0169313199105145,0.0393,0.0604026845637583,0.0261954802259886,0,0.0
497,132,203.0817,204.0,0.918299999999988,0.0052239373601789,0.0201666666666666,0.5637583892617449,0.021493220338983,4,1.6
497,133,125.3734,130.4667,5.093299999999999,0.0025729306487695,0.0183666666666666,0.8926174496644296,0.0155429378531073,2,0.8
497,134,193.3365,199.4,6.063500000000005,0.0,0.0,1.0,0.0165841807909604,0,0.0
497,134,273.6694,275.3667,1.6972999999999845,0.0268331096196868,0.0582,0.0268456375838926,0.0269497175141242,5,2.0
497,134,325.7253,334.4,8.674699999999973,0.0032834451901565,0.0199666666666666,0.785234899328859,0.0074819209039548,2,0.8
497,134,342.5536,348.1333,5.5797000000000025,0.02202774049217,0.0501333333333333,0.0604026845637583,0.0371067796610169,1,0.4
497,135,30.2161,32.9,2.6838999999999977,0.0182340044742729,0.0548,0.2953020134228188,0.0193977401129943,8,3.2
497,135,114.9225,119.2,4.277500000000003,0.0072552572706935,0.0288,0.4093959731543624,0.0137689265536723,3,1.2
497,135,312.8142,314.9,2.0857999999999493,0.0,0.0,1.0,0.0049276836158192,0,0.0
497,136,15.5938,18.9333,3.3394999999999992,0.0,0.0,1.0,0.0150723163841807,0,0.0
497,136,191.9017,194.6333,2.731599999999986,0.0,0.0,1.0,0.0167762711864406,0,0.0
497,136,320.2575,321.3667,1.109199999999987,0.0186550335570469,0.0655666666666666,0.0738255033557047,0.0221655367231638,3,1.2
497,137,205.6043,206.2667,0.662399999999991,0.0173881431767337,0.0669333333333333,0.3221476510067114,0.0095468926553672,4,1.6
497,137,272.2021,273.4333,1.2312000000000012,0.0038078299776286,0.0168,0.6912751677852349,0.0180745762711864,0,0.0
497,138,128.6562,129.9,1.2437999999999931,0.0,0.0,1.0,0.0173197740112994,3,1.2
497,138,243.5887,244.9667,1.3780000000000143,0.0337565995525727,0.0554,0.0,0.0308542372881355,0,0.0
497,138,347.5019,348.4,0.8980999999999995,0.0221852348993288,0.0532333333333333,0.0604026845637583,0.0275677966101694,10,4.0
497,139,112.0063,115.3667,3.3603999999999985,0.0297946308724832,0.0659666666666666,0.0067114093959731,0.038738418079096,7,2.8
497,139,192.4545,203.0667,10.6122,0.0044342281879194,0.0263666666666666,0.7181208053691275,0.0269,0,0.0
497,139,349.5746,354.3667,4.792100000000005,0.0215581655480984,0.0491,0.0067114093959731,0.0325762711864406,0,0.0
497,140,22.5718,24.7,2.1282,0.0075666666666666,0.0313,0.4966442953020134,0.0130395480225988,6,2.4
497,140,71.4267,107.6,36.1733,0.0001239373601789,0.0006666666666666,1.0,0.0143203389830508,6,2.4
497,140,153.861,156.5667,2.7057000000000078,0.0182324384787472,0.0398666666666666,0.1073825503355704,0.0141774011299435,7,2.8
497,140,315.8729,321.2333,5.36039999999997,0.0038463087248322,0.0241333333333333,0.7449664429530202,0.0088361581920903,3,1.2
497,140,343.0705,347.8667,4.796199999999999,0.0013472035794183,0.0141,0.9261744966442952,1.5254237288135592e-05,0,0.0
497,141,109.3422,112.4,3.0578000000000003,0.0001608501118568,0.0045333333333333,1.0,0.0137542372881355,0,0.0
497,141,185.7277,188.2,2.47229999999999,0.006044966442953,0.0425333333333333,0.5503355704697986,0.0296435028248587,12,4.8
497,141,281.1205,282.5667,1.446200000000033,9.038031319910516e-05,0.0018666666666666,1.0,0.0293762711864406,6,2.4
497,142,68.8571,70.5333,1.6761999999999944,0.0055872483221476,0.0200333333333333,0.5302013422818792,0.0171807909604519,12,4.8
497,142,86.4462,87.3,0.8537999999999926,0.0048657718120805,0.0168,0.5570469798657718,0.0254610169491525,12,4.8
497,143,108.4265,110.4333,2.0067999999999984,8.389261744966443e-05,0.0011333333333333,1.0,0.0147988700564971,7,2.8
497,143,226.4707,228.3,1.8293000000000177,0.0002357941834451,0.0016333333333333,1.0,0.0212847457627118,1,0.4
497,143,339.8051,355.2333,15.428200000000004,0.0063914988814317,0.0214333333333333,0.3691275167785235,0.0133994350282485,0,0.0
497,153,149.6344,150.1,0.4655999999999949,0.0048697986577181,0.0196333333333333,0.5838926174496645,0.0125118644067796,2,0.8
497,154,50.5059,51.5,0.9941000000000032,5.369127516778522e-05,0.0016333333333333,1.0,0.0142039548022598,5,2.0
497,154,304.5582,305.9667,1.4085000000000036,0.0013917225950782,0.0084666666666666,0.9664429530201344,0.011931638418079,9,3.6
497,155,270.6309,272.9667,2.335800000000006,1.1409395973154363e-05,0.0007666666666666,1.0,0.0074779661016949,9,3.6
497,155,347.529,348.9667,1.4377000000000066,6.263982102908277e-06,6.666666666666667e-05,1.0,0.0115355932203389,4,1.6
497,156,185.0002,212.3333,27.3331,8.053691275167787e-06,0.0005666666666666,1.0,0.008802824858757,0,0.0
497,156,277.0047,280.9667,3.961999999999989,0.0009402684563758,0.0361,0.9463087248322148,0.015864406779661,2,0.8
497,156,348.7857,352.8,4.014299999999992,0.0038935123042505,0.0328666666666666,0.6912751677852349,0.0171016949152542,9,3.6
497,157,143.6024,146.1667,2.564300000000003,6.711409395973154e-07,6.666666666666667e-05,1.0,0.0091423728813559,3,1.2
497,161,213.3559,214.6,1.244100000000003,4.921700223713647e-06,0.0003,1.0,0.0295717514124293,13,5.2
497,161,313.569,314.4667,0.8976999999999862,5.8165548098434e-06,0.0006,1.0,0.0323762711864406,9,3.6
497,164,329.8587,330.5333,0.6745999999999981,9.507829977628635e-05,0.0029666666666666,1.0,0.016702824858757,4,1.6
497,165,350.0295,354.3,4.270500000000027,6.711409395973154e-07,3.3333333333333335e-05,1.0,0.0116118644067796,2,0.8
497,166,92.7316,101.7333,9.0017,0.0031950782997762,0.0470333333333333,0.8657718120805369,0.035109604519774,7,2.8
497,166,171.5497,176.4667,4.917000000000002,0.0026894854586129,0.0130333333333333,0.7986577181208053,0.0183966101694915,2,0.8
497,167,12.6764,22.3667,9.690300000000002,0.0,0.0,1.0,0.0167717514124293,0,0.0
497,167,239.7825,242.6333,2.8507999999999925,2.013422818791946e-06,3.3333333333333335e-05,1.0,0.0156079096045197,1,0.4
497,168,87.7074,125.5667,37.85929999999999,0.0194691275167785,0.0511666666666666,0.1073825503355704,0.0112418079096045,3,1.2
497,169,168.2101,175.2333,7.023200000000003,2.237136465324385e-07,3.3333333333333335e-05,1.0,0.0156723163841807,0,0.0
497,169,272.8498,273.5667,0.7169000000000096,4.47427293064877e-07,3.3333333333333335e-05,1.0,0.0077322033898305,1,0.4
497,169,329.834,331.2,1.3659999999999854,0.0,0.0,1.0,0.0096282485875706,0,0.0
497,170,20.9067,22.8333,1.9266000000000003,0.0,0.0,1.0,0.008174011299435,0,0.0
497,170,323.6109,326.6,2.989100000000008,0.0,0.0,1.0,0.0287717514124293,0,0.0
497,171,23.7576,25.5333,1.7757000000000005,0.0220248322147651,0.0526,0.1073825503355704,0.0419112994350282,12,4.8
497,171,258.774,259.8667,1.0926999999999794,0.0085733780760626,0.0346,0.436241610738255,0.017838418079096,5,2.0
497,171,325.2591,328.4333,3.174199999999985,0.0058744966442953,0.0283333333333333,0.6644295302013423,0.0131350282485875,6,2.4
497,172,58.1856,62.3667,4.181100000000001,0.0065335570469798,0.0551,0.7046979865771812,0.0286225988700564,9,3.6
497,172,195.0527,195.8333,0.780600000000021,0.0037042505592841,0.0259,0.7986577181208053,0.0249491525423728,5,2.0
497,172,234.3101,238.4,4.0899,0.0057651006711409,0.0328,0.5838926174496645,0.02874802259887,4,1.6
497,172,347.3838,350.1667,2.782899999999984,0.0028214765100671,0.0228666666666666,0.8590604026845637,0.0096491525423728,0,0.0
497,173,108.4152,109.4,0.984800000000007,5.592841163310963e-06,0.0003333333333333,1.0,0.0136446327683615,4,1.6
497,173,140.4279,143.5667,3.138800000000004,0.0075973154362416,0.0381333333333333,0.4697986577181208,0.0179485875706214,11,4.4
497,173,324.6156,325.9667,1.3511000000000308,4.47427293064877e-07,3.3333333333333335e-05,1.0,0.0330209039548022,1,0.4
497,174,126.9243,129.2,2.2756999999999863,0.0008774049217002,0.0036,1.0,0.0250711864406779,6,2.4
497,175,21.4283,23.6,2.1717000000000013,0.0010706935123042,0.0081333333333333,0.9731543624161074,0.021609604519774,0,0.0
497,175,99.0662,100.8,1.7338000000000022,0.0031861297539149,0.0135333333333333,0.8523489932885906,0.0099937853107344,3,1.2
497,175,159.1487,160.2333,1.084600000000023,0.0010709172259507,0.0088,0.959731543624161,0.0227011299435028,8,3.2
497,176,164.7465,169.4667,4.7202000000000055,2.237136465324385e-07,3.3333333333333335e-05,1.0,0.0191802259887005,6,2.4
497,177,97.2735,98.5333,1.2597999999999985,0.0020127516778523,0.0125,0.9328859060402684,0.0062632768361581,0,0.0
497,177,298.1031,300.6,2.496900000000039,0.0059930648769574,0.0364333333333333,0.5167785234899329,0.009228813559322,9,3.6
497,177,324.579,331.9,7.3209999999999695,0.0088064876957494,0.0257333333333333,0.2818791946308724,0.0196700564971751,5,2.0
497,187,354.2024,355.3667,1.1642999999999688,0.0070787472035794,0.0487666666666666,0.6644295302013423,0.0429045197740113,5,2.0
497,189,235.3012,235.9667,0.6655000000000086,0.0120539149888143,0.0444666666666666,0.2281879194630872,0.0030949152542372,0,0.0
497,190,43.4407,46.0333,2.5925999999999974,0.0054190156599552,0.0203,0.5771812080536913,0.0272429378531073,0,0.0
497,190,253.665,254.6,0.9350000000000024,2.237136465324385e-07,3.3333333333333335e-05,1.0,0.0145406779661016,1,0.4
497,190,337.615,340.7333,3.1182999999999765,2.9082774049217005e-06,3.3333333333333335e-05,1.0,0.0176937853107344,0,0.0
497,191,12.1601,12.9667,0.8065999999999995,0.002552125279642,0.0109333333333333,0.8120805369127517,0.0231067796610169,11,4.4
497,191,115.9596,116.6,0.6403999999999996,8.7248322147651e-06,0.0004333333333333,1.0,0.0102497175141242,0,0.0
497,191,274.6313,281.9333,7.301999999999964,4.47427293064877e-07,3.3333333333333335e-05,1.0,0.0102299435028248,0,0.0
497,192,201.8652,203.8,1.934800000000024,6.711409395973154e-07,3.3333333333333335e-05,1.0,0.0143225988700564,3,1.2
497,195,8.8744,17.1333,8.258899999999999,0.0,0.0,1.0,0.0143146892655367,2,0.8
497,195,114.5026,121.0,6.497399999999999,2.237136465324385e-07,3.3333333333333335e-05,1.0,0.0156005649717514,2,0.8
497,195,178.1329,179.5,1.3670999999999935,1.7225950782997762e-05,0.0008333333333333,1.0,0.0149610169491525,1,0.4
497,196,306.0507,312.6333,6.5826000000000136,1.2080536912751678e-05,0.0005333333333333,1.0,0.027212429378531,7,2.8
497,197,233.0834,234.5333,1.449899999999985,1.9463087248322143e-05,0.0009666666666666,1.0,0.0182333333333333,7,2.8
497,198,63.1361,63.6333,0.4971999999999994,3.646532438478748e-05,0.0005333333333333,1.0,0.0108316091954023,0,0.0
497,198,236.5371,239.9333,3.396199999999993,0.0,0.0,1.0,0.0144790960451977,13,5.2
497,198,285.2206,293.1,7.879400000000032,0.0133469798657718,0.0591,0.3624161073825503,0.0198350282485875,0,0.0
497,199,289.4812,295.8333,6.352100000000007,0.0016812080536912,0.0043,1.0,0.0175084745762711,6,2.4
497,200,250.3884,253.0,2.61160000000001,0.001793288590604,0.0118333333333333,0.8993288590604027,0.0145435028248587,3,1.2
497,201,70.8385,73.1333,2.2948000000000093,0.0097118568232662,0.0351,0.2416107382550335,0.020193220338983,0,0.0
497,201,77.4586,78.7,1.2413999999999987,0.0176926174496644,0.0401,0.0268456375838926,0.0158395480225988,2,0.8
497,201,217.547,218.1333,0.5862999999999943,0.0108633109619686,0.0337666666666666,0.1543624161073825,0.0128355932203389,2,0.8
497,202,56.6127,60.1667,3.554000000000002,0.0022673378076062,0.0174333333333333,0.8187919463087249,0.0131909604519774,0,0.0
497,202,116.7685,117.5333,0.7647999999999939,0.0087964205816554,0.0457,0.4295302013422818,0.0245751412429378,2,0.8
497,202,329.163,330.0,0.8369999999999891,4.921700223713648e-06,6.666666666666667e-05,1.0,0.0108259887005649,0,0.0
497,203,333.2191,333.8667,0.6475999999999544,0.0088697986577181,0.0418666666666666,0.4899328859060403,0.0130949152542372,6,2.4
497,204,43.2745,45.4,2.1254999999999957,0.0036666666666666,0.0549333333333333,0.8926174496644296,0.0238163841807909,7,2.8
497,204,64.2911,65.1667,0.8756000000000057,0.0156738255033557,0.0471333333333333,0.0201342281879194,0.0210502824858757,1,0.4
497,204,239.9103,240.6,0.6896999999999878,0.0009782997762863,0.0066666666666666,0.9664429530201344,0.0127062146892655,4,1.6
497,205,6.505,10.0333,3.5283000000000007,0.0038859060402684,0.0337333333333333,0.7449664429530202,0.0247536723163841,1,0.4
497,205,239.8276,241.1333,1.3057000000000016,0.0035472035794183,0.0301333333333333,0.7315436241610739,0.0190971751412429,11,4.4
497,206,148.1351,153.3333,5.198200000000014,0.002907158836689,0.0559333333333333,0.906040268456376,0.0137412429378531,4,1.6
497,207,45.4133,46.6,1.186700000000002,0.0039525727069351,0.0239666666666666,0.6711409395973155,0.0219677966101694,12,4.8
497,207,74.1748,85.1667,10.9919,0.0158073825503355,0.0648,0.0939597315436241,0.0173508474576271,1,0.4
497,207,117.4145,123.3333,5.91879999999999,0.0073020134228187,0.0463666666666666,0.4966442953020134,0.0162587570621468,0,0.0
497,207,322.412,324.0667,1.654700000000048,0.0,0.0,1.0,0.0232649717514124,11,4.4
497,209,136.2964,137.1,0.8035999999999888,2.863534675615212e-05,0.0021333333333333,1.0,0.0128372881355932,1,0.4
497,210,337.9179,338.6667,0.748800000000017,0.0001165548098434,0.0034333333333333,1.0,0.014202824858757,6,2.4
497,211,130.7565,135.5,4.743500000000012,0.0107635346756152,0.0510333333333333,0.3557046979865771,0.0359887005649717,14,5.6
497,212,6.0999,10.6667,4.566800000000001,0.0082089485458612,0.0370333333333333,0.3288590604026846,0.0153180790960451,4,1.6
497,213,63.615,66.6333,3.0183000000000035,0.0007686800894854,0.0115,0.959731543624161,0.0148802259887005,8,3.2
497,213,196.1471,197.2667,1.1195999999999913,0.0,0.0,1.0,0.0181638418079096,2,0.8
497,213,219.5182,220.3667,0.8485000000000014,0.0108791946308724,0.039,0.2550335570469799,0.019419209039548,2,0.8
497,213,340.354,343.7333,3.3793000000000006,0.0,0.0,1.0,0.0120406779661016,5,2.0
497,214,166.3958,167.6,1.204199999999986,0.0,0.0,1.0,0.0145276836158192,0,0.0
498,0,65.1611,66.3667,1.2055999999999898,0.0,0.0,1.0,0.0129423728813559,0,0.0
498,0,123.4559,126.1667,2.710800000000006,0.0253208053691275,0.0638,0.0,0.0327482758620689,2,0.8
498,0,164.5929,166.0333,1.440400000000011,0.0016977628635346,0.0291,0.912751677852349,0.017757627118644,5,2.0
498,0,238.6195,240.3667,1.7472000000000207,0.0117252796420581,0.0500666666666666,0.2013422818791946,0.0176920903954802,0,0.0
498,1,104.2017,104.9667,0.7650000000000006,0.0,0.0,1.0,0.009857627118644,0,0.0
498,2,35.2916,39.7,4.4084,0.0,0.0,1.0,0.0095276836158192,0,0.0
498,2,172.9065,174.8333,1.9268000000000145,0.0,0.0,1.0,0.0214689265536723,0,0.0
498,3,77.7175,78.4333,0.7158000000000015,0.0057335570469798,0.0229333333333333,0.5973154362416108,0.0209045197740113,0,0.0
498,4,26.3139,27.7667,1.4528,0.0017682326621923,0.0096666666666666,0.912751677852349,0.0111734463276836,11,4.4
498,4,113.2114,114.2333,1.0219000000000025,0.0,0.0,1.0,0.0126197740112994,0,0.0
498,4,163.1084,164.6667,1.558300000000003,0.0035129753914988,0.0243666666666666,0.8120805369127517,0.0130152542372881,8,3.2
498,4,260.6412,261.9,1.258799999999951,0.0011653243847874,0.0055,0.9932885906040269,0.0175361581920903,0,0.0
498,5,190.1796,192.7333,2.5537000000000205,0.0,0.0,1.0,0.0153999999999999,6,2.4
498,5,234.6573,238.3667,3.709400000000017,0.0101469798657718,0.0344333333333333,0.2214765100671141,0.0201327683615819,0,0.0
498,6,131.6682,133.8667,2.198499999999996,0.0153026845637583,0.0348333333333333,0.0671140939597315,0.0193649717514124,5,2.0
498,6,278.1366,278.9667,0.8301000000000158,0.0089299776286353,0.0235,0.1677852348993288,0.0298977401129943,1,0.4
499,0,118.5581,119.7,1.1419000000000068,0.0041870246085011,0.0168333333333333,0.6778523489932886,0.0213378531073446,1,0.4
499,0,152.182,155.5667,3.3847000000000094,0.0104776286353467,0.0376666666666666,0.2818791946308724,0.0165457627118644,8,3.2
499,0,334.4812,338.1,3.6188000000000216,2.5727069351230423e-05,0.0015333333333333,1.0,0.0044022598870056,7,2.8
499,0,339.8347,341.6,1.7653000000000247,0.0042595078299776,0.0278333333333333,0.6912751677852349,0.0247734463276836,12,4.8
499,1,56.4196,57.5333,1.1136999999999944,0.0075246085011185,0.0306333333333333,0.4966442953020134,0.0218163841807909,7,2.8
499,2,136.7785,138.4333,1.6547999999999945,0.0084557046979865,0.0290333333333333,0.3959731543624161,0.0261988700564971,15,6.0
499,3,128.8711,129.9333,1.06219999999999,4.228187919463087e-05,0.0018666666666666,1.0,0.022854802259887,0,0.0
499,4,289.7237,290.8333,1.1096000000000004,2.6845637583892617e-06,3.3333333333333335e-05,1.0,0.0069937853107344,6,2.4
499,5,25.4751,27.0,1.5248999999999988,0.0151570469798657,0.0332666666666666,0.0536912751677852,0.0281887005649717,9,3.6
499,5,223.7078,225.0,1.2922000000000082,1.5212527964205818e-05,0.0006333333333333,1.0,0.0035853107344632,1,0.4
499,5,234.2708,237.5333,3.2624999999999886,0.0104174496644295,0.0313666666666666,0.1275167785234899,0.0281903954802259,15,6.0
499,11,131.4462,132.6333,1.1870999999999867,0.0008404921700223,0.0166333333333333,0.9463087248322148,0.0067774011299435,11,4.4
499,11,341.0124,341.4667,0.4542999999999892,0.0014284116331096,0.0227333333333333,0.9328859060402684,0.0113790960451977,3,1.2
499,13,212.8528,213.8,0.9472000000000094,0.0015387024608501,0.0067,0.9463087248322148,0.0162389830508474,3,1.2
499,14,170.7847,174.2667,3.4819999999999998,0.0148803131991051,0.0344333333333333,0.0335570469798657,0.0245830508474576,7,2.8
499,14,305.3792,308.2333,2.85409999999996,0.0046080536912751,0.0145666666666666,0.5637583892617449,0.021122033898305,1,0.4
499,15,83.4862,85.3333,1.8470999999999973,0.0004711409395973,0.0025666666666666,1.0,0.0102338983050847,3,1.2
499,15,112.2823,114.5667,2.284399999999991,0.0048429530201342,0.0122,0.610738255033557,0.0194598870056497,5,2.0
499,16,79.9869,80.7667,0.7797999999999945,0.0017630872483221,0.0119333333333333,0.9194630872483222,0.0107966101694915,4,1.6
499,16,171.1828,179.0,7.817200000000014,0.0030968680089485,0.0208666666666666,0.7516778523489933,0.0166135593220339,13,5.2
499,16,197.6873,199.2,1.5126999999999953,0.0031677852348993,0.0112666666666666,0.7651006711409396,0.0193350282485875,14,5.6
499,16,247.6549,249.3333,1.6784000000000106,0.003914317673378,0.0122666666666666,0.6644295302013423,0.0140378531073446,7,2.8
501,0,277.5572,279.5667,2.0095000000000027,0.0040362416107382,0.0157,0.6778523489932886,0.0203367231638418,10,4.0
501,1,289.5789,290.1667,0.5878000000000156,0.0086829977628635,0.0313333333333333,0.5167785234899329,0.0253813559322033,7,2.8
501,1,351.0413,351.6333,0.5920000000000414,2.237136465324385e-06,0.0003,1.0,0.026254802259887,3,1.2
501,8,350.4275,352.7,2.2724999999999795,0.0140718120805369,0.0528,0.1946308724832214,0.0235734463276836,6,2.4
501,9,184.8536,185.9,1.0464000000000055,0.0144295302013422,0.0375333333333333,0.1073825503355704,0.023374011299435,1,0.4
501,10,176.027,178.2,2.173000000000002,0.0005082774049217,0.0051333333333333,0.9932885906040269,0.0079903954802259,4,1.6
501,11,161.4018,162.1667,0.764899999999983,0.0015935123042505,0.0169333333333333,0.8926174496644296,0.0265129943502824,0,0.0
501,17,328.0054,329.8,1.7946000000000026,0.0035250559284116,0.0228,0.7248322147651006,0.0224231638418079,9,3.6
501,21,31.7817,33.5,1.7182999999999993,0.0046807606263982,0.0388666666666666,0.7516778523489933,0.0053062146892655,5,2.0
501,21,250.9381,253.2667,2.3285999999999945,0.0021941834451901,0.0085666666666666,0.959731543624161,0.0198350282485875,0,0.0
501,22,242.7207,243.6667,0.945999999999998,0.0004060402684563,0.0074666666666666,0.959731543624161,0.0032881355932203,5,2.0
501,23,50.6841,53.7333,3.049199999999999,0.0004134228187919,0.0049333333333333,1.0,0.0073248587570621,4,1.6
501,29,180.4491,181.1,0.6509000000000071,0.0015870246085011,0.0182,0.9395973154362416,0.011564406779661,4,1.6
501,29,216.4776,218.5667,2.089100000000002,0.0058870246085011,0.0249,0.4899328859060403,0.0272322033898305,13,5.2
501,34,20.4776,21.2667,0.7891000000000012,0.0017872483221476,0.0098666666666666,0.8859060402684564,0.0051338983050847,3,1.2
501,36,138.7494,141.8667,3.1173,0.0019400447427293,0.0121,0.906040268456376,0.0112514124293785,11,4.4
501,46,157.9257,158.7333,0.8076000000000079,0.0061749440715883,0.0214333333333333,0.4697986577181208,0.0124423728813559,0,0.0
501,46,229.3217,229.8667,0.5450000000000159,2.237136465324385e-06,0.0001,1.0,0.0104745762711864,0,0.0
501,52,75.7135,87.9,12.18650000000001,0.0119774049217002,0.0407,0.1342281879194631,0.0281943502824858,1,0.4
501,54,67.628,69.0667,1.4386999999999972,0.01438322147651,0.0712666666666666,0.2818791946308724,0.0139610169491525,7,2.8
501,56,189.6166,190.1667,0.5500999999999863,0.006310514541387,0.0238666666666666,0.4496644295302013,0.0102937853107344,3,1.2
501,59,47.5374,51.7333,4.195900000000002,0.004934899328859,0.0299666666666666,0.7114093959731543,0.0199497175141242,12,4.8
501,60,24.109,25.9,1.7909999999999968,0.0005033557046979,0.0092,0.9664429530201344,0.0093011299435028,0,0.0
501,61,1.6074,2.6667,1.0593,0.0082425055928411,0.0329,0.5637583892617449,0.0155451977401129,0,0.0
501,61,51.5134,55.8333,4.319900000000004,0.0024465324384787,0.0119333333333333,0.8859060402684564,0.0218977401129943,2,0.8
501,61,162.2874,163.0333,0.745900000000006,0.0143158836689038,0.0566,0.4026845637583892,0.0178259887005649,6,2.4
501,61,250.8869,251.7333,0.8464000000000169,0.0110331096196868,0.0700666666666666,0.5637583892617449,0.0150039548022598,5,2.0
501,61,258.8338,259.5333,0.6995000000000005,0.0204089485458612,0.0654,0.2348993288590604,0.0177830508474576,12,4.8
501,62,153.7741,158.0333,4.259199999999993,0.0019480984340044,0.0136333333333333,0.9664429530201344,0.0148915254237288,11,4.4
501,67,162.2216,163.9333,1.7117000000000075,0.0002536912751677,0.0029666666666666,1.0,0.0046101694915254,0,0.0
501,74,32.5011,33.4333,0.9322000000000016,0.0017212527964205,0.0107666666666666,0.8926174496644296,0.0027807909604519,2,0.8
501,75,52.6913,55.4667,2.7754000000000048,0.0043093959731543,0.0188,0.7046979865771812,0.0057802259887005,3,1.2
501,79,213.9361,216.4667,2.5305999999999926,6.554809843400448e-05,0.0029333333333333,1.0,0.0053033898305084,4,1.6
501,85,180.642,187.0333,6.391300000000001,0.0049977628635346,0.0163666666666666,0.610738255033557,0.01,6,2.4
501,86,92.4497,92.9333,0.4835999999999956,0.0039208053691275,0.0193333333333333,0.6241610738255033,0.0164310734463276,6,2.4
501,88,183.8555,184.5,0.6444999999999936,0.0035163310961968,0.0157666666666666,0.7046979865771812,0.0354960451977401,3,1.2
501,88,349.8512,352.4333,2.5820999999999685,0.0021380313199105,0.0148,0.912751677852349,0.02804802259887,11,4.4
501,89,98.9062,100.1333,1.2271000000000072,0.0008241610738255,0.0042333333333333,1.0,0.0046282485875706,7,2.8
501,89,121.6397,125.8,4.160299999999992,0.0005322147651006,0.0052333333333333,0.9932885906040269,0.0143497175141242,3,1.2
501,89,216.3293,218.7333,2.404000000000025,0.0025762863534675,0.0107333333333333,0.8590604026845637,0.0123881355932203,6,2.4
501,90,8.7926,10.3333,1.5406999999999993,0.020024384787472,0.0612,0.1208053691275167,0.0195056497175141,12,4.8
501,90,142.9506,144.7,1.74939999999998,0.0205921700223713,0.0553,0.0,0.0213163841807909,6,2.4
501,90,145.703,149.1667,3.4636999999999887,0.0158362416107382,0.0469333333333333,0.1476510067114094,0.0189943502824858,5,2.0
501,90,330.2295,331.4333,1.203800000000001,0.0070892617449664,0.0278,0.5503355704697986,0.0183858757062146,10,4.0
501,90,334.9631,339.4333,4.470199999999977,0.0143053691275167,0.0343,0.174496644295302,0.0269841807909604,8,3.2
501,91,49.2351,54.2,4.9649,0.0236870246085011,0.0482,0.0,0.022583615819209,7,2.8
501,91,207.0473,208.2,1.1526999999999816,0.0219335570469798,0.0513,0.087248322147651,0.0248977401129943,8,3.2
501,93,239.8074,241.9333,2.125900000000001,0.0042684563758389,0.0333666666666666,0.7449664429530202,0.0310723163841807,15,6.0
501,99,264.5678,265.0333,0.46550000000002,0.0116894854586129,0.0522666666666666,0.3825503355704698,0.0188508474576271,5,2.0
501,101,263.2181,285.1333,21.915200000000027,0.0250017897091722,0.0604666666666666,0.0067114093959731,0.0144406779661016,1,0.4
501,101,311.8823,313.5667,1.6844000000000392,0.0158870246085011,0.0412,0.1476510067114094,0.038074011299435,12,4.8
501,102,223.8311,224.5333,0.7022000000000048,0.0002353467561521,0.0040333333333333,1.0,0.0166988700564971,6,2.4
501,102,272.2867,273.7,1.4132999999999925,0.0002565995525727,0.0019666666666666,1.0,0.00924802259887,8,3.2
501,102,339.1401,339.9667,0.8265999999999849,0.0004451901565995,0.0023333333333333,1.0,0.0078762711864406,2,0.8
501,106,149.0771,149.8333,0.7562000000000069,0.0018022371364653,0.0105666666666666,0.8859060402684564,0.0092807909604519,2,0.8
501,106,345.5428,347.0,1.4572000000000005,0.0024995525727069,0.0314333333333333,0.8590604026845637,0.0089271186440677,7,2.8
501,107,222.9202,224.9333,2.0131000000000085,0.0041843400447427,0.0217,0.7181208053691275,0.012693220338983,10,4.0
501,107,315.746,317.2,1.4540000000000075,0.0066346756152125,0.0213333333333333,0.4765100671140939,0.035819209039548,18,7.2
501,108,302.8436,303.9,1.0563999999999965,0.0047118568232662,0.0096,0.5369127516778524,0.0110457627118644,5,2.0
501,109,74.9339,76.0667,1.1328000000000031,0.0064429530201342,0.0165333333333333,0.3624161073825503,0.0117045197740113,3,1.2
501,110,24.7624,26.5,1.7376000000000005,0.0029870246085011,0.0225,0.7516778523489933,0.0198536723163841,12,4.8
501,110,301.5386,302.7333,1.1947000000000116,0.0,0.0,1.0,0.0128474576271186,5,2.0
501,110,305.7121,307.9,2.1878999999999564,0.0096979865771812,0.0448333333333333,0.4697986577181208,0.0165367231638418,8,3.2
501,111,63.097,68.9,5.803000000000004,0.0,0.0,1.0,0.0054112994350282,0,0.0
501,111,278.4115,280.6667,2.255200000000002,0.014058836689038,0.0400666666666666,0.0604026845637583,0.0279367231638418,4,1.6
501,112,221.6105,224.9667,3.356200000000001,0.0,0.0,1.0,0.0069418079096045,5,2.0
501,113,327.7045,330.6667,2.962199999999996,0.0001713646532438,0.0079,0.9798657718120806,0.0161564971751412,0,0.0
501,114,9.466,15.7,6.234,2.237136465324385e-07,3.3333333333333335e-05,1.0,0.0082440677966101,0,0.0
501,114,104.2273,105.7333,1.5060000000000002,0.0005093959731543,0.0122333333333333,0.9731543624161074,0.0122451977401129,4,1.6
501,114,160.3884,161.2667,0.8782999999999959,5.92841163310962e-05,0.0086333333333333,0.9932885906040269,0.0134988700564971,2,0.8
501,114,298.6089,301.7667,3.157800000000009,0.0077344519015659,0.0319,0.3691275167785235,0.0224926553672316,11,4.4
501,115,29.2306,29.9333,0.7027000000000001,0.0030997762863534,0.0409333333333333,0.8389261744966443,0.0277745762711864,1,0.4
501,115,245.0766,247.6333,2.556699999999978,0.0112024608501118,0.0259333333333333,0.1946308724832214,0.0181593220338983,6,2.4
501,117,2.5645,9.3667,6.8022,0.0003673378076062,0.0084333333333333,0.9932885906040269,0.015338418079096,0,0.0
501,118,103.8712,104.4,0.5288000000000039,0.0049731543624161,0.0263666666666666,0.6308724832214765,0.0120514124293785,6,2.4
501,118,143.8148,146.5333,2.718500000000006,0.007759284116331,0.0346,0.4093959731543624,0.0282372881355932,16,6.4
501,118,245.576,247.8333,2.257300000000015,0.0051152125279642,0.0150333333333333,0.6375838926174496,0.0243079096045197,11,4.4
501,119,127.4755,130.1333,2.6577999999999946,1.0290827740492173e-05,0.0006333333333333,1.0,0.015483615819209,5,2.0
501,120,202.3753,203.1667,0.7913999999999817,0.0008816554809843,0.0035333333333333,1.0,0.0122694915254237,0,0.0
501,121,7.1799,9.6,2.4201,0.0088436241610738,0.0263333333333333,0.2348993288590604,0.024431638418079,2,0.8
501,121,124.1861,124.8333,0.647199999999998,0.0074026845637583,0.0257333333333333,0.4429530201342282,0.0170299435028248,1,0.4
501,122,52.249,53.5667,1.317699999999995,0.010997091722595,0.0299,0.1543624161073825,0.0204887005649717,7,2.8
501,122,60.2429,81.0,20.7571,0.0128498881431767,0.0292333333333333,0.1208053691275167,0.0391881355932203,5,2.0
501,122,224.4336,235.9,11.466399999999991,0.0100919463087248,0.0289,0.2348993288590604,0.0243887005649717,0,0.0
501,122,265.5376,266.2667,0.7291000000000167,0.0288973154362416,0.0588333333333333,0.046979865771812,0.0412225988700565,0,0.0
501,123,156.4534,158.6,2.1466000000000065,0.0,0.0,1.0,0.0086050847457627,10,4.0
501,123,259.084,260.0667,0.9827000000000226,0.0,0.0,1.0,0.0057118644067796,4,1.6
501,124,73.5634,74.2667,0.7032999999999987,0.0,0.0,1.0,0.0042892655367231,0,0.0
501,124,86.2279,93.1667,6.9388000000000005,1.5436241610738255e-05,0.0004,1.0,0.0130033898305084,6,2.4
501,124,172.0387,172.7667,0.7279999999999802,0.0,0.0,1.0,0.0227107344632768,0,0.0
501,125,37.9345,39.2667,1.3322000000000005,0.0111762863534675,0.0426333333333333,0.1476510067114094,0.0149271186440677,2,0.8
501,125,218.7093,223.9333,5.2239999999999895,0.0097630872483221,0.0345,0.3087248322147651,0.0337655367231638,0,0.0
501,125,337.0056,337.8667,0.8610999999999649,0.0132212527964205,0.0598666666666666,0.3624161073825503,0.0401322033898305,3,1.2
501,126,113.2901,114.9333,1.643200000000007,0.0074337807606264,0.0283,0.4697986577181208,0.016009604519774,6,2.4
501,126,138.2117,141.1333,2.921599999999984,0.0137736017897091,0.049,0.1476510067114094,0.0257621468926553,9,3.6
501,126,338.9237,339.6,0.6763000000000261,0.0080002237136465,0.045,0.436241610738255,0.0186999999999999,0,0.0
501,126,341.2199,342.3333,1.1134000000000128,0.0113451901565995,0.0360666666666666,0.2214765100671141,0.0293446327683615,5,2.0
501,127,94.5162,95.9667,1.4505000000000052,0.0141577181208053,0.0422,0.1543624161073825,0.0217451977401129,7,2.8
501,127,121.8855,123.6,1.714500000000001,0.0114729306487695,0.0336,0.087248322147651,0.0174570621468926,1,0.4
501,127,168.2332,171.0333,2.8000999999999863,0.0225823266219239,0.0442333333333333,0.0,0.0258841807909604,0,0.0
501,129,118.302,121.4667,3.1646999999999963,0.0090100671140939,0.0299333333333333,0.3422818791946309,0.0191338983050847,3,1.2
501,130,155.3209,155.7667,0.4457999999999913,0.0006536912751677,0.0032,1.0,0.0074717514124293,3,1.2
501,131,154.5794,157.3667,2.787300000000016,2.147651006711409e-05,0.0005,1.0,0.0138440677966101,0,0.0
501,131,290.7146,293.0,2.285399999999981,0.0009033557046979,0.0074666666666666,0.9731543624161074,0.0199474576271186,0,0.0
501,133,46.6129,56.4333,9.8204,5.637583892617448e-05,0.0034,1.0,0.0219999999999999,9,3.6
501,133,223.7047,227.2667,3.5619999999999834,7.002237136465324e-05,0.0029333333333333,1.0,0.0238395480225988,2,0.8
501,133,318.9933,327.5,8.506700000000023,0.0068407158836689,0.0311,0.5167785234899329,0.0245677966101694,0,0.0
501,134,84.4186,91.7333,7.314700000000002,2.237136465324385e-07,3.3333333333333335e-05,1.0,0.0142090395480226,0,0.0
501,134,251.6803,254.9667,3.286400000000014,5.1901565995525726e-05,0.0026333333333333,1.0,0.0154909604519774,0,0.0
501,135,133.3674,137.4667,4.0993,0.0,0.0,1.0,0.0100225988700564,0,0.0
501,135,183.2399,184.5333,1.2933999999999912,0.0028431767337807,0.0325,0.8657718120805369,0.0189299435028248,7,2.8
501,135,239.8181,241.5,1.681900000000013,0.0018749440715883,0.0163,0.8389261744966443,0.0116423728813559,1,0.4
501,136,132.801,133.8667,1.065700000000021,1.1185682326621925e-06,3.3333333333333335e-05,1.0,0.0117214689265536,0,0.0
501,136,265.5268,268.1333,2.60650000000004,0.0032662192393736,0.0145333333333333,0.7114093959731543,0.0086186440677966,9,3.6
501,137,342.4578,345.8,3.342199999999991,0.0029272930648769,0.0283666666666666,0.7718120805369127,0.0130118644067796,1,0.4
501,138,27.107,27.9333,0.8262999999999998,0.0181395973154362,0.0511666666666666,0.0067114093959731,0.0272197740112994,12,4.8
501,138,228.1357,231.4333,3.2975999999999885,0.0073753914988814,0.0262,0.4630872483221476,0.0148723163841807,11,4.4
501,139,56.3724,57.5333,1.160899999999998,0.0128984340044742,0.0538333333333333,0.3221476510067114,0.0171271186440677,9,3.6
501,139,95.955,103.0333,7.078299999999999,0.0108516778523489,0.0323666666666666,0.2080536912751678,0.0199412429378531,7,2.8
501,144,166.3586,168.3333,1.9747000000000128,0.0079673378076062,0.0347,0.3624161073825503,0.0093485875706214,1,0.4
501,144,251.607,257.1333,5.52630000000002,0.010438255033557,0.0344,0.3087248322147651,0.0171248587570621,13,5.2
501,145,13.2808,14.1667,0.8859000000000012,0.0005178970917225,0.0115666666666666,0.953020134228188,0.0078591954022988,5,2.0
501,145,80.5073,81.3,0.7926999999999964,1.6778523489932888e-05,0.0002333333333333,1.0,0.012328813559322,0,0.0
501,155,95.2815,96.6667,1.3852000000000118,0.0030098434004474,0.0099333333333333,0.8523489932885906,0.0106107344632768,6,2.4
501,158,116.2795,117.7333,1.453800000000001,3.8031319910514553e-06,0.0001,1.0,0.0058723163841807,3,1.2
501,159,278.551,279.8,1.2490000000000236,1.230425055928412e-05,0.0001,1.0,0.0078621468926553,4,1.6
501,160,126.1824,127.3333,1.150899999999993,0.0014033557046979,0.0076,0.9731543624161074,0.0151604519774011,6,2.4
501,162,90.966,93.1333,2.167300000000012,0.0056946308724832,0.0325666666666666,0.6510067114093959,0.0340389830508474,10,4.0
501,162,118.3338,120.0,1.6662000000000037,0.0214617449664429,0.0433,0.046979865771812,0.0227485875706214,4,1.6
501,162,320.7944,322.6,1.8056000000000267,0.0020977628635346,0.0119,0.8187919463087249,0.0313406779661016,8,3.2
501,163,335.7289,337.7667,2.0378000000000043,4.47427293064877e-07,3.3333333333333335e-05,1.0,0.0176638418079096,14,5.6
501,164,160.5852,161.8333,1.2481000000000222,0.0020628635346756,0.0116333333333333,0.8859060402684564,0.018254802259887,2,0.8
501,165,206.9305,212.2667,5.336199999999991,0.0037024608501118,0.0158666666666666,0.7248322147651006,0.0107977401129943,6,2.4
501,166,97.1546,104.6,7.445399999999992,2.0134228187919465e-05,0.0006666666666666,1.0,0.0136966101694915,0,0.0
501,166,122.1862,123.7333,1.5471000000000004,0.0192306487695749,0.0464,0.0402684563758389,0.0179994350282485,7,2.8
501,166,252.8058,255.0,2.194199999999995,0.0031559284116331,0.0229333333333333,0.7248322147651006,0.0066152542372881,0,0.0
501,166,312.8658,314.8,1.9342000000000328,0.0003536912751677,0.0083333333333333,0.9865771812080536,0.0137757062146892,7,2.8
501,167,8.1152,9.0,0.8848000000000003,0.0034930648769574,0.0179333333333333,0.738255033557047,0.0123412429378531,0,0.0
501,167,210.3335,211.0333,0.6998000000000104,0.0022205816554809,0.0178,0.8456375838926175,0.0092994350282485,8,3.2
501,167,281.0109,281.7,0.6890999999999963,0.0006190156599552,0.0035,1.0,0.0090627118644067,6,2.4
501,168,275.644,276.5,0.8559999999999945,0.0017859060402684,0.0083333333333333,0.9664429530201344,0.0215745762711864,10,4.0
501,169,77.3006,78.6667,1.366100000000003,0.0127702460850111,0.0717666666666666,0.3288590604026846,0.0187542372881355,10,4.0
501,169,183.5756,184.3667,0.7911000000000001,0.0020557046979865,0.0091333333333333,0.8926174496644296,0.0255367231638418,0,0.0
501,170,8.2048,9.4333,1.2284999999999986,0.0096029082774049,0.0385333333333333,0.2281879194630872,0.0177604519774011,4,1.6
501,170,64.8215,72.5,7.6785,0.0148118568232662,0.0476333333333333,0.0805369127516778,0.0278870056497175,1,0.4
501,171,78.7497,79.4667,0.7169999999999987,1.1185682326621926e-05,0.0002666666666666,1.0,0.0094005649717514,0,0.0
501,171,84.4986,85.8,1.301400000000001,0.0083040268456375,0.0354,0.3288590604026846,0.0110745762711864,3,1.2
501,171,91.2135,91.8,0.5865000000000009,0.0119854586129753,0.0256,0.0335570469798657,0.0250090395480226,7,2.8
501,171,245.1338,246.7333,1.599500000000006,0.0048011185682326,0.0237666666666666,0.6308724832214765,0.0180581920903954,10,4.0
501,171,299.0278,299.7333,0.7054999999999723,0.0064201342281879,0.0254333333333333,0.4295302013422818,0.0193146892655367,0,0.0
501,172,43.2512,48.3,5.0488,0.010058836689038,0.0274,0.0939597315436241,0.0127248587570621,2,0.8
501,172,193.0365,198.8,5.763500000000022,0.013293288590604,0.0314,0.0335570469798657,0.0246118644067796,7,2.8
501,172,350.796,351.4667,0.6707000000000107,0.0019011185682326,0.0120666666666666,0.8590604026845637,0.0103689265536723,8,3.2
501,173,205.7518,206.3,0.5482000000000085,0.0071340044742729,0.0217,0.4496644295302013,0.0202666666666666,0,0.0
501,173,279.5475,280.0,0.4524999999999863,0.0008237136465324,0.0080666666666666,0.959731543624161,0.0150689265536723,1,0.4
501,174,55.2074,56.3667,1.1593000000000018,0.0034539149888143,0.0123333333333333,0.6711409395973155,0.0140638418079096,13,5.2
501,174,245.7371,246.4,0.6629000000000076,0.0010156599552572,0.0036333333333333,1.0,0.0071299435028248,3,1.2
501,174,277.9996,279.4667,1.4671000000000165,0.0078872483221476,0.019,0.1476510067114094,0.0195022598870056,4,1.6
501,174,309.1255,323.6667,14.541200000000003,0.0097378076062639,0.0503666666666666,0.2818791946308724,0.0119485875706214,4,1.6
501,175,92.259,94.2333,1.9742999999999995,1.0290827740492173e-05,0.0005,1.0,0.0192491525423728,16,6.4
501,178,14.4607,15.8,1.3393000000000015,0.0002686800894854,0.0037333333333333,1.0,0.0071084745762711,4,1.6
501,185,113.4225,115.2,1.7775000000000034,0.0023879194630872,0.0124,0.8187919463087249,0.0238276836158192,15,6.0
501,185,144.0194,145.4,1.3806000000000154,0.0032863534675615,0.0199,0.8456375838926175,0.0121796610169491,3,1.2
501,185,325.3073,325.9333,0.6259999999999764,0.0027006711409395,0.0173666666666666,0.8187919463087249,0.018112429378531,9,3.6
501,186,31.6195,32.9667,1.3472000000000044,0.001189932885906,0.0078333333333333,0.9798657718120806,0.0266079096045197,9,3.6
501,186,299.0468,302.5,3.453199999999981,0.0,0.0,1.0,0.0069045197740112,2,0.8
501,187,249.8677,251.7667,1.8989999999999725,0.0150474272930648,0.0424666666666666,0.046979865771812,0.0323728813559322,12,4.8
501,187,303.7058,320.6333,16.92750000000001,0.0291673378076062,0.0723333333333333,0.0,0.0297909604519774,11,4.4
501,188,57.2091,59.2333,2.0242000000000004,0.0141102908277404,0.0488666666666666,0.2684563758389262,0.0155559322033898,1,0.4
501,188,250.8603,252.0667,1.206400000000002,0.0,0.0,1.0,0.0046519774011299,0,0.0
501,189,25.6721,33.8667,8.194600000000001,0.0026568232662192,0.0149666666666666,0.8456375838926175,0.0191423728813559,0,0.0
501,189,189.672,196.0667,6.3947,0.0342722595078299,0.0657333333333333,0.0,0.035809604519774,0,0.0
501,190,112.535,114.3333,1.7982999999999976,0.0,0.0,1.0,0.0106615819209039,2,0.8
501,190,155.6804,156.5667,0.8863000000000056,0.0029646532438478,0.0167666666666666,0.7718120805369127,0.014654802259887,5,2.0
501,190,236.5363,238.9,2.3636999999999944,0.0109982102908277,0.0309,0.2013422818791946,0.0321875706214689,10,4.0
501,191,3.5914,5.4333,1.8419,0.0310604026845637,0.0619333333333333,0.0,0.0368,3,1.2
501,191,13.3035,14.7667,1.4632000000000005,0.0355270693512304,0.0692,0.0,0.0472790960451977,9,3.6
501,191,16.4924,18.7667,2.2743,0.0407485458612975,0.0766333333333333,0.0,0.0558418079096045,2,0.8
501,192,79.1621,80.4667,1.3046000000000078,0.0006165548098434,0.0077333333333333,0.9798657718120806,0.0204542372881355,5,2.0
501,192,202.0356,203.6,1.5644000000000062,0.0059563758389261,0.0381,0.6644295302013423,0.0191915254237288,1,0.4
501,193,44.9592,45.7,0.7408000000000001,0.006493288590604,0.0349666666666666,0.5771812080536913,0.0271655367231638,16,6.4
501,193,313.033,313.7,0.6669999999999732,0.0086147651006711,0.0303666666666666,0.3288590604026846,0.0120661016949152,5,2.0
501,194,39.5424,40.7333,1.1908999999999992,0.0122816554809843,0.0551666666666666,0.3624161073825503,0.0141909604519774,5,2.0
501,194,151.1515,152.1333,0.9817999999999928,0.0080651006711409,0.0414333333333333,0.4832214765100671,0.0261457627118644,14,5.6
501,194,313.8481,317.2,3.3519000000000005,0.0,0.0,1.0,0.0190553672316384,2,0.8
501,195,53.6923,61.0667,7.374399999999994,0.0131959731543624,0.0606666666666666,0.4161073825503356,0.0263564971751412,11,4.4
501,195,70.4364,72.5333,2.096899999999991,0.0214194630872483,0.0953,0.1946308724832214,0.040857627118644,1,0.4
501,195,74.4698,75.2333,0.7634999999999934,0.0379572706935123,0.0925333333333333,0.0,0.0575751412429378,2,0.8
501,195,80.4882,92.8333,12.345099999999988,0.042486577181208,0.0847,0.0,0.0451107344632768,1,0.4
501,198,153.5247,162.5667,9.042000000000002,0.0233599552572706,0.0445666666666666,0.0201342281879194,0.0146966101694915,4,1.6
501,200,103.2081,104.9667,1.7586000000000013,0.0115700223713646,0.0384,0.2214765100671141,0.0159163841807909,5,2.0
501,200,115.3979,116.6667,1.2687999999999988,0.008924384787472,0.0388,0.3422818791946309,0.0223209039548022,6,2.4
501,200,145.7217,148.3333,2.61160000000001,0.020597091722595,0.0451,0.0335570469798657,0.0273316384180791,3,1.2
501,201,40.8208,43.3,2.4791999999999987,0.0043078299776286,0.0287666666666666,0.738255033557047,0.0291344632768361,7,2.8
501,201,305.1472,306.1,0.9528000000000248,0.0011015659955257,0.0114,0.9395973154362416,0.0083259887005649,11,4.4
501,202,84.4042,88.1333,3.7291000000000025,0.0036624161073825,0.0286333333333333,0.6778523489932886,0.0260598870056497,6,2.4
501,202,120.3097,121.3333,1.0235999999999876,8.948545861297539e-07,3.3333333333333335e-05,1.0,0.010319209039548,4,1.6
501,202,162.5312,163.4,0.8687999999999931,0.0018697986577181,0.0131,0.9328859060402684,0.012954802259887,4,1.6
501,202,222.0094,222.6333,0.6238999999999919,0.0150514541387024,0.0409333333333333,0.046979865771812,0.0187457627118644,7,2.8
501,202,294.387,294.9667,0.5797000000000025,0.0138324384787472,0.0389666666666666,0.1543624161073825,0.0345728813559322,8,3.2
501,203,152.5801,153.6333,1.053200000000004,0.0152145413870246,0.0535,0.1409395973154362,0.0178785310734463,1,0.4
501,204,163.7682,164.6,0.831799999999987,0.0084635346756152,0.0324333333333333,0.4295302013422818,0.0183225988700564,6,2.4
501,205,138.6284,139.9,1.2716000000000065,0.0019514541387024,0.0197333333333333,0.8657718120805369,0.0229655367231638,11,4.4
501,205,173.6727,174.4,0.7273000000000138,0.0052407158836689,0.0277666666666666,0.7046979865771812,0.0273107344632768,7,2.8
501,206,189.6157,193.4667,3.850999999999999,5.592841163310962e-06,0.0002333333333333,1.0,0.0327361581920904,1,0.4
501,206,254.8416,256.1333,1.29170000000002,0.0235272930648769,0.0526,0.0738255033557047,0.0390310734463276,1,0.4
501,207,224.0083,228.7,4.691699999999997,0.001162639821029,0.0296,0.9395973154362416,0.0436903954802259,0,0.0
501,208,100.6579,102.7667,2.1088000000000022,2.237136465324385e-07,3.3333333333333335e-05,1.0,0.010974011299435,1,0.4
501,208,298.6412,300.2333,1.5920999999999594,0.0036203579418344,0.0234333333333333,0.7785234899328859,0.0255446327683615,10,4.0
501,210,15.8134,16.6333,0.8198999999999987,0.0080724832214765,0.0411666666666666,0.348993288590604,0.0224338983050847,4,1.6
501,210,37.75,45.5,7.75,0.0108939597315436,0.048,0.2348993288590604,0.0316870056497175,13,5.2
501,211,170.7471,173.5,2.752900000000011,0.010758836689038,0.0270666666666666,0.2281879194630872,0.020022033898305,2,0.8
501,211,348.9781,349.8,0.8219000000000278,0.0062854586129753,0.0183333333333333,0.5167785234899329,0.0174632768361581,0,0.0
501,214,68.562,74.2333,5.671300000000002,2.6845637583892617e-06,3.3333333333333335e-05,1.0,0.0281502824858757,0,0.0
501,214,272.1874,274.4667,2.279299999999978,0.0068675615212527,0.0313,0.3624161073825503,0.0144875706214689,4,1.6
501,214,275.88,278.0,2.1200000000000045,0.0114742729306487,0.0681333333333333,0.2684563758389262,0.0145807909604519,8,3.2
501,215,212.4305,214.2333,1.802800000000019,0.0,0.0,1.0,0.0228457627118644,3,1.2
501,216,69.0077,72.1333,3.1256000000000057,0.0,0.0,1.0,0.0192016949152542,0,0.0
501,216,148.4973,151.3,2.802700000000016,0.0,0.0,1.0,0.0222655367231638,0,0.0
501,216,194.542,197.1,2.5579999999999927,0.0,0.0,1.0,0.043412429378531,0,0.0
501,217,4.8084,7.0667,2.2583,0.0113519015659955,0.0638,0.2684563758389262,0.0257937853107344,2,0.8
501,217,85.8255,86.7,0.8744999999999976,0.0078324384787472,0.0415666666666666,0.3691275167785235,0.0147305084745762,5,2.0
501,217,299.2409,313.4333,14.192399999999964,0.0141297539149888,0.0468,0.174496644295302,0.0098062146892655,4,1.6
501,218,171.2828,172.1667,0.8838999999999828,0.0144630872483221,0.0397666666666666,0.0268456375838926,0.0246841807909604,3,1.2
501,218,352.3347,357.1,4.765300000000025,0.0149364653243847,0.0399333333333333,0.0939597315436241,0.0154333333333333,0,0.0
501,219,98.0713,100.0,1.9287000000000063,0.0058644295302013,0.0374,0.7449664429530202,0.0118440677966101,4,1.6
501,219,256.1324,259.1333,3.000900000000001,0.0196648769574944,0.0702,0.0067114093959731,0.0294519774011299,10,4.0
501,219,320.2355,328.5333,8.297799999999995,0.038731096196868,0.0697666666666666,0.0,0.0352372881355932,6,2.4
501,220,15.9628,18.5667,2.603900000000001,0.0238610738255033,0.051,0.0,0.0353717514124293,2,0.8
501,220,202.3075,205.2333,2.925800000000009,0.008176510067114,0.0282666666666666,0.3355704697986577,0.0245598870056497,15,6.0
501,220,266.6817,267.4667,0.785000000000025,0.00421096196868,0.0104666666666666,0.6308724832214765,0.0087757062146892,7,2.8
501,220,295.0146,302.2333,7.2187000000000126,0.0109664429530201,0.0345666666666666,0.2550335570469799,0.0145949152542372,1,0.4
501,221,19.6243,23.8667,4.2424,0.0175975391498881,0.0549666666666666,0.0335570469798657,0.0305322033898305,11,4.4
501,221,124.3057,147.4,23.094300000000004,0.0010212527964205,0.0054,0.9932885906040269,0.0155960451977401,2,0.8
501,221,180.9521,183.8,2.84790000000001,0.0032404921700223,0.014,0.7651006711409396,0.0180785310734463,5,2.0
501,221,196.9475,206.7667,9.819199999999997,0.0036024608501118,0.0115,0.8053691275167785,0.026174011299435,8,3.2
501,221,317.7743,325.1,7.32570000000004,0.0094595078299776,0.026,0.2416107382550335,0.0085638418079096,3,1.2
501,225,301.8866,305.7,3.8134000000000015,0.0035536912751677,0.0162666666666666,0.7046979865771812,0.0109045197740113,4,1.6
501,226,147.6449,149.6667,2.0217999999999847,0.0079597315436241,0.0276666666666666,0.4630872483221476,0.0098016949152542,6,2.4
503,4,202.1554,205.4,3.24460000000002,0.0,0.0,1.0,0.0109683615819209,3,1.2
504,0,266.3015,269.8667,3.5652000000000044,6.7114093959731546e-06,0.0001,1.0,0.0272847457627118,6,2.4
504,0,324.5579,333.8,9.242099999999994,0.0280982102908277,0.0553666666666666,0.0,0.0332694915254237,13,5.2
504,5,220.6679,221.5667,0.8987999999999943,0.0001234899328859,0.0044,1.0,0.0243451977401129,4,1.6
504,5,261.9081,263.4,1.491899999999987,0.0043060402684563,0.0152333333333333,0.6442953020134228,0.0276531073446327,5,2.0
504,5,279.7734,280.4333,0.6598999999999933,0.0029749440715883,0.0174333333333333,0.7919463087248322,0.0157903954802259,1,0.4
504,5,300.1625,300.8333,0.6707999999999856,0.0049639821029082,0.0259333333333333,0.7046979865771812,0.0209615819209039,3,1.2
504,5,339.9366,340.7,0.7633999999999901,0.0054982102908277,0.0431,0.6778523489932886,0.0198887005649717,1,0.4
504,6,13.8551,14.5667,0.7116000000000007,0.0048429530201342,0.0179666666666666,0.6241610738255033,0.0338649717514124,0,0.0
504,6,233.5386,234.7333,1.1947000000000116,0.0067029082774049,0.0417,0.7315436241610739,0.0400299435028248,19,7.6
504,6,320.6261,321.5667,0.9406000000000176,0.0309803131991051,0.0742333333333333,0.0335570469798657,0.0303112994350282,9,3.6
504,7,262.9816,263.6333,0.6517000000000053,0.0166780760626398,0.0695,0.2885906040268456,0.055974011299435,0,0.0
504,8,111.5856,112.3,0.7143999999999977,2.818791946308725e-05,0.0002333333333333,1.0,0.0176717514124293,0,0.0
504,8,141.7764,142.5,0.7236000000000047,0.0002378076062639,0.0116333333333333,0.9798657718120806,0.0187988700564971,0,0.0
504,8,157.9101,158.5,0.5899000000000001,2.460850111856824e-06,6.666666666666667e-05,1.0,0.0136711864406779,0,0.0
504,8,173.0426,173.7,0.6573999999999955,3.579418344519016e-06,6.666666666666667e-05,1.0,0.0229581920903954,0,0.0
504,8,184.1606,184.8,0.6394000000000233,5.592841163310962e-06,0.0001,1.0,0.0164169491525423,0,0.0
504,8,196.7107,197.3667,0.6560000000000059,6.7114093959731546e-06,0.0001666666666666,1.0,0.0149,0,0.0
504,8,225.3251,225.9667,0.641600000000011,1.3870246085011188e-05,0.0001333333333333,1.0,0.0190005649717514,0,0.0
504,8,247.7647,251.6,3.8352999999999895,5.8165548098434e-06,0.0001,1.0,0.0149870056497175,8,3.2
504,8,265.1459,265.7333,0.5874000000000024,0.0135183445190156,0.0329,0.1208053691275167,0.020583615819209,3,1.2
504,8,312.7486,313.9667,1.2180999999999926,5.5928411633109614e-06,0.0003,1.0,0.0135016949152542,0,0.0
504,8,351.808,357.0,5.192000000000007,6.935123042505593e-06,6.666666666666667e-05,1.0,0.0276423728813559,0,0.0
504,9,61.3247,64.0333,2.708599999999997,1.2304250559284115e-05,0.0001,1.0,0.0197542372881355,0,0.0
504,9,72.2224,72.8333,0.6109000000000009,0.0015856823266219,0.0161666666666666,0.9328859060402684,0.0221711864406779,0,0.0
504,9,81.2272,81.9,0.6728000000000094,0.002589932885906,0.0127333333333333,0.7583892617449665,0.0286807909604519,4,1.6
504,9,89.8133,90.7,0.8867000000000047,0.0006780760626398,0.0173666666666666,0.9664429530201344,0.0168112994350282,6,2.4
504,9,139.6623,140.3,0.6377000000000237,0.0038324384787472,0.0143666666666666,0.6778523489932886,0.0203107344632768,0,0.0
504,9,149.3387,151.3667,2.02800000000002,0.0063789709172259,0.0237,0.3959731543624161,0.0150073446327683,2,0.8
504,9,157.0254,157.6,0.5746000000000038,0.012814317673378,0.0352333333333333,0.087248322147651,0.0290943502824858,5,2.0
504,9,174.4457,176.0,1.554300000000012,0.0085093959731543,0.0367333333333333,0.4832214765100671,0.0011830508474576,1,0.4
504,9,200.8303,201.6,0.7697000000000003,9.395973154362418e-06,0.0002,1.0,0.0186615819209039,0,0.0
504,9,206.2908,206.9333,0.6425000000000125,0.0194020134228187,0.0494666666666666,0.1342281879194631,0.0339237288135593,1,0.4
504,9,221.7194,222.2667,0.5472999999999786,0.0006190156599552,0.0050666666666666,0.9932885906040269,0.0278084745762711,0,0.0
504,9,248.3515,248.9333,0.5818000000000154,0.0033738255033557,0.0165666666666666,0.7583892617449665,0.0317225988700565,0,0.0
504,9,268.9133,269.4333,0.5199999999999818,0.0051651006711409,0.0210666666666666,0.5838926174496645,0.0278163841807909,2,0.8
504,10,24.8305,28.9333,4.1027999999999984,0.0054628635346756,0.0177333333333333,0.5302013422818792,0.0213960451977401,8,3.2
504,10,98.8365,100.0,1.163499999999999,0.0131156599552572,0.0377666666666666,0.1543624161073825,0.0379723163841807,3,1.2
504,10,101.0411,101.6333,0.5922000000000054,0.0147523489932885,0.0465666666666666,0.1409395973154362,0.0383158192090395,1,0.4
504,10,164.1919,164.8667,0.6748000000000047,0.002569351230425,0.0137,0.906040268456376,0.0167016949152542,1,0.4
504,10,301.4096,302.1333,0.723700000000008,0.0171250559284116,0.049,0.1208053691275167,0.0237870056497175,1,0.4
504,10,315.9221,316.5,0.5778999999999996,0.0199733780760626,0.0456666666666666,0.0,0.0349632768361581,1,0.4
504,10,330.6312,331.1667,0.5355000000000132,0.0158910514541387,0.0458666666666666,0.1476510067114094,0.0284463276836158,3,1.2
504,10,349.095,349.7333,0.6382999999999583,0.0122107382550335,0.0246666666666666,0.0402684563758389,0.0233158192090395,6,2.4
504,11,18.3389,18.9,0.5610999999999997,0.001834899328859,0.0084666666666666,0.9395973154362416,0.0170152542372881,2,0.8
504,11,78.148,78.8667,0.7186999999999983,0.0032874720357941,0.0376333333333333,0.7785234899328859,0.0183107344632768,0,0.0
504,15,236.8944,238.2667,1.3722999999999956,0.0241357941834451,0.0481333333333333,0.0067114093959731,0.0458683615819209,1,0.4
504,16,267.5986,268.2,0.6014000000000124,0.0001545861297539,0.0029333333333333,1.0,0.0101497175141242,1,0.4
504,17,13.7305,14.8333,1.1028000000000002,0.0004825503355704,0.0038,1.0,0.0121587570621468,1,0.4
504,20,53.8496,54.7,0.8504000000000005,0.0038,0.0172333333333333,0.6375838926174496,0.0252079096045197,0,0.0
504,20,73.8875,74.5667,0.6791999999999945,0.0107418344519015,0.0259,0.1476510067114094,0.0235542372881355,0,0.0
504,20,129.9087,130.5333,0.6245999999999867,0.0097680089485458,0.0215333333333333,0.2751677852348993,0.0331322033898305,2,0.8
504,20,154.356,163.7667,9.410699999999991,0.0135022371364653,0.0354333333333333,0.0738255033557047,0.0070225988700564,0,0.0
504,20,295.2618,297.5,2.238200000000006,0.0007713646532438,0.0034333333333333,1.0,0.0102728813559322,6,2.4
504,22,322.7213,323.2667,0.5454000000000292,0.0050736017897091,0.019,0.5838926174496645,0.0133581920903954,3,1.2
504,25,301.8359,305.0333,3.197400000000016,0.0142255033557046,0.0318333333333333,0.0604026845637583,0.0410276836158192,0,0.0
504,27,115.7254,116.3,0.5746000000000038,8.053691275167787e-06,0.0001,1.0,0.0153542372881355,0,0.0
504,36,47.538,48.4333,0.895300000000006,0.0009581655480984,0.018,0.9395973154362416,0.0314350282485875,5,2.0
504,37,68.9795,69.9333,0.9538000000000012,0.0507073825503355,0.1418666666666666,0.0,0.0284689265536723,7,2.8
504,37,199.4067,199.9333,0.526600000000002,0.0007190156599552,0.0082666666666666,0.9731543624161074,0.0429067796610169,0,0.0
504,37,298.0889,298.6333,0.544399999999996,0.0047357941834451,0.0178,0.610738255033557,0.0205875706214689,0,0.0
504,37,332.7648,333.5667,0.801900000000046,0.0021093959731543,0.0169,0.906040268456376,0.0197203389830508,0,0.0
504,38,22.4809,23.0333,0.5524000000000022,0.0059326621923937,0.0199666666666666,0.5100671140939598,0.0232299435028248,0,0.0
504,38,84.8146,85.4667,0.6521000000000043,0.0288870246085011,0.0530333333333333,0.0,0.034057627118644,0,0.0
504,38,122.9298,123.5667,0.6368999999999971,0.0042841163310961,0.0138,0.6241610738255033,0.0215485875706214,0,0.0
504,38,147.4232,147.9333,0.5100999999999942,0.0040076062639821,0.0129666666666666,0.7046979865771812,0.01374802259887,0,0.0
504,38,174.7417,175.3667,0.625,0.0051387024608501,0.0192333333333333,0.610738255033557,0.0089926553672316,0,0.0
504,38,190.1128,190.7333,0.6205000000000211,0.0066523489932885,0.0289333333333333,0.4161073825503356,0.0337790960451977,0,0.0
504,38,207.2059,207.9667,0.760799999999989,0.0034085011185682,0.0131333333333333,0.7516778523489933,0.0410717514124293,3,1.2
504,38,271.6559,272.1,0.4441000000000485,0.0009427293064876,0.0050666666666666,0.9932885906040269,0.0236497175141242,1,0.4
504,38,289.4293,289.9333,0.5039999999999623,0.0018503355704697,0.0073333333333333,0.9395973154362416,0.0338920903954802,0,0.0
504,38,313.4301,319.6,6.169900000000041,0.0018127516778523,0.0067666666666666,0.9731543624161074,0.0289943502824858,15,6.0
504,38,330.2714,330.9,0.628599999999949,0.0110870246085011,0.0440666666666666,0.1879194630872483,0.0232468926553672,4,1.6
504,39,26.5268,27.2333,0.7064999999999984,0.0273771812080536,0.0727,0.0,0.0222638418079096,0,0.0
504,39,96.7536,100.6667,3.9131,0.0243532438478747,0.0475666666666666,0.0,0.0315627118644067,1,0.4
504,39,146.127,146.8,0.6730000000000018,0.0160328859060402,0.0394333333333333,0.0067114093959731,0.0242395480225988,6,2.4
504,39,214.731,215.6,0.8689999999999998,0.0160559284116331,0.0515333333333333,0.1342281879194631,0.0290073446327683,0,0.0
504,49,314.6359,315.2,0.5640999999999963,0.0093516778523489,0.0381333333333333,0.2348993288590604,0.0192491525423728,0,0.0
504,50,39.8123,65.2,25.3877,4.697986577181209e-06,0.0001333333333333,1.0,0.0306593220338983,0,0.0
504,50,86.546,87.1667,0.6206999999999994,0.0200624161073825,0.0760333333333333,0.0671140939597315,0.0287508474576271,2,0.8
504,50,116.6972,117.2,0.5028000000000077,0.0017946308724832,0.0234,0.8791946308724832,0.0263903954802259,0,0.0
504,51,347.019,347.7,0.6809999999999832,0.0050834451901565,0.0344,0.6845637583892618,0.0280231638418079,0,0.0
504,52,36.3205,37.0333,0.7127999999999943,3.02013422818792e-05,0.0002333333333333,1.0,0.0224429378531073,0,0.0
504,52,299.1582,299.7333,0.5750999999999635,0.0021369127516778,0.0091333333333333,0.8926174496644296,0.0264531073446327,0,0.0
504,53,85.181,86.8333,1.6522999999999968,0.0005785234899328,0.0155333333333333,0.953020134228188,0.0150762711864406,1,0.4
504,53,233.712,237.3,3.5880000000000223,4.697986577181209e-06,0.0001,1.0,0.0058039548022598,2,0.8
504,54,9.565,10.2333,0.6683000000000003,0.000421029082774,0.0049666666666666,1.0,0.0122502824858757,1,0.4
504,54,30.6182,31.3,0.6817999999999991,0.0001561521252796,0.0020666666666666,1.0,0.0168827586206896,0,0.0
504,56,161.5576,163.3333,1.7757000000000005,1.633109619686801e-05,0.0009333333333333,1.0,0.0177435028248587,14,5.6
504,65,101.4861,102.1333,0.6472000000000122,0.0047890380313199,0.0202666666666666,0.5906040268456376,0.0221994350282485,4,1.6
504,65,133.3495,135.3,1.9505000000000048,0.0286008948545861,0.0673,0.0939597315436241,0.031793220338983,1,0.4
504,65,171.15,171.8,0.6500000000000057,0.0063720357941834,0.0170666666666666,0.3691275167785235,0.0169983050847457,4,1.6
504,65,178.9744,180.2,1.2255999999999858,0.006907158836689,0.0191666666666666,0.4832214765100671,0.0411734463276836,16,6.4
504,65,258.7184,259.4,0.6816000000000031,0.0068046979865771,0.0166,0.3020134228187919,0.0208050847457627,0,0.0
504,65,274.5766,275.2,0.6234000000000037,0.0044552572706935,0.0245666666666666,0.6308724832214765,0.0138214689265536,0,0.0
504,65,300.2717,300.9333,0.6615999999999644,0.0005577181208053,0.0145333333333333,0.953020134228188,0.0246271186440678,0,0.0
504,65,315.1424,315.7333,0.5908999999999764,0.0033319910514541,0.0149333333333333,0.6644295302013423,0.014054802259887,0,0.0
504,65,331.5284,332.2333,0.7049000000000092,0.0012409395973154,0.0217333333333333,0.9194630872483222,0.0108259887005649,0,0.0
504,66,165.053,165.7333,0.6803000000000168,1.0290827740492173e-05,0.0001666666666666,1.0,0.0175056497175141,3,1.2
504,66,349.6618,351.9,2.2381999999999493,0.0111879194630872,0.0220666666666666,0.1275167785234899,0.0262338983050847,8,3.2
504,67,59.1091,59.7667,0.6576000000000022,0.0131930648769574,0.0347,0.2281879194630872,0.0172892655367231,0,0.0
504,67,84.1161,84.7333,0.6171999999999969,0.0044161073825503,0.0146333333333333,0.6912751677852349,0.0146525423728813,0,0.0
504,67,96.5487,97.2,0.6513000000000062,0.0032051454138702,0.0164333333333333,0.825503355704698,0.0207350282485875,3,1.2
504,67,99.4817,99.9333,0.4515999999999991,0.0105006711409395,0.0631333333333333,0.5369127516778524,0.0382197740112994,7,2.8
504,67,122.8702,123.4667,0.596500000000006,0.0114407158836689,0.0336333333333333,0.1879194630872483,0.0188536723163841,0,0.0
504,67,145.6748,146.3,0.6252000000000066,0.0021111856823266,0.0133333333333333,0.9395973154362416,0.0121327683615819,0,0.0
504,67,163.6907,164.3333,0.6426000000000158,0.0087476510067114,0.0361,0.5838926174496645,0.029331638418079,1,0.4
504,67,192.3486,193.0333,0.6846999999999923,0.0162344519015659,0.0388666666666666,0.1677852348993288,0.0201819209039548,0,0.0
504,67,210.2592,210.9,0.6408000000000129,0.0060668903803132,0.0190333333333333,0.4630872483221476,0.024154802259887,0,0.0
504,67,219.356,219.9333,0.5773000000000081,0.0078212527964205,0.025,0.3288590604026846,0.0254728813559322,4,1.6
504,67,233.6195,234.2667,0.647199999999998,0.006628187919463,0.0147666666666666,0.348993288590604,0.0224107344632768,1,0.4
504,67,257.0796,257.7,0.620399999999961,0.001859284116331,0.0077,0.959731543624161,0.0125175141242937,0,0.0
504,67,280.4257,281.0667,0.6410000000000196,0.0012174496644295,0.0070333333333333,0.9664429530201344,0.0228073446327683,0,0.0
504,67,295.1874,295.8667,0.6792999999999552,0.0020371364653243,0.0101666666666666,0.959731543624161,0.014667231638418,0,0.0
504,67,331.9773,332.6667,0.6893999999999778,0.0038601789709172,0.0262333333333333,0.6845637583892618,0.0258677966101694,0,0.0
504,67,345.4469,346.1333,0.6863999999999919,0.0011299776286353,0.0117,0.8993288590604027,0.0177135593220338,0,0.0
504,68,30.9927,31.6667,0.6739999999999995,1.7897091722595078e-06,0.0001,1.0,0.0140016949152542,0,0.0
504,68,41.6865,42.1667,0.4801999999999964,0.0076022371364653,0.0351,0.4093959731543624,0.0218949152542372,1,0.4
504,68,58.686,59.2333,0.5472999999999999,0.0054982102908277,0.0147,0.4765100671140939,0.0224734463276836,0,0.0
504,68,110.9477,111.5667,0.6189999999999998,0.0002422818791946,0.0016666666666666,1.0,0.0218310734463276,0,0.0
504,68,123.5367,124.0333,0.4966000000000008,0.0011595078299776,0.0082666666666666,0.9798657718120806,0.0173197740112994,0,0.0
504,68,144.852,145.4333,0.5812999999999988,2.013422818791946e-06,3.3333333333333335e-05,1.0,0.0068152542372881,0,0.0
504,68,147.5888,148.1,0.5112000000000023,0.0031422818791946,0.0631,0.8322147651006712,0.0200299435028248,0,0.0
504,68,162.6335,163.1333,0.4997999999999933,0.0049552572706935,0.0253666666666666,0.6644295302013423,0.0235920903954802,0,0.0
504,68,186.397,186.9,0.5030000000000143,0.0016861297539149,0.0121666666666666,0.9463087248322148,0.0207971751412429,0,0.0
504,68,203.839,204.3667,0.52770000000001,0.0020677852348993,0.0092666666666666,0.953020134228188,0.0230141242937853,0,0.0
504,69,217.7527,218.4333,0.6805999999999983,0.0050532438478747,0.0374,0.7583892617449665,0.0222988700564971,10,4.0
504,69,248.6344,249.7333,1.0989000000000146,0.0034527964205816,0.0169333333333333,0.7046979865771812,0.0238570621468926,7,2.8
504,71,313.0245,313.8333,0.8088000000000193,0.0006290827740492,0.0166,0.953020134228188,0.0199186440677966,0,0.0
504,72,93.0749,94.8,1.7250999999999976,2.8411633109619688e-05,0.0008,1.0,0.0092542372881355,6,2.4
504,82,32.7498,33.2333,0.4834999999999994,0.0092020134228187,0.0370333333333333,0.2953020134228188,0.0184401129943502,0,0.0
504,82,86.7478,87.4,0.6522000000000077,0.0077906040268456,0.0251,0.4295302013422818,0.0236870056497175,3,1.2
504,82,133.5088,134.1333,0.6244999999999834,0.0,0.0,1.0,0.0180661016949152,0,0.0
504,82,159.9276,160.5333,0.6056999999999846,0.0,0.0,1.0,0.0132638418079096,0,0.0
504,82,171.5911,172.4667,0.8755999999999915,0.0007805369127516,0.0128666666666666,0.959731543624161,0.0119412429378531,3,1.2
504,82,316.3829,317.4333,1.0503999999999678,0.0,0.0,1.0,0.0105282485875706,1,0.4
504,82,346.7029,347.4667,0.7638000000000034,0.0015062639821029,0.0054666666666666,0.9932885906040269,0.0273022598870056,0,0.0
504,82,354.9842,358.1,3.115800000000036,0.0068704697986577,0.035,0.7181208053691275,0.0206196428571428,0,0.0
504,83,68.5313,70.2333,1.7019999999999982,0.0098789709172259,0.0261333333333333,0.2483221476510067,0.0167237288135593,7,2.8
504,83,157.8954,158.3667,0.4713000000000136,0.0093944071588366,0.0246333333333333,0.2214765100671141,0.0215045197740113,2,0.8
504,83,190.7062,192.8,2.093800000000016,0.0073402684563758,0.0322,0.4966442953020134,0.0185451977401129,12,4.8
504,83,214.0203,217.4667,3.4464000000000112,0.0233991051454138,0.0616333333333333,0.0335570469798657,0.0477468926553672,6,2.4
504,84,44.0831,44.6333,0.5501999999999967,0.0043463087248322,0.0169333333333333,0.610738255033557,0.0154519774011299,2,0.8
504,84,118.794,119.7,0.906000000000006,4.697986577181209e-06,0.0001,1.0,0.0166322033898305,5,2.0
504,84,206.2779,207.9,1.6221000000000174,0.0060134228187919,0.0216,0.5167785234899329,0.0232598870056497,1,0.4
504,87,147.121,147.5667,0.445699999999988,2.1923937360178965e-05,0.0004,1.0,0.0188988700564971,0,0.0
504,88,246.5929,247.5667,0.9738000000000112,2.7516778523489936e-05,0.0011,1.0,0.01344802259887,11,4.4
504,93,135.432,135.9333,0.5013000000000147,3.5123042505592845e-05,0.0011333333333333,1.0,0.0179265536723163,0,0.0
504,93,158.7841,159.5667,0.7826000000000022,1.74496644295302e-05,0.0007333333333333,1.0,0.0137209039548022,0,0.0
504,94,14.3151,15.0667,0.7516000000000016,5.838926174496644e-05,0.0006666666666666,1.0,0.0169197740112994,0,0.0
504,94,158.7125,159.2333,0.5208000000000084,0.0062601789709172,0.0208333333333333,0.5234899328859061,0.0180870056497175,0,0.0
504,94,189.569,191.0,1.4310000000000116,0.0046163310961968,0.0198666666666666,0.6711409395973155,0.0140508474576271,5,2.0
504,94,229.5738,230.3,0.7262000000000057,0.0079263982102908,0.0228333333333333,0.3825503355704698,0.0155502824858757,6,2.4
504,94,317.7981,318.4,0.6019000000000005,0.0046463087248322,0.0128666666666666,0.5973154362416108,0.0160146892655367,2,0.8
504,95,53.9092,69.2,15.290800000000004,0.0020628635346756,0.0128333333333333,0.8926174496644296,0.0233333333333333,1,0.4
504,95,73.4324,74.1,0.6675999999999931,0.0125807606263982,0.0709333333333333,0.348993288590604,0.0342926553672316,2,0.8
504,95,118.4741,119.5667,1.0925999999999902,0.014697091722595,0.0328,0.087248322147651,0.0214101694915254,2,0.8
504,95,189.4015,190.0333,0.6317999999999984,0.0036091722595078,0.0194666666666666,0.7718120805369127,0.0141062146892655,0,0.0
504,97,187.5334,188.1667,0.6332999999999913,0.0002114093959731,0.0100666666666666,0.9865771812080536,0.0346101694915254,0,0.0
504,98,25.8489,27.1333,1.284399999999998,0.0075181208053691,0.0362666666666666,0.5369127516778524,0.0382457627118644,9,3.6
504,98,76.0121,76.7333,0.7211999999999961,0.0107774049217002,0.0224666666666666,0.0604026845637583,0.0400367231638418,13,5.2
504,98,116.0616,116.9,0.8384000000000071,0.006741610738255,0.0255333333333333,0.436241610738255,0.0342338983050847,9,3.6
504,98,160.0915,160.8667,0.7752000000000123,0.0043239373601789,0.0143666666666666,0.6711409395973155,0.0398779661016949,6,2.4
504,98,325.5093,327.1333,1.6240000000000236,0.0037718120805369,0.0217666666666666,0.7315436241610739,0.0278333333333333,6,2.4
504,98,328.3943,334.6667,6.272400000000005,0.010514317673378,0.0709666666666666,0.5771812080536913,0.0155463276836158,1,0.4
504,99,7.1985,17.4333,10.2348,0.0009199105145413,0.0397666666666666,0.9798657718120806,0.0335033898305084,4,1.6
504,100,176.0544,177.5,1.445600000000013,1.0514541387024608e-05,0.0001333333333333,1.0,0.0164112994350282,0,0.0
504,100,241.8954,242.6667,0.7712999999999965,0.0001883668903803,0.0051,0.9932885906040269,0.0164949152542372,0,0.0
504,106,266.2791,268.1667,1.8875999999999635,2.1923937360178968e-05,0.0003333333333333,1.0,0.0137474576271186,2,0.8
504,106,317.7676,322.8,5.032399999999996,0.0001080536912751,0.0008333333333333,1.0,0.0100163841807909,3,1.2
504,107,352.524,353.8,1.2760000000000105,0.0063789709172259,0.0213666666666666,0.2684563758389262,0.0377943502824858,18,7.2
504,108,346.8189,349.3333,2.5144000000000237,0.0010751677852348,0.0232333333333333,0.959731543624161,0.0177169491525423,2,0.8
504,108,351.7075,353.2333,1.5258000000000038,0.0091272930648769,0.0574666666666666,0.5302013422818792,0.0153305084745762,0,0.0
504,109,17.4181,18.0667,0.6486000000000018,0.0042919463087248,0.0198333333333333,0.7248322147651006,0.0150745762711864,3,1.2
504,109,121.942,123.0,1.058000000000007,0.011662192393736,0.0787666666666666,0.261744966442953,0.044283615819209,17,6.8
504,111,100.9492,101.9667,1.0174999999999983,0.0065196868008948,0.0230666666666666,0.4765100671140939,0.0148559322033898,0,0.0
504,111,165.9739,177.7667,11.7928,0.0006123042505592,0.0077666666666666,0.9463087248322148,0.0189785310734463,2,0.8
504,112,103.214,113.5,10.286,0.0006427293064876,0.0081666666666666,0.959731543624161,0.0134847457627118,0,0.0
504,113,157.0011,158.4667,1.465599999999995,1.2304250559284115e-05,0.0002333333333333,1.0,0.0263960451977401,12,4.8
504,113,226.3621,227.7,1.3378999999999903,0.0127427293064876,0.0326333333333333,0.2147651006711409,0.0150395480225988,11,4.4
504,113,346.1552,347.2333,1.0781000000000065,0.001221029082774,0.0081333333333333,0.959731543624161,0.0206525423728813,1,0.4
504,114,21.8001,23.6333,1.833199999999998,0.0221697986577181,0.0702,0.0067114093959731,0.0392435028248587,7,2.8
504,114,154.5486,155.1333,0.584699999999998,0.0157017897091722,0.0409333333333333,0.0536912751677852,0.0328118644067796,6,2.4
504,114,168.9176,169.4,0.4824000000000126,0.0138812080536912,0.0334333333333333,0.1476510067114094,0.0249864406779661,1,0.4
504,115,83.8748,93.5667,9.691900000000004,6.487695749440716e-06,0.0003666666666666,1.0,0.0112050847457627,3,1.2
504,115,358.1128,358.9333,0.8204999999999814,2.4832214765100678e-05,0.0002,1.0,0.0229416666666666,0,0.0
504,116,93.436,95.7333,2.297299999999993,0.0011181208053691,0.0141666666666666,0.8993288590604027,0.013083615819209,10,4.0
504,117,219.6355,221.5,1.8644999999999925,0.0016507829977628,0.0187666666666666,0.8657718120805369,0.0147039548022598,7,2.8
504,121,69.4481,70.8,1.3519000000000003,0.0003263982102908,0.0140666666666666,0.9731543624161074,0.0138728813559322,7,2.8
504,122,175.2991,181.6667,6.367599999999982,2.237136465324385e-07,3.3333333333333335e-05,1.0,0.0224141242937853,1,0.4
504,122,184.8569,185.9667,1.109800000000007,0.0140413870246085,0.0618,0.2885906040268456,0.0275875706214689,8,3.2
504,123,262.2967,265.2,2.903300000000001,0.0,0.0,1.0,0.012422033898305,4,1.6
504,123,283.0074,286.6333,3.6259000000000015,0.0044404921700223,0.0451,0.7046979865771812,0.0269570621468926,0,0.0
504,124,27.5214,27.9667,0.4452999999999996,0.0,0.0,1.0,0.0157966101694915,0,0.0
504,124,184.1127,185.4667,1.3540000000000134,0.0,0.0,1.0,0.0184372881355932,1,0.4
504,124,217.3388,218.1667,0.8278999999999996,0.0,0.0,1.0,0.0404276836158192,0,0.0
504,125,44.1642,45.5333,1.369099999999996,0.0,0.0,1.0,0.0234231638418079,1,0.4
504,125,237.308,237.9333,0.62530000000001,0.0,0.0,1.0,0.0215079096045197,0,0.0
504,126,63.739,65.8667,2.1276999999999973,0.0090682326621923,0.0598666666666666,0.3154362416107382,0.0248158192090395,12,4.8
504,126,196.0938,197.6,1.5062000000000069,0.0039033557046979,0.0609333333333333,0.87248322147651,0.018931638418079,1,0.4
504,126,354.8675,355.3667,0.4991999999999734,0.0140163310961968,0.0413,0.0939597315436241,0.0278186440677966,3,1.2
504,127,39.3842,39.9,0.5157999999999987,0.0167161073825503,0.0713333333333333,0.0738255033557047,0.0259723163841807,4,1.6
504,127,69.5493,70.7333,1.1839999999999975,0.0103161073825503,0.068,0.6912751677852349,0.0112367231638418,0,0.0
504,127,73.7243,74.1667,0.4424000000000063,0.0097552572706935,0.0532333333333333,0.2147651006711409,0.0187141242937853,0,0.0
504,127,111.0882,111.6667,0.5785000000000053,0.0364326621923937,0.0777333333333333,0.0,0.0439977401129943,6,2.4
504,127,359.0091,359.6,0.5909000000000333,0.0,0.0,1.0,0.0589272727272727,0,0.0
504,128,95.6234,96.3667,0.7432999999999907,0.0170545861297539,0.0870666666666666,0.1610738255033557,0.0255446327683615,6,2.4
504,128,132.4454,137.7333,5.287900000000008,0.0163145413870246,0.0688,0.0805369127516778,0.0336090395480226,2,0.8
504,128,179.6076,180.8333,1.2257000000000176,0.0066389261744966,0.0283,0.3355704697986577,0.0213084745762711,7,2.8
504,128,286.7553,287.5333,0.77800000000002,0.0151539149888143,0.0533666666666666,0.2751677852348993,0.0511536723163841,15,6.0
504,128,338.7689,339.4,0.6311000000000035,0.0006060402684563,0.0031,1.0,0.0233892655367231,0,0.0
504,129,79.2374,86.5333,7.295900000000003,0.0161080536912751,0.0683333333333333,0.1879194630872483,0.027709604519774,6,2.4
504,130,183.3172,196.7667,13.449499999999972,0.0,0.0,1.0,0.021619209039548,7,2.8
504,130,310.4055,313.3667,2.9611999999999625,0.0,0.0,1.0,0.013112429378531,1,0.4
504,131,38.423,39.4333,1.0103000000000009,0.0088668903803131,0.0241,0.3624161073825503,0.0367418079096045,7,2.8
504,131,99.2183,101.9333,2.7150000000000034,0.0081409395973154,0.0230333333333333,0.3355704697986577,0.0234994350282485,6,2.4
504,131,135.9676,142.9333,6.965699999999998,0.0200185682326621,0.0652666666666666,0.0939597315436241,0.0291141242937853,3,1.2
504,131,264.5908,265.3,0.7092000000000098,0.0090123042505592,0.0271,0.3758389261744966,0.0219909604519774,0,0.0
504,131,311.0469,316.5,5.453100000000006,0.005693736017897,0.0199333333333333,0.5503355704697986,0.0271299435028248,11,4.4
504,132,25.7124,28.5333,2.8209000000000017,0.0229306487695749,0.0917333333333333,0.0201342281879194,0.0405107344632768,1,0.4
504,132,72.4328,72.9667,0.5339000000000027,0.0186894854586129,0.0399666666666666,0.0,0.0325101694915254,2,0.8
504,132,140.0014,140.7333,0.7319000000000244,0.0235724832214765,0.0711,0.0,0.0334559322033898,4,1.6
504,132,335.2687,339.4333,4.16459999999995,0.010045413870246,0.0312333333333333,0.174496644295302,0.0412457627118644,14,5.6
504,133,17.5944,18.3333,0.738900000000001,0.0147024608501118,0.0423,0.0402684563758389,0.0231819209039547,5,2.0
504,133,262.7102,271.2,8.489800000000002,0.0164286353467561,0.0539,0.0738255033557047,0.0244909604519774,6,2.4
504,134,5.8332,7.3333,1.5001000000000009,0.0170319910514541,0.0388666666666666,0.0402684563758389,0.0220745762711864,0,0.0
504,134,10.7634,15.8333,5.069899999999999,0.0166391498881431,0.0566666666666666,0.0671140939597315,0.0260587570621468,0,0.0
504,134,175.0674,175.5333,0.4659000000000048,0.0110029082774049,0.0393333333333333,0.1342281879194631,0.0320282485875706,0,0.0
504,134,235.1946,236.3,1.105400000000003,0.014721029082774,0.0595666666666666,0.2013422818791946,0.0263186440677966,9,3.6
504,134,285.6995,287.5333,1.8337999999999963,0.002503803131991,0.0216333333333333,0.7583892617449665,0.0219807909604519,0,0.0
504,135,15.5494,16.2333,0.6838999999999995,0.0,0.0,1.0,0.011564406779661,2,0.8
504,135,329.675,332.2667,2.591700000000003,0.0008091722595078,0.0065,0.959731543624161,0.025319209039548,9,3.6
504,136,58.4173,63.4333,5.016000000000005,3.691275167785236e-05,0.0014333333333333,1.0,0.0291050847457627,2,0.8
504,136,94.3256,103.6333,9.307700000000011,8.456375838926175e-05,0.0010666666666666,1.0,0.0313649717514124,3,1.2
504,137,29.1196,30.3,1.1804000000000023,0.0,0.0,1.0,0.0110862068965517,4,1.6
504,137,74.9327,79.8667,4.9339999999999975,0.0060512304250559,0.0238333333333333,0.5100671140939598,0.0250909604519774,4,1.6
504,137,232.7781,233.4333,0.6552000000000078,0.0035331096196868,0.0231666666666666,0.7785234899328859,0.0218734463276836,0,0.0
504,138,51.5177,56.4667,4.949000000000005,0.0,0.0,1.0,0.0237225988700564,0,0.0
504,138,99.3476,105.2333,5.8857,0.0,0.0,1.0,0.016031638418079,5,2.0
504,138,142.9214,151.4333,8.511899999999997,0.0455539149888143,0.1056666666666666,0.046979865771812,0.0399875706214689,0,0.0
504,138,240.21,241.6667,1.4566999999999837,0.0205908277404921,0.0632333333333333,0.3624161073825503,0.0385248587570621,14,5.6
504,139,164.3055,166.1667,1.8611999999999969,0.0074590604026845,0.0209666666666666,0.4697986577181208,0.0550661016949152,12,4.8
504,139,175.3314,178.2333,2.901900000000012,0.0116682326621923,0.0428333333333333,0.0335570469798657,0.0354050847457627,0,0.0
504,139,308.0414,310.0333,1.991899999999987,0.026569351230425,0.0758333333333333,0.0,0.0311276836158192,1,0.4
504,140,95.9108,102.1667,6.255900000000011,0.0363706935123042,0.0790666666666666,0.0,0.0473282485875706,2,0.8
504,140,257.5902,259.5667,1.976500000000044,0.0175713646532438,0.0535,0.0536912751677852,0.0336406779661016,14,5.6
504,140,290.0101,290.7667,0.7565999999999917,0.0075290827740492,0.0451,0.5838926174496645,0.0208293785310734,0,0.0
504,141,146.2322,149.0,2.767799999999994,0.039769351230425,0.0750666666666666,0.0,0.0618909604519774,4,1.6
504,141,320.2543,323.3,3.0457000000000107,0.0081776286353467,0.0346,0.4563758389261745,0.0181016949152542,8,3.2
504,141,346.1228,349.8667,3.743899999999997,0.0005894854586129,0.0070666666666666,0.9798657718120806,0.0136084745762711,9,3.6
504,142,227.0237,227.9,0.8763000000000147,0.0040859060402684,0.03,0.7315436241610739,0.0242937853107344,12,4.8
504,144,140.2339,141.1667,0.932799999999986,4.272930648769576e-05,0.0005666666666666,1.0,0.0130333333333333,11,4.4
504,145,141.5739,142.2667,0.692799999999977,0.000776510067114,0.0139333333333333,0.9328859060402684,0.0159689265536723,1,0.4
504,147,26.5887,29.1,2.511300000000002,0.0404935123042505,0.0993666666666666,0.1677852348993288,0.0632406779661016,9,3.6
504,147,193.4313,196.2,2.7686999999999955,0.0394796420581655,0.0871666666666666,0.0939597315436241,0.0529898305084745,7,2.8
504,147,324.1135,334.0667,9.953200000000038,0.0058304250559284,0.0391666666666666,0.5302013422818792,0.0275683615819209,1,0.4
504,148,177.2412,178.3,1.0588000000000193,0.0168214765100671,0.0422333333333333,0.0,0.0315790960451977,10,4.0
504,149,296.8403,297.5,0.6596999999999866,0.0022259507829977,0.0294666666666666,0.8590604026845637,0.0148847457627118,0,0.0
504,150,70.5949,71.4333,0.8384000000000071,0.0026841163310961,0.0300666666666666,0.8389261744966443,0.0249677966101694,0,0.0
504,151,115.965,116.6667,0.7017000000000024,2.2818791946308727e-05,0.0004333333333333,1.0,0.0131265536723163,0,0.0
504,152,108.7303,110.7667,2.0364000000000004,0.0019259507829977,0.0304333333333333,0.906040268456376,0.0240163841807909,4,1.6
504,158,136.0535,160.5,24.446499999999983,0.004862639821029,0.0421333333333333,0.7718120805369127,0.0142581920903954,6,2.4
504,159,37.6155,38.3667,0.7512000000000043,0.0021523489932885,0.0113333333333333,0.8926174496644296,0.0123875706214689,0,0.0
504,159,198.5787,220.0,21.4213,8.277404921700225e-06,6.666666666666667e-05,1.0,0.0084225988700564,0,0.0
504,159,331.56,333.0333,1.4732999999999947,0.0043076062639821,0.027,0.6644295302013423,0.019964406779661,6,2.4
504,161,224.2081,228.5667,4.358599999999996,0.0045742729306487,0.0368,0.7046979865771812,0.0332310734463276,13,5.2
504,162,240.3624,241.3,0.9376000000000032,0.0049612975391498,0.0248333333333333,0.6241610738255033,0.0094491525423728,0,0.0
504,164,264.0936,266.0333,1.939700000000016,0.0003742729306487,0.0030666666666666,1.0,0.0073062146892655,0,0.0
504,164,291.9508,301.2,9.249199999999972,0.0506691275167785,0.1047333333333333,0.0,0.0579169491525423,0,0.0
504,165,165.6898,167.0667,1.3769000000000062,0.0016624161073825,0.0074333333333333,0.9395973154362416,0.0404016949152542,2,0.8
504,167,122.3429,123.0,0.6570999999999998,1.1633109619686804e-05,0.0001,1.0,0.0289858757062146,0,0.0
504,167,130.6919,131.5,0.808099999999996,2.2818791946308727e-05,0.0002,1.0,0.045164406779661,2,0.8
504,168,52.6903,55.3333,2.6430000000000007,0.0257519015659955,0.0705,0.0335570469798657,0.0187858757062146,3,1.2
504,168,125.4736,126.4333,0.959699999999998,0.0268944071588366,0.1135666666666666,0.0671140939597315,0.0352988700564971,9,3.6
504,169,168.672,179.1,10.427999999999995,0.0028859060402684,0.0254333333333333,0.825503355704698,0.0178271186440678,1,0.4
504,170,41.1077,49.7667,8.658999999999999,0.0085953020134228,0.0304666666666666,0.3691275167785235,0.0133559322033898,0,0.0
504,170,57.3176,59.9,2.5824,0.0163064876957494,0.0582,0.2080536912751678,0.035174011299435,1,0.4
504,170,116.32,120.8333,4.513300000000001,3.087248322147651e-05,0.0004666666666666,1.0,0.0273858757062146,2,0.8
504,171,89.9777,93.5,3.5223000000000013,0.0031051454138702,0.0319333333333333,0.8657718120805369,0.0256446327683615,4,1.6
504,171,292.4574,294.6667,2.2092999999999847,0.031007606263982,0.0681,0.1342281879194631,0.0584197740112994,4,1.6
504,171,315.5074,319.8,4.292599999999993,0.0640400447427293,0.1869333333333333,0.0,0.0521570621468926,0,0.0
504,172,194.479,196.7,2.220999999999975,0.0235302013422818,0.0879666666666666,0.0,0.0320276836158192,6,2.4
504,172,263.616,264.2667,0.6507000000000289,0.0146440715883668,0.0547666666666666,0.2281879194630872,0.0217457627118644,5,2.0
504,172,297.5169,298.9667,1.449799999999982,0.0203823266219239,0.0551333333333333,0.0805369127516778,0.0308915254237288,4,1.6
504,173,213.5737,216.0667,2.492999999999995,0.0149015659955257,0.0435666666666666,0.0939597315436241,0.035609604519774,4,1.6
504,173,310.9846,314.1333,3.14870000000002,0.0162154362416107,0.0789333333333333,0.2818791946308724,0.046774011299435,10,4.0
504,174,53.406,54.1,0.6940000000000026,0.0058668903803131,0.0283333333333333,0.5302013422818792,0.0213903954802259,0,0.0
504,174,234.3159,239.3333,5.017400000000009,0.0185140939597315,0.0510333333333333,0.1006711409395973,0.0297502824858757,4,1.6
504,174,349.5011,350.6667,1.1655999999999835,0.0084357941834451,0.0386333333333333,0.3020134228187919,0.0201627118644067,1,0.4
504,176,196.9702,197.7667,0.7964999999999804,0.0,0.0,1.0,0.0253621468926553,0,0.0
504,176,297.6441,313.5667,15.922600000000044,0.0093006711409395,0.0217333333333333,0.174496644295302,0.0228423728813559,6,2.4
504,177,38.9781,40.0667,1.0885999999999996,0.0135706935123042,0.0334333333333333,0.0738255033557047,0.0246457627118644,9,3.6
504,177,79.0055,80.1667,1.161200000000008,0.0154196868008948,0.0421,0.0536912751677852,0.0196734463276836,0,0.0
504,177,256.9012,257.5333,0.6320999999999799,0.0126635346756152,0.0538666666666666,0.2818791946308724,0.0235553672316384,7,2.8
504,177,274.2818,277.9333,3.651499999999999,0.0128458612975391,0.0462,0.1409395973154362,0.0268231638418079,5,2.0
504,178,137.7212,197.3,59.5788,8.948545861297539e-07,3.3333333333333335e-05,1.0,0.0355056497175141,0,0.0
504,178,220.0323,222.4,2.367700000000013,0.0172263982102908,0.0479333333333333,0.0201342281879194,0.0291909604519774,0,0.0
504,178,356.8116,358.5333,1.7216999999999985,0.016172706935123,0.0435,0.1543624161073825,0.0519045454545454,0,0.0
504,179,131.0721,133.3667,2.294600000000002,0.0408185682326621,0.0938333333333333,0.0,0.0322542372881355,0,0.0
504,179,163.2638,164.9333,1.669499999999999,0.0279391498881431,0.0665666666666666,0.1275167785234899,0.0434898305084745,5,2.0
504,179,309.3111,310.9667,1.6555999999999926,3.1319910514541385e-06,6.666666666666667e-05,1.0,0.0189615819209039,2,0.8
504,179,339.1091,341.0333,1.9241999999999848,0.0123158836689038,0.0398666666666666,0.2550335570469799,0.0662293785310734,2,0.8
504,180,39.7946,41.0,1.2053999999999974,0.0295890380313199,0.0888666666666666,0.0536912751677852,0.0259988700564971,1,0.4
504,181,28.8516,30.5,1.6483999999999988,0.0580127516778523,0.1522666666666666,0.0134228187919463,0.0455203389830508,4,1.6
504,181,98.0759,102.8,4.724099999999993,0.0423447427293064,0.1018333333333333,0.0,0.0627231638418079,6,2.4
504,181,194.7961,212.5,17.703900000000004,0.0287085011185682,0.1048,0.0805369127516778,0.0532553672316384,0,0.0
504,182,30.7351,33.1333,2.398199999999999,0.0122959731543624,0.0445333333333333,0.1543624161073825,0.0159706214689265,5,2.0
504,182,126.8368,127.5,0.6632000000000033,0.0,0.0,1.0,0.0240186440677966,0,0.0
504,182,314.1289,314.7333,0.6043999999999983,0.0,0.0,1.0,0.0328039548022598,0,0.0
504,182,317.4259,318.5333,1.1073999999999842,0.0157845637583892,0.0908,0.436241610738255,0.0293491525423728,0,0.0
504,183,31.5579,36.6667,5.108799999999999,0.0275219239373601,0.0634,0.0,0.0319531073446327,6,2.4
504,183,295.1042,300.4667,5.362500000000011,7.539149888143177e-05,0.0017333333333333,1.0,0.0205728813559322,1,0.4
504,183,315.8398,318.1667,2.3268999999999664,0.010507158836689,0.0339,0.3154362416107382,0.0375915254237288,2,0.8
504,184,283.4851,284.5,1.0149000000000117,0.0,0.0,1.0,0.0144661016949152,2,0.8
504,185,166.317,167.1667,0.8496999999999844,0.0,0.0,1.0,0.0135248587570621,0,0.0
504,185,255.8441,260.7,4.855899999999991,0.0009577181208053,0.0094333333333333,0.9463087248322148,0.0229112994350282,2,0.8
504,185,328.5206,331.6333,3.112700000000018,0.0100302013422818,0.0335333333333333,0.2751677852348993,0.0529446327683615,1,0.4
504,186,349.5233,351.4,1.8766999999999712,0.0009221476510067,0.0306666666666666,0.953020134228188,0.049045197740113,7,2.8
504,187,30.8613,33.1667,2.305399999999999,0.0207214765100671,0.0682666666666666,0.0134228187919463,0.0269463276836158,7,2.8
504,187,244.2009,246.7333,2.532400000000024,0.0109561521252796,0.0947333333333333,0.6510067114093959,0.054419209039548,7,2.8
504,187,330.7245,347.1667,16.442200000000014,0.0154123042505592,0.0490666666666666,0.0939597315436241,0.0222757062146892,2,0.8
504,188,283.4843,286.8,3.3156999999999925,0.0165850111856823,0.0483666666666666,0.1476510067114094,0.0207864406779661,6,2.4
504,188,354.6243,357.1,2.4757000000000176,0.0187753914988814,0.0514666666666666,0.0268456375838926,0.0240694915254237,0,0.0
504,189,80.0647,82.3,2.235299999999995,0.0172436241610738,0.0561333333333333,0.087248322147651,0.0205994350282485,0,0.0
504,190,45.1716,46.4333,1.2617000000000047,5.592841163310963e-06,0.0001333333333333,1.0,0.0383536723163841,3,1.2
504,190,110.8107,114.2667,3.456000000000003,0.0061664429530201,0.0235333333333333,0.4563758389261745,0.0202333333333333,7,2.8
504,191,264.1583,265.4333,1.2749999999999773,0.0018190156599552,0.0228666666666666,0.8859060402684564,0.0365593220338983,10,4.0
504,192,142.2427,144.0333,1.7905999999999835,1.5659955257270697e-06,6.666666666666667e-05,1.0,0.0254039548022598,5,2.0
504,193,69.6809,76.6333,6.952400000000012,6.263982102908277e-06,0.0001,1.0,0.0295983050847457,3,1.2
504,193,214.233,219.2,4.9669999999999845,0.05948322147651,0.1208333333333333,0.0,0.0774005649717514,8,3.2
504,195,33.8431,35.4333,1.590200000000003,0.0044709172259507,0.0199666666666666,0.6375838926174496,0.0387785310734463,1,0.4
504,195,137.3019,138.2333,0.9314000000000248,3.668903803131991e-05,0.0006333333333333,1.0,0.0362491525423728,0,0.0
504,195,324.0231,324.7333,0.7101999999999862,0.0041957494407158,0.0372333333333333,0.7181208053691275,0.0331107344632768,0,0.0
504,196,223.1303,224.5,1.3696999999999946,5.995525727069351e-05,0.0005666666666666,1.0,0.0260830508474576,0,0.0
504,197,222.6465,223.3,0.6535000000000082,0.0048366890380313,0.0170333333333333,0.5234899328859061,0.0299502824858757,0,0.0
504,197,335.8607,336.6667,0.8059999999999832,0.0163633109619686,0.0326333333333333,0.0536912751677852,0.0342604519774011,1,0.4
504,198,209.1927,209.9333,0.7406000000000006,0.0159561521252796,0.0449,0.2483221476510067,0.0341807909604519,6,2.4
504,199,29.4165,34.1667,4.7502,0.0068624161073825,0.0210666666666666,0.3892617449664429,0.0283350282485875,0,0.0
504,199,132.3324,134.7,2.3675999999999817,0.0031729306487695,0.0314,0.825503355704698,0.0290627118644067,6,2.4
504,200,176.9204,178.3,1.3796000000000106,1.6107382550335573e-05,0.0001666666666666,1.0,0.0174909604519774,5,2.0
504,200,266.7054,269.4333,2.727899999999977,0.0024373601789709,0.0163,0.7718120805369127,0.0244293785310734,6,2.4
504,201,49.9683,51.9,1.9316999999999995,0.0260494407158836,0.0672666666666666,0.0,0.0458994350282485,1,0.4
504,202,226.8917,228.8333,1.9416000000000224,0.0070476510067114,0.0283,0.6510067114093959,0.0476435028248587,17,6.8
504,203,42.4208,43.4,0.9791999999999988,0.0,0.0,1.0,0.0138175141242937,2,0.8
504,204,47.8596,50.3,2.440399999999997,0.0106574944071588,0.0335333333333333,0.1879194630872483,0.020654802259887,5,2.0
504,206,178.6676,189.1333,10.465699999999998,0.0138073825503355,0.0682666666666666,0.2953020134228188,0.0629344632768361,4,1.6
504,206,262.2584,264.6,2.341600000000028,0.0014031319910514,0.0044,1.0,0.011409604519774,6,2.4
505,3,6.8218,8.0333,1.211500000000001,0.0108939597315436,0.0516,0.5234899328859061,0.0174338983050847,1,0.4
505,3,49.902,52.5333,2.631299999999996,0.0218326621923937,0.0650333333333333,0.2214765100671141,0.0163248587570621,0,0.0
505,3,61.1924,65.8333,4.640899999999995,0.0269304250559284,0.0642666666666666,0.0671140939597315,0.0153395480225988,0,0.0
505,3,206.1903,209.3333,3.1430000000000007,0.0184530201342281,0.0726333333333333,0.261744966442953,0.0256062146892655,0,0.0
505,4,94.4925,96.6,2.1074999999999875,0.0005767337807606,0.0058666666666666,0.9865771812080536,0.0218254237288135,4,1.6
505,4,118.9921,123.6667,4.674600000000012,0.0012478747203579,0.0105333333333333,0.953020134228188,0.0122937853107344,1,0.4
505,4,213.1387,214.1667,1.0279999999999916,0.0126344519015659,0.0438666666666666,0.348993288590604,0.049319209039548,3,1.2
505,4,312.3261,314.8,2.473900000000014,0.0081295302013422,0.0327333333333333,0.4630872483221476,0.0103593220338983,0,0.0
505,5,13.1764,13.8333,0.6569000000000003,0.002521029082774,0.0122,0.825503355704698,0.0200175141242937,3,1.2
505,5,85.6057,86.3333,0.7275999999999954,0.0,0.0,1.0,0.0231677966101694,0,0.0
505,5,89.053,89.8667,0.8136999999999972,0.0105295302013422,0.0744666666666666,0.5838926174496645,0.0566231638418079,3,1.2
505,5,117.0429,117.7333,0.6903999999999968,0.0,0.0,1.0,0.0256406779661017,0,0.0
505,6,191.1766,191.9,0.723399999999998,0.0,0.0,1.0,0.0309135593220339,6,2.4
505,6,203.3335,206.2333,2.8998000000000275,0.0,0.0,1.0,0.0200881355932203,0,0.0
505,7,183.4339,185.5333,2.099400000000003,0.0,0.0,1.0,0.0240502824858757,0,0.0
505,7,265.4016,268.6667,3.265100000000018,0.0,0.0,1.0,0.0118937853107344,0,0.0
505,7,289.8627,294.4667,4.603999999999985,0.0073302013422818,0.0342333333333333,0.4697986577181208,0.0347943502824858,0,0.0
505,7,302.9524,307.1,4.147600000000011,0.0204017897091722,0.0659666666666666,0.0671140939597315,0.0414824858757062,7,2.8
505,8,294.9019,296.2,1.2980999999999767,6.711409395973154e-07,6.666666666666667e-05,1.0,0.013974011299435,3,1.2
505,8,345.9653,349.4667,3.5013999999999896,0.0089944071588366,0.0326333333333333,0.3087248322147651,0.0324915254237288,4,1.6
505,9,107.6536,108.9,1.2464000000000084,0.0,0.0,1.0,0.0394451977401129,0,0.0
505,9,304.2269,306.1333,1.9064000000000192,0.0,0.0,1.0,0.0135751412429378,4,1.6
505,9,336.4532,339.8,3.34680000000003,0.0090836689038031,0.0306666666666666,0.2953020134228188,0.0372898305084745,2,0.8
505,9,350.1861,351.8333,1.647199999999998,0.0035302013422818,0.0212333333333333,0.738255033557047,0.0147169491525423,8,3.2
505,10,115.9967,123.7,7.703299999999999,0.0,0.0,1.0,0.0083700564971751,2,0.8
505,11,56.775,61.9333,5.158300000000004,0.0,0.0,1.0,0.0160112994350282,0,0.0
505,12,39.9118,44.3333,4.421500000000002,0.0111619686800894,0.0478666666666666,0.3624161073825503,0.0378474576271186,16,6.4
505,12,228.0014,229.2,1.198599999999999,0.0,0.0,1.0,0.0205779661016949,3,1.2
505,13,22.0077,24.2667,2.2590000000000003,0.0008814317673378,0.0092666666666666,0.9261744966442952,0.0114282485875706,0,0.0
505,13,55.558,61.8333,6.275300000000001,2.237136465324385e-07,3.3333333333333335e-05,1.0,0.0136163841807909,0,0.0
505,13,233.3765,234.3667,0.9902000000000156,2.237136465324385e-06,6.666666666666667e-05,1.0,0.0099180790960451,5,2.0
505,14,131.3324,132.9667,1.634299999999996,0.0043328859060402,0.0147666666666666,0.5906040268456376,0.0130502824858757,9,3.6
505,14,135.6336,137.9667,2.3331000000000017,0.0085114093959731,0.0397,0.4026845637583892,0.0257485875706214,11,4.4
505,14,230.1352,232.5333,2.3980999999999995,0.0115695749440715,0.0513333333333333,0.3087248322147651,0.030964406779661,7,2.8
505,14,282.4118,283.2667,0.8548999999999864,0.0001234899328859,0.0009,1.0,0.0212485875706214,4,1.6
505,15,153.3365,156.4333,3.0968000000000018,1.2304250559284115e-05,0.0001666666666666,1.0,0.0190745762711864,4,1.6
505,15,247.724,249.5,1.7760000000000105,0.021597091722595,0.0696333333333333,0.0402684563758389,0.0414988700564971,13,5.2
505,16,260.7711,271.5333,10.762200000000009,2.237136465324385e-07,3.3333333333333335e-05,1.0,0.0296180790960451,4,1.6
505,16,293.9624,301.9667,8.0043,0.0096695749440715,0.0247333333333333,0.1543624161073825,0.0240361581920903,2,0.8
505,17,138.6568,141.4,2.7432000000000016,0.0065111856823266,0.0483,0.6241610738255033,0.0297237288135593,13,5.2
505,17,256.112,263.5667,7.454700000000002,0.0006682326621923,0.0033333333333333,1.0,0.0212514124293785,4,1.6
505,18,131.0439,132.2333,1.1894000000000062,0.0097087248322147,0.0174333333333333,0.1275167785234899,0.0269248587570621,3,1.2
505,18,163.8674,166.3,2.432600000000008,0.0140022371364653,0.0323,0.0268456375838926,0.0309361581920903,7,2.8
505,18,291.255,299.6,8.345000000000027,0.0130096196868008,0.0549666666666666,0.0939597315436241,0.0193423728813559,8,3.2
505,19,298.2853,299.4,1.1146999999999707,0.0235686800894854,0.0371666666666666,0.0,0.0214056497175141,12,4.8
505,20,129.3186,131.5333,2.214699999999993,0.0048525727069351,0.0131,0.6040268456375839,0.023312429378531,5,2.0
505,21,19.7205,26.6667,6.9461999999999975,8.903803131991053e-05,0.0004333333333333,1.0,0.0064474576271186,2,0.8
505,23,131.7753,134.0667,2.29140000000001,1.2527964205816554e-05,0.0004,1.0,0.0316785310734463,4,1.6
505,24,269.9793,271.1667,1.1873999999999685,0.0083060402684563,0.0285333333333333,0.2483221476510067,0.0177559322033898,6,2.4
505,26,70.3862,71.2,0.8138000000000005,7.67337807606264e-05,0.0019666666666666,1.0,0.0080542372881355,4,1.6
505,27,254.1763,254.8,0.6237000000000137,9.843400447427292e-06,0.0001333333333333,1.0,0.0238305084745762,7,2.8
505,35,341.5235,342.5667,1.043200000000013,0.0142049217002237,0.0349,0.1140939597315436,0.0436338983050847,0,0.0
505,36,88.7391,90.0667,1.327600000000004,0.0066480984340044,0.0194666666666666,0.3624161073825503,0.0247830508474576,0,0.0
505,36,339.4175,341.9333,2.515799999999956,2.237136465324385e-07,3.3333333333333335e-05,1.0,0.0188045197740113,3,1.2
505,37,1.0959,2.3,1.2040999999999995,0.01008322147651,0.0499,0.3221476510067114,0.0131338983050847,8,3.2
505,37,21.8944,22.6333,0.7388999999999974,0.0098563758389261,0.0269666666666666,0.1879194630872483,0.0221734463276836,1,0.4
505,37,273.1268,274.1,0.9732000000000198,0.0006060402684563,0.0032,1.0,0.0281209039548022,2,0.8
505,37,284.3771,288.1667,3.789600000000007,0.0063709172259507,0.0277333333333333,0.5033557046979866,0.0161966101694915,9,3.6
505,38,323.7923,325.0667,1.2744000000000142,0.0082053691275167,0.0230333333333333,0.2885906040268456,0.0231344632768361,8,3.2
505,39,63.3213,66.2667,2.9454,0.0120823266219239,0.0544,0.1006711409395973,0.0386536723163841,8,3.2
505,39,213.8612,216.1333,2.2720999999999947,0.0070306487695749,0.0228,0.4295302013422818,0.0211248587570621,9,3.6
505,40,129.5311,130.2333,0.7022000000000048,0.0092563758389261,0.0241,0.3087248322147651,0.0166536723163841,6,2.4
505,46,331.1615,331.8,0.6385000000000218,6.957494407158837e-05,0.0008,1.0,0.015831638418079,1,0.4
505,48,162.2812,163.6,1.3187999999999818,0.0007380313199105,0.0051666666666666,0.9932885906040269,0.0106903954802259,6,2.4
505,56,101.925,104.0,2.075000000000003,0.0052304250559284,0.0243666666666666,0.6778523489932886,0.0238943502824858,4,1.6
505,61,131.3004,133.4333,2.1329000000000065,5.123042505592841e-05,0.0005333333333333,1.0,0.0454259887005649,11,4.4
505,61,212.3035,214.7333,2.4298,0.0042527964205816,0.0166,0.6845637583892618,0.0121892655367231,2,0.8
505,63,286.1062,288.8667,2.760499999999979,8.94854586129754e-06,0.0002333333333333,1.0,0.0314841807909604,10,4.0
505,64,35.1281,36.6,1.471899999999998,0.0050852348993288,0.0316,0.6308724832214765,0.0274632768361581,6,2.4
505,64,79.8436,81.2,1.3564000000000078,3.8031319910514553e-06,0.0002666666666666,1.0,0.0130225988700564,6,2.4
505,64,95.0442,96.3667,1.322499999999991,0.0006818791946308,0.0068,0.9798657718120806,0.0237649717514124,0,0.0
505,65,63.4032,63.9333,0.5301000000000045,1.7002237136465325e-05,0.0001666666666666,1.0,0.0170796610169491,5,2.0
505,70,351.0285,353.4667,2.438199999999995,0.0102557046979865,0.0511,0.4765100671140939,0.0208231638418079,6,2.4
505,73,341.1273,342.4667,1.339400000000012,0.0035664429530201,0.0220666666666666,0.7181208053691275,0.0185689265536723,0,0.0
505,75,264.9904,266.6333,1.6428999999999974,0.0032803131991051,0.0096,0.785234899328859,0.008567231638418,5,2.0
505,76,153.8076,156.4,2.592399999999998,0.0001729306487695,0.0077,0.9932885906040269,0.0202954802259887,0,0.0
505,78,4.0714,8.7333,4.6619,0.0015968680089485,0.0131333333333333,0.87248322147651,0.0186242937853107,14,5.6
505,83,354.0131,356.5,2.4868999999999915,0.0037530201342281,0.0251,0.7315436241610739,0.0423525423728813,0,0.0
505,85,65.0803,67.9333,2.8530000000000086,0.0,0.0,1.0,0.0275909604519774,3,1.2
505,85,325.1886,327.9333,2.744699999999966,0.0029863534675615,0.0203,0.7785234899328859,0.0236485875706214,7,2.8
505,86,8.4287,13.1667,4.738000000000001,0.0,0.0,1.0,0.0221378531073446,0,0.0
505,86,72.6711,74.3,1.6289000000000016,0.0063874720357941,0.0431666666666666,0.5637583892617449,0.0337254237288135,1,0.4
505,86,119.0749,120.2,1.125100000000003,2.9082774049217005e-06,6.666666666666667e-05,1.0,0.0155259887005649,2,0.8
505,86,163.4009,166.2,2.799099999999981,0.0020451901565995,0.0258666666666666,0.8993288590604027,0.0355271186440677,7,2.8
505,86,197.2407,197.7667,0.525999999999982,0.0151286353467561,0.0857666666666666,0.2214765100671141,0.0327514124293785,8,3.2
505,86,269.8745,270.5,0.6254999999999882,0.0140051454138702,0.0406333333333333,0.0536912751677852,0.036712429378531,9,3.6
505,87,8.8692,13.1,4.2308,0.0005597315436241,0.0030333333333333,1.0,0.0420355932203389,8,3.2
505,87,88.2674,89.0333,0.765900000000002,0.0106624161073825,0.0233666666666666,0.1476510067114094,0.0222333333333333,5,2.0
505,87,193.791,195.3667,1.575700000000012,0.0111852348993288,0.0273333333333333,0.1342281879194631,0.03564802259887,5,2.0
505,87,301.4553,305.8,4.344699999999989,0.0176816554809843,0.0449666666666666,0.2416107382550335,0.0199180790960451,2,0.8
505,88,64.4123,69.3333,4.920999999999992,0.0014955257270693,0.0076,0.9731543624161074,0.0325406779661016,9,3.6
505,88,195.9421,200.6333,4.691199999999981,5.592841163310963e-06,0.0001,1.0,0.0256350282485875,0,0.0
505,88,312.566,313.6333,1.0673000000000457,0.0036563758389261,0.0163333333333333,0.6778523489932886,0.0170457627118644,4,1.6
505,89,142.5663,144.1,1.533699999999982,0.0002861297539149,0.0064,0.9798657718120806,0.0164892655367231,8,3.2
505,90,270.4319,271.0667,0.6348000000000411,0.0093639821029082,0.0699,0.4966442953020134,0.0338344632768361,2,0.8
505,94,295.9414,299.4667,3.525300000000016,6.510067114093959e-05,0.0026333333333333,1.0,0.0183039548022598,10,4.0
505,101,227.307,230.6667,3.359700000000004,0.0001507829977628,0.0018333333333333,1.0,0.0259237288135593,5,2.0
505,102,311.2129,313.8,2.587100000000021,4.451901565995526e-05,0.0022333333333333,1.0,0.0235322033898305,2,0.8
505,120,0.8561,1.8,0.9439,0.0174664429530201,0.0531666666666666,0.2214765100671141,0.0189643678160919,0,0.0
505,121,50.275,55.4,5.125,0.000296644295302,0.0086666666666666,0.9865771812080536,0.0133610169491525,12,4.8
505,122,87.9277,91.5667,3.638999999999996,0.0238738255033557,0.0800666666666666,0.1946308724832214,0.0293971751412429,9,3.6
505,122,143.6009,145.7667,2.16579999999999,0.0180599552572706,0.0465333333333333,0.0,0.0327627118644067,3,1.2
505,123,186.8466,188.2,1.3533999999999935,0.0044087248322147,0.0228333333333333,0.610738255033557,0.0474960451977401,16,6.4
505,124,99.0003,101.2667,2.2664000000000044,0.0028333333333333,0.0117666666666666,0.8791946308724832,0.0394367231638418,6,2.4
505,124,224.1079,225.8,1.6921000000000106,0.0137702460850111,0.0410333333333333,0.2147651006711409,0.0268062146892655,9,3.6
505,124,322.7503,327.5333,4.783000000000016,0.0026434004474272,0.0142333333333333,0.8053691275167785,0.0231333333333333,11,4.4
505,125,194.4417,195.6333,1.191599999999994,0.0066422818791946,0.0378666666666666,0.5100671140939598,0.0141909604519774,3,1.2
505,126,88.3167,90.8333,2.516599999999997,0.0016436241610738,0.0220333333333333,0.8926174496644296,0.0311988700564971,13,5.2
505,126,318.5804,319.3333,0.752900000000011,0.0017552572706935,0.0098,0.9328859060402684,0.0172231638418079,4,1.6
505,127,278.0256,279.9333,1.907699999999977,0.0346284116331096,0.0624,0.0,0.0438587570621469,2,0.8
505,127,337.2429,339.7,2.4570999999999685,0.0077890380313199,0.0168,0.3020134228187919,0.0242186440677966,5,2.0
505,128,116.5515,119.3333,2.78179999999999,0.0007800894854586,0.0038666666666666,1.0,0.0097711864406779,0,0.0
505,128,251.0532,256.1,5.046800000000019,0.0144666666666666,0.0407333333333333,0.2080536912751678,0.0189926553672316,6,2.4
505,129,30.409,31.6667,1.2576999999999998,0.003041610738255,0.0107666666666666,0.7516778523489933,0.0247598870056497,9,3.6
505,129,248.1815,251.3,3.118500000000012,3.3557046979865773e-06,6.666666666666667e-05,1.0,0.0146067796610169,0,0.0
505,130,71.9896,74.2667,2.2771000000000043,1.2080536912751678e-05,6.666666666666667e-05,1.0,0.0137870056497175,5,2.0
505,130,96.7186,99.4,2.6814000000000107,0.001069351230425,0.0193,0.912751677852349,0.0202887005649717,2,0.8
505,130,162.0135,162.9667,0.9532000000000096,0.0085127516778523,0.0264,0.261744966442953,0.0309418079096045,2,0.8
505,130,168.2144,173.4667,5.252299999999991,0.0293821029082774,0.0834333333333333,0.0268456375838926,0.0469107344632768,2,0.8
505,130,220.985,224.3,3.3149999999999977,0.0203664429530201,0.0463666666666666,0.0671140939597315,0.018409604519774,6,2.4
505,132,38.4317,42.2333,3.801600000000001,0.032762639821029,0.0782,0.0,0.0487463276836158,0,0.0
505,132,93.0753,96.1,3.024699999999996,0.0034612975391498,0.0115666666666666,0.7718120805369127,0.0061180790960451,5,2.0
505,132,177.6678,178.3,0.6322000000000116,0.0078682326621923,0.0223666666666666,0.3557046979865771,0.0317745762711864,1,0.4
505,132,240.8315,241.7333,0.9018000000000086,0.0084011185682326,0.0353666666666666,0.2818791946308724,0.0309610169491525,1,0.4
505,132,327.9482,329.1,1.151800000000037,0.013407158836689,0.0329666666666666,0.087248322147651,0.034483615819209,0,0.0
505,133,107.5586,108.4,0.8414000000000073,0.0006219239373601,0.0052333333333333,0.9932885906040269,0.0274689265536723,0,0.0
505,133,249.0093,250.5,1.490700000000004,0.0023158836689038,0.0268333333333333,0.8791946308724832,0.0127655367231638,8,3.2
505,134,68.5029,81.4667,12.963800000000006,0.0069250559284116,0.0404666666666666,0.4966442953020134,0.0250937853107344,9,3.6
505,135,249.6738,251.6667,1.992899999999992,0.01278322147651,0.039,0.2550335570469799,0.0198451977401129,9,3.6
505,135,273.5429,278.4333,4.8904,0.0115874720357941,0.0415,0.348993288590604,0.0363711864406779,5,2.0
505,136,3.7402,6.5667,2.8265,0.009965995525727,0.0304,0.1946308724832214,0.0368559322033898,0,0.0
505,137,52.0957,58.3333,6.2376000000000005,0.0008606263982102,0.0106,0.9261744966442952,0.0300418079096045,0,0.0
505,138,55.7772,56.4,0.622799999999998,5.100671140939597e-05,0.0020666666666666,1.0,0.0521723163841807,0,0.0
505,138,258.1031,259.1333,1.0302000000000362,9.328859060402686e-05,0.0020333333333333,1.0,0.0330418079096045,0,0.0
505,139,234.8665,236.4,1.5335000000000036,9.17225950782998e-06,0.0001666666666666,1.0,0.0399824858757062,0,0.0
505,146,84.5128,85.1333,0.6205000000000069,0.0023429530201342,0.0096,0.8859060402684564,0.0133847457627118,4,1.6
505,156,171.8673,184.2667,12.399399999999986,0.0,0.0,1.0,0.0104508474576271,0,0.0
505,157,34.8017,37.2,2.398300000000006,0.0,0.0,1.0,0.0129305084745762,0,0.0
505,158,68.8656,69.3333,0.4676999999999935,0.0,0.0,1.0,0.0132841807909604,0,0.0
505,158,100.9851,110.3333,9.348199999999991,0.0,0.0,1.0,0.0257632768361581,0,0.0
505,158,167.9227,169.1333,1.2105999999999997,0.0,0.0,1.0,0.0257689265536723,0,0.0
505,158,176.9151,184.3667,7.451600000000013,0.0083704697986577,0.0308,0.4966442953020134,0.0323717514124293,0,0.0
505,160,58.1651,62.1333,3.968199999999996,0.0078597315436241,0.0934666666666666,0.7919463087248322,0.0825126436781609,0,0.0
505,160,113.768,114.8333,1.0652999999999937,0.026800447427293,0.086,0.0402684563758389,0.0506666666666666,18,7.2
505,160,289.3138,292.5,3.1861999999999853,0.0027852348993288,0.0112666666666666,0.7449664429530202,0.0293841807909604,2,0.8
505,160,312.9173,313.7333,0.8159999999999741,0.002079418344519,0.0149666666666666,0.8053691275167785,0.0308112994350282,0,0.0
505,160,337.1343,339.1667,2.0323999999999955,0.0290818791946308,0.0728333333333333,0.0067114093959731,0.0347282485875706,5,2.0
505,161,46.0024,55.4,9.397599999999995,0.0165237136465324,0.0887,0.1073825503355704,0.0487050847457627,2,0.8
505,161,350.0195,358.9333,8.91379999999998,0.0184953020134228,0.0626,0.1275167785234899,0.067121875,0,0.0
505,162,275.7547,279.9,4.145299999999963,2.6845637583892617e-06,6.666666666666667e-05,1.0,0.0129045197740113,8,3.2
505,162,306.6137,307.8,1.186300000000017,0.0063246085011185,0.0237666666666666,0.5167785234899329,0.021964406779661,13,5.2
505,165,325.7707,327.2667,1.4960000000000375,0.0102666666666666,0.0266,0.1879194630872483,0.0563564971751412,4,1.6
505,166,216.2418,217.4667,1.224899999999991,0.0096516778523489,0.037,0.4026845637583892,0.045602824858757,0,0.0
505,167,283.5497,284.7,1.1503000000000156,0.0313420581655481,0.0742666666666666,0.0,0.0341632768361581,6,2.4
505,168,212.3216,213.3333,1.011700000000019,0.0,0.0,1.0,0.0390446327683615,0,0.0
505,169,140.3596,142.4,2.0404000000000053,1.7897091722595078e-06,3.3333333333333335e-05,1.0,0.0152112994350282,5,2.0
505,169,232.0847,235.3333,3.2486000000000104,4.47427293064877e-07,3.3333333333333335e-05,1.0,0.0209977401129943,4,1.6
505,172,105.9764,107.1667,1.1903000000000077,0.0159988814317673,0.0432333333333333,0.0268456375838926,0.0435344632768361,3,1.2
505,172,341.2379,343.2,1.962099999999964,0.0189279642058165,0.0974333333333333,0.4899328859060403,0.0572401129943502,15,6.0
505,173,81.7308,82.2667,0.535899999999998,0.0124872483221476,0.0489333333333333,0.1946308724832214,0.0271101694915254,8,3.2
505,173,272.0213,277.7667,5.745400000000018,0.021593736017897,0.0563,0.0335570469798657,0.0179468926553672,0,0.0
505,173,348.1562,355.2333,7.077099999999973,0.0102118568232662,0.0365666666666666,0.3892617449664429,0.0427502824858757,0,0.0
505,175,196.0084,197.3667,1.358300000000014,0.0266073825503355,0.0866333333333333,0.0536912751677852,0.0533429378531073,0,0.0
505,176,240.9284,242.3,1.3716000000000008,0.0303029082774049,0.1011333333333333,0.0536912751677852,0.044222033898305,8,3.2
505,176,260.4287,263.7667,3.3380000000000223,0.0211729306487695,0.0565333333333333,0.1006711409395973,0.0422237288135593,0,0.0
505,177,59.0861,59.7,0.613900000000001,0.0,0.0,1.0,0.0215531073446327,0,0.0
505,177,100.1876,109.8333,9.64569999999999,0.0108668903803131,0.0431333333333333,0.3221476510067114,0.0668073446327683,3,1.2
505,178,234.8494,236.5333,1.6838999999999942,0.0712425055928411,0.1337666666666666,0.0,0.071357627118644,2,0.8
505,179,67.3831,69.7,2.316900000000004,0.0246234899328859,0.1001666666666666,0.0201342281879194,0.0394101694915254,3,1.2
505,179,126.4934,155.5,29.00660000000001,0.0018664429530201,0.0192666666666666,0.8590604026845637,0.0446988700564971,0,0.0
505,179,233.4901,235.1,1.609899999999982,0.0025326621923937,0.0066666666666666,0.9261744966442952,0.0501870056497175,0,0.0
505,180,142.8631,153.5333,10.670199999999994,0.0122228187919463,0.0835333333333333,0.3959731543624161,0.0742005649717514,0,0.0
505,180,235.0692,238.7333,3.664100000000019,0.0392903803131991,0.0977333333333333,0.0,0.0624129943502824,1,0.4
505,181,66.1878,73.3667,7.178899999999999,0.0612284116331096,0.1516666666666666,0.0,0.0514655367231638,8,3.2
505,181,153.768,157.0,3.2319999999999998,0.0408080536912751,0.1041,0.0,0.0451214689265536,0,0.0
505,182,322.0467,333.3667,11.319999999999991,0.0215800894854586,0.076,0.0,0.0268847457627118,8,3.2
505,183,109.0674,109.6333,0.5658999999999992,4.47427293064877e-07,3.3333333333333335e-05,1.0,0.0277056497175141,0,0.0
505,183,139.5204,140.6333,1.1128999999999962,0.0079362416107382,0.0367333333333333,0.4228187919463087,0.0128830508474576,7,2.8
505,183,262.7185,269.4667,6.748199999999997,0.0047040268456375,0.0149666666666666,0.6040268456375839,0.0317525423728813,2,0.8
505,184,45.3742,54.5667,9.192499999999995,0.0137304250559284,0.0517,0.1677852348993288,0.0466694915254237,7,2.8
505,184,340.1942,343.2667,3.072499999999991,0.0,0.0,1.0,0.0230152542372881,8,3.2
505,185,40.3739,54.0333,13.659399999999998,0.0014501118568232,0.0290333333333333,0.8993288590604027,0.0453141242937853,0,0.0
505,185,81.1081,82.6667,1.5586000000000126,0.0311163310961968,0.0799666666666666,0.2281879194630872,0.039283615819209,10,4.0
505,186,52.1772,53.4667,1.289500000000004,0.0218852348993288,0.0966,0.0,0.0251790960451977,2,0.8
505,186,147.9714,149.7,1.7286,0.0396299776286353,0.0985,0.0,0.0573694915254237,11,4.4
505,187,190.7475,192.5,1.7524999999999975,0.008276510067114,0.0357,0.3355704697986577,0.0223084745762711,2,0.8
505,187,210.8953,216.4667,5.571400000000011,0.0157532438478747,0.0454666666666666,0.087248322147651,0.0182745762711864,4,1.6
505,188,172.2139,179.0,6.786100000000005,0.0379503355704698,0.0991,0.0,0.0498553672316384,2,0.8
505,188,308.6149,313.1333,4.518400000000042,0.0008127516778523,0.0055333333333333,0.9932885906040269,0.0398621468926553,0,0.0
505,188,353.4233,356.8667,3.443399999999997,0.0024360178970917,0.0283,0.8389261744966443,0.0291050847457627,0,0.0
505,190,2.9485,4.9667,2.0182,0.0052780760626398,0.0393333333333333,0.7718120805369127,0.0347615819209039,1,0.4
505,190,130.4081,135.9,5.491900000000015,0.012000447427293,0.0928333333333333,0.2953020134228188,0.0651,3,1.2
505,191,256.4545,257.3,0.8455000000000155,0.0295785234899328,0.0878333333333333,0.0939597315436241,0.0565457627118643,0,0.0
505,192,271.8925,282.3667,10.474199999999996,0.0032355704697986,0.0583333333333333,0.906040268456376,0.0451514124293785,1,0.4
505,192,280.4435,282.3667,1.9232000000000085,0.009376062639821,0.0336666666666666,0.4295302013422818,0.0451514124293785,1,0.4
505,193,310.3129,310.9667,0.6537999999999897,0.0018067114093959,0.0087666666666666,0.9261744966442952,0.0256412429378531,0,0.0
505,194,74.1632,82.7667,8.603499999999997,0.0063684563758389,0.0452,0.5771812080536913,0.0382694915254237,3,1.2
505,195,155.0685,163.5,8.4315,0.0005977628635346,0.0083,0.9731543624161074,0.0179237288135593,1,0.4
505,198,295.6945,298.3333,2.638800000000004,0.0178078299776286,0.0606,0.4966442953020134,0.0377587570621468,13,5.2
505,200,121.5345,123.3333,1.7988,0.0080635346756152,0.0504666666666666,0.6644295302013423,0.0077163841807909,2,0.8
505,200,195.9501,197.0667,1.1166000000000054,0.0071152125279642,0.0246666666666666,0.4228187919463087,0.0280610169491525,6,2.4
505,209,200.2301,202.0333,1.803200000000004,0.0073709172259507,0.0224666666666666,0.436241610738255,0.0153350282485875,18,7.2
505,211,60.5196,65.7,5.180400000000006,0.0248682326621923,0.0567666666666666,0.0268456375838926,0.0268468926553672,6,2.4
505,211,290.4091,291.7,1.290899999999965,0.0079512304250559,0.0338333333333333,0.4228187919463087,0.022338418079096,11,4.4
506,7,41.7052,43.3667,1.6615000000000038,0.0085480984340044,0.0321666666666666,0.5167785234899329,0.0353118644067796,1,0.4
506,8,101.8569,102.6667,0.8098000000000098,4.026845637583893e-06,6.666666666666667e-05,1.0,0.0135186440677966,0,0.0
506,9,57.5776,58.7667,1.1891000000000034,0.0040114093959731,0.0254666666666666,0.7651006711409396,0.0237271186440678,11,4.4
506,13,173.6436,176.0333,2.389700000000005,0.0124223713646532,0.0372666666666666,0.3825503355704698,0.0413327683615819,13,5.2
506,14,11.8806,13.1333,1.2527000000000008,7.606263982102909e-06,6.666666666666667e-05,1.0,0.0175440677966101,0,0.0
506,14,289.2489,289.9667,0.7178000000000111,5.816554809843401e-06,0.0001333333333333,1.0,0.0121598870056497,4,1.6
506,15,196.8276,199.6667,2.839100000000002,0.0006599552572706,0.0112666666666666,0.953020134228188,0.0083163841807909,3,1.2
506,15,278.3172,279.4333,1.1160999999999603,0.0074948545861297,0.0286,0.3959731543624161,0.0307598870056497,12,4.8
506,16,288.5646,290.0333,1.4687000000000126,1.5659955257270697e-06,3.3333333333333335e-05,1.0,0.039119209039548,12,4.8
506,17,22.5002,23.2333,0.7331000000000003,0.0015275167785234,0.0044,1.0,0.014164406779661,2,0.8
506,17,60.6593,63.3667,2.7074,0.0005944071588366,0.0038666666666666,1.0,0.0163559322033898,4,1.6
506,17,183.1869,184.3,1.1131000000000029,0.0097217002237136,0.0475666666666666,0.3557046979865771,0.0338514124293785,15,6.0
506,17,267.2663,279.3,12.03370000000001,0.0018953020134228,0.0178333333333333,0.8791946308724832,0.0169903954802259,3,1.2
506,17,300.9596,304.1,3.1404,0.0147610738255033,0.0348,0.0671140939597315,0.0180790960451977,4,1.6
506,18,24.1458,25.4,1.254199999999997,0.0218744966442953,0.0532333333333333,0.1275167785234899,0.029938418079096,9,3.6
506,19,187.6232,192.2,4.576799999999992,0.0,0.0,1.0,0.0171180790960451,2,0.8
506,19,251.9534,254.8,2.846600000000024,0.0,0.0,1.0,0.0066728813559322,2,0.8
506,20,90.168,92.3,2.131999999999991,0.0042246085011185,0.0425666666666666,0.7516778523489933,0.0405355932203389,0,0.0
506,20,236.8338,238.0667,1.2329000000000008,0.0097174496644295,0.0326333333333333,0.4093959731543624,0.0462824858757062,0,0.0
506,20,264.1148,265.1,0.9852000000000204,0.0005409395973154,0.0234,0.9731543624161074,0.0293457627118644,0,0.0
506,21,19.3248,35.3667,16.041900000000002,0.012458836689038,0.0557,0.1073825503355704,0.0554169491525423,2,0.8
506,21,267.6119,269.5333,1.921400000000005,4.921700223713648e-06,6.666666666666667e-05,1.0,0.0425118644067796,0,0.0
506,22,216.1663,219.6333,3.4669999999999845,0.0283478747203579,0.1143,0.0,0.0178847457627118,3,1.2
506,22,262.047,262.7667,0.7196999999999889,0.010217673378076,0.0422666666666666,0.3355704697986577,0.0377158192090395,0,0.0
506,23,30.9649,33.2667,2.3018,0.0197868008948545,0.0491333333333333,0.046979865771812,0.0245468926553672,5,2.0
506,24,210.3569,212.3333,1.9764000000000124,0.0014979865771812,0.0041666666666666,1.0,0.0362152542372881,2,0.8
506,25,225.1838,225.8333,0.6495000000000175,0.0127387024608501,0.078,0.1006711409395973,0.0300892655367231,0,0.0
506,25,321.0019,333.2667,12.264800000000037,0.0087774049217002,0.0420333333333333,0.4563758389261745,0.0275084745762711,1,0.4
506,26,90.4714,105.0667,14.595299999999996,0.0039984340044742,0.0304,0.7181208053691275,0.0427870056497175,6,2.4
506,27,7.7826,9.2,1.4173999999999989,0.0004442953020134,0.0025,1.0,0.015019209039548,6,2.4
506,27,123.7814,124.6667,0.8853000000000009,0.0210002237136465,0.0788666666666666,0.1476510067114094,0.0383604519774011,5,2.0
506,27,236.1686,236.9667,0.7981000000000051,0.022193288590604,0.0857,0.0402684563758389,0.0260468926553672,1,0.4
506,28,100.1256,101.4667,1.3410999999999973,6.532438478747204e-05,0.0015,1.0,0.0256310734463276,0,0.0
506,29,82.6299,84.5333,1.9033999999999909,0.0003946308724832,0.005,0.9932885906040269,0.0397463276836158,14,5.6
506,30,81.9304,84.3333,2.4028999999999883,0.0,0.0,1.0,0.0461423728813559,0,0.0
506,30,281.7153,283.0667,1.3514000000000124,0.0556181208053691,0.1187,0.0,0.0594587570621468,6,2.4
506,31,69.8712,73.8,3.9287999999999954,0.0408049217002237,0.1594666666666666,0.1476510067114094,0.0475412429378531,8,3.2
506,31,85.6367,87.6667,2.030000000000001,0.0050387024608501,0.024,0.6375838926174496,0.0380406779661016,0,0.0
506,31,128.092,130.0333,1.941299999999984,0.045276062639821,0.1444,0.0,0.0503881355932203,5,2.0
506,31,307.7693,309.7,1.9307000000000016,0.0175711409395973,0.0865,0.0738255033557047,0.0353994350282485,3,1.2
506,32,219.8794,221.4667,1.587299999999999,0.0012020134228187,0.0168666666666666,0.8926174496644296,0.0203045197740113,12,4.8
506,33,245.4254,247.7667,2.3412999999999897,7.158836689038031e-06,0.0001666666666666,1.0,0.0253389830508474,5,2.0
506,34,66.5921,79.9333,13.3412,0.0105033557046979,0.0318,0.2080536912751678,0.0188937853107344,0,0.0
506,34,305.3374,310.6333,5.295900000000017,0.0094252796420581,0.0325666666666666,0.3557046979865771,0.0264418079096045,4,1.6
506,34,349.9414,352.9,2.95859999999999,0.0238923937360178,0.0632,0.1208053691275167,0.030583615819209,5,2.0
506,35,108.6353,109.6,0.9646999999999936,0.0088400447427293,0.0429333333333333,0.3624161073825503,0.0137598870056497,8,3.2
506,35,218.7574,221.4333,2.675900000000013,0.0036469798657718,0.0221,0.738255033557047,0.0600429378531073,4,1.6
506,35,261.7785,269.1,7.3215000000000146,0.0036979865771812,0.0188666666666666,0.697986577181208,0.0555525423728813,0,0.0
506,36,216.7227,221.0667,4.343999999999994,0.0140619686800894,0.0463666666666666,0.2684563758389262,0.0235389830508474,0,0.0
506,36,348.7308,349.7333,1.0024999999999975,0.0072738255033557,0.0233,0.5033557046979866,0.0175502824858757,4,1.6
506,36,355.4131,357.1,1.686900000000037,0.0042545861297539,0.0258333333333333,0.6778523489932886,0.0175745762711864,0,0.0
506,37,158.5095,159.7,1.190499999999986,0.0117514541387024,0.0394,0.1879194630872483,0.0745084745762711,2,0.8
506,38,264.1442,265.4667,1.322499999999991,0.0002275167785234,0.0037,1.0,0.0311135593220338,0,0.0
506,38,318.7403,320.1,1.359700000000032,1.789709172259508e-05,0.0005333333333333,1.0,0.0618372881355932,0,0.0
506,39,41.0679,44.1,3.0321,0.0347644295302013,0.1035666666666666,0.0671140939597315,0.0403468926553672,9,3.6
506,39,306.6789,307.5667,0.887800000000027,0.0018702460850111,0.0087,0.9328859060402684,0.0298355932203389,4,1.6
506,40,16.5797,30.3333,13.753600000000002,0.0068928411633109,0.0257,0.5503355704697986,0.0814350282485875,0,0.0
506,41,173.8192,174.9333,1.1141000000000076,0.0029510067114093,0.0314333333333333,0.825503355704698,0.0205214689265536,5,2.0
506,43,38.6071,40.0667,1.459599999999995,0.0012409395973154,0.0055666666666666,0.9932885906040269,0.0194005649717514,5,2.0
506,45,253.3337,259.6667,6.332999999999998,0.000186577181208,0.0012,1.0,0.013819209039548,4,1.6
506,46,70.2621,73.8667,3.604599999999991,0.0003149888143176,0.0017,1.0,0.0184073446327683,1,0.4
506,46,184.9582,186.6,1.6417999999999893,0.0015747203579418,0.0099666666666666,0.9328859060402684,0.0143570621468926,8,3.2
506,46,235.2301,235.7667,0.5365999999999929,0.0024055928411633,0.0124666666666666,0.8322147651006712,0.0180005649717514,0,0.0
506,46,297.5361,299.0333,1.4972000000000207,0.0029713646532438,0.0081333333333333,0.8926174496644296,0.0193559322033898,11,4.4
506,47,133.1627,137.1,3.937299999999994,0.0129926174496644,0.0445333333333333,0.2281879194630872,0.0118508474576271,6,2.4
506,55,165.5213,167.7667,2.2453999999999894,0.0002689038031319,0.0051,0.9865771812080536,0.0141559322033898,5,2.0
506,55,245.6099,246.5667,0.956799999999987,8.366890380313198e-05,0.0049666666666666,1.0,0.0163276836158192,4,1.6
506,56,38.8885,41.5333,2.6447999999999965,0.008497091722595,0.0440333333333333,0.6241610738255033,0.0384514124293785,4,1.6
506,56,87.6757,90.0333,2.357599999999991,0.0431532438478747,0.0857666666666666,0.0067114093959731,0.0439858757062146,0,0.0
506,57,337.8277,339.1667,1.3389999999999986,0.0,0.0,1.0,0.0469067796610169,9,3.6
506,58,264.4298,268.8333,4.403500000000008,0.0,0.0,1.0,0.0189146892655367,5,2.0
506,58,311.1523,312.9333,1.780999999999949,0.0097078299776286,0.0411333333333333,0.3959731543624161,0.024019209039548,8,3.2
506,59,191.1965,194.1333,2.936800000000005,4.720357941834452e-05,0.0025,1.0,0.0136937853107344,11,4.4
506,59,312.2756,313.8667,1.591099999999983,0.0020460850111856,0.0058666666666666,0.9932885906040269,0.019319209039548,13,5.2
506,59,319.4015,320.9333,1.5317999999999756,0.0178212527964205,0.0453,0.0134228187919463,0.0364898305084745,9,3.6
506,60,73.7434,74.6333,0.8899000000000115,0.0214116331096196,0.066,0.1677852348993288,0.0196197740112994,5,2.0
506,63,172.9791,173.7667,0.7875999999999976,0.0112024608501118,0.0265,0.1610738255033557,0.0219418079096045,9,3.6
506,63,211.9261,214.7667,2.840599999999995,0.0177465324384787,0.0474666666666666,0.0738255033557047,0.036464406779661,11,4.4
506,64,337.2445,338.0667,0.8222000000000094,0.0008302013422818,0.0045666666666666,1.0,0.0147406779661016,8,3.2
506,65,165.5321,167.4333,1.901199999999989,0.0021026845637583,0.0232666666666666,0.906040268456376,0.0319497175141242,7,2.8
506,66,49.7166,52.0,2.2834000000000003,0.0001914988814317,0.0019,1.0,0.0125734463276836,8,3.2
506,68,116.6648,119.3667,2.701899999999995,0.0003020134228187,0.0048,1.0,0.0169361581920903,6,2.4
508,8,138.4566,139.8667,1.4101,0.0013977628635346,0.0084,0.959731543624161,0.0098954802259887,6,2.4
508,15,150.6512,151.8333,1.1821000000000197,0.0045791946308724,0.0124,0.6040268456375839,0.0129757062146892,12,4.8
508,17,39.0112,40.2667,1.2554999999999978,0.0024863534675615,0.0117666666666666,0.7919463087248322,0.0382593220338983,13,5.2
508,17,352.8935,355.7667,2.873199999999997,7.382550335570472e-06,6.666666666666667e-05,1.0,0.0082666666666666,2,0.8
508,18,26.7796,27.5667,0.7871000000000024,1.0514541387024608e-05,0.0001,1.0,0.0188463276836158,6,2.4
508,19,36.1124,36.8333,0.7209000000000003,0.0080586129753915,0.0252666666666666,0.3154362416107382,0.0234926553672316,8,3.2
508,19,156.6398,157.5,0.8601999999999919,2.6845637583892615e-05,0.0004333333333333,1.0,0.0139141242937853,5,2.0
508,20,42.207,43.1667,0.959699999999998,0.0053125279642058,0.0386333333333333,0.6442953020134228,0.0145022598870056,8,3.2
508,20,56.3244,57.6667,1.3423000000000016,0.0052979865771812,0.0499333333333333,0.8053691275167785,0.0164079096045197,11,4.4
508,27,284.7245,285.6667,0.942200000000014,2.393736017897092e-05,0.0003333333333333,1.0,0.0115870056497175,8,3.2
508,35,229.2533,230.1333,0.8799999999999955,0.0056436241610738,0.0173333333333333,0.5302013422818792,0.0245005649717514,7,2.8
508,35,251.464,257.9,6.435999999999979,0.0166299776286353,0.0621,0.2013422818791946,0.0551344632768361,16,6.4
508,36,308.9427,310.2,1.2572999999999863,0.024086577181208,0.0821333333333333,0.0335570469798657,0.0550559322033898,14,5.6
508,38,171.5145,173.7,2.1854999999999905,0.0001118568232662,0.0034,1.0,0.018212429378531,0,0.0
508,38,236.2109,239.3,3.089100000000002,0.0,0.0,1.0,0.0167231638418079,0,0.0
508,38,338.5931,355.1,16.50690000000003,0.0038261744966442,0.0361666666666666,0.7583892617449665,0.0160180790960451,0,0.0
508,39,37.6753,39.7,2.024700000000003,0.0035161073825503,0.0207333333333333,0.7315436241610739,0.0145225988700564,8,3.2
508,39,333.0078,333.7,0.6922000000000139,0.004265995525727,0.0114666666666666,0.5838926174496645,0.0091581920903954,0,0.0
508,40,29.5857,31.1333,1.5475999999999992,0.0162648769574944,0.0332,0.0335570469798657,0.0302966101694915,1,0.4
508,40,231.349,235.5333,4.184300000000008,0.0033776286353467,0.0111666666666666,0.7114093959731543,0.0086926553672316,0,0.0
508,41,127.9672,130.3667,2.3995000000000037,0.0003246085011185,0.0027333333333333,1.0,0.011502824858757,1,0.4
508,41,178.6543,180.0667,1.412399999999991,0.0101510067114093,0.0315,0.2550335570469799,0.0426067796610169,13,5.2
508,41,227.8526,239.6,11.7474,0.0022628635346756,0.0226333333333333,0.8657718120805369,0.0307259887005649,2,0.8
508,49,206.1188,207.7333,1.614500000000021,0.0008331096196868,0.0117,0.9328859060402684,0.0238429378531073,15,6.0
508,53,325.9499,326.5667,0.616800000000012,0.0069393736017897,0.0269,0.4496644295302013,0.0258372881355932,5,2.0
508,54,174.6246,176.0,1.3754000000000133,0.0017040268456375,0.0073666666666666,0.87248322147651,0.0257779661016949,15,6.0
508,55,193.7907,195.8667,2.076000000000022,1.185682326621924e-05,0.0002333333333333,1.0,0.0111395480225988,3,1.2
508,55,261.2068,262.7667,1.5599000000000274,0.0010496644295302,0.0078666666666666,0.9664429530201344,0.0223338983050847,5,2.0
508,55,276.6567,287.2,10.543299999999988,0.0028127516778523,0.0173333333333333,0.7516778523489933,0.0298180790960452,3,1.2
508,56,97.9701,102.7333,4.763199999999998,0.000128187919463,0.0040666666666666,1.0,0.0076689265536723,0,0.0
508,56,205.3782,208.6333,3.2550999999999988,0.0011225950782997,0.0144666666666666,0.9261744966442952,0.0110723163841807,9,3.6
508,56,321.7549,324.9,3.1450999999999567,0.0134498881431767,0.0616333333333333,0.2953020134228188,0.0146898305084745,9,3.6
508,57,80.636,82.6333,1.9973000000000096,0.003489932885906,0.01,0.7181208053691275,0.0254638418079096,0,0.0
508,57,157.0678,158.9333,1.8654999999999973,0.0007581655480984,0.0035333333333333,1.0,0.0241090395480226,2,0.8
508,57,177.8068,178.3333,0.5264999999999986,0.0086485458612975,0.0265666666666666,0.3691275167785235,0.0270389830508474,12,4.8
508,58,16.3948,18.7667,2.3719,0.0006266219239373,0.0037333333333333,1.0,0.0204322033898305,1,0.4
508,58,107.6413,110.2,2.5587000000000018,0.0004192393736017,0.0041666666666666,1.0,0.0232468926553672,7,2.8
508,58,206.5885,208.6333,2.044799999999981,0.0025619686800894,0.0089666666666666,0.87248322147651,0.0172406779661016,7,2.8
508,58,232.8939,234.1333,1.2393999999999892,0.0083098434004474,0.0236,0.1677852348993288,0.0197881355932203,4,1.6
508,59,117.4385,122.5667,5.1281999999999925,0.0015917225950782,0.0108,0.959731543624161,0.0075079096045197,5,2.0
508,60,162.1456,165.5333,3.3876999999999957,0.0003519015659955,0.0110666666666666,0.9664429530201344,0.0291186440677966,11,4.4
508,60,287.0473,288.2667,1.2194000000000074,0.000745413870246,0.0061,0.9865771812080536,0.0127875706214689,10,4.0
508,73,311.7267,313.5667,1.840000000000032,0.0001586129753914,0.0016666666666666,1.0,0.0173864406779661,11,4.4
508,78,117.2818,134.0667,16.784899999999993,0.0202637583892617,0.0810666666666666,0.3087248322147651,0.0513954802259887,10,4.0
508,79,273.8625,275.2,1.3374999999999773,0.0073489932885906,0.0390666666666666,0.5436241610738255,0.0211892655367231,13,5.2
508,80,284.072,286.3667,2.294699999999977,0.0181089485458612,0.0769,0.1946308724832214,0.0349864406779661,11,4.4
508,80,287.7961,290.3333,2.5371999999999844,0.0276805369127516,0.0769,0.1342281879194631,0.0232271186440677,3,1.2
508,80,328.3219,329.1,0.7780999999999949,0.0023064876957494,0.0159333333333333,0.8859060402684564,0.0346485875706214,15,6.0
508,81,1.5658,3.5,1.9342,0.0120729306487695,0.0578333333333333,0.2080536912751678,0.0211175141242937,4,1.6
508,81,16.0537,27.4,11.3463,0.0063874720357941,0.0693,0.7583892617449665,0.0068163841807909,0,0.0
508,82,0.4085,1.9,1.4914999999999998,0.0096914988814317,0.0338,0.3892617449664429,0.0134361581920903,0,0.0
508,82,186.6466,187.9,1.2533999999999992,9.395973154362418e-06,0.0001333333333333,1.0,0.0191966101694915,3,1.2
508,82,289.2641,290.5333,1.269200000000012,2.9977628635346755e-05,0.0007666666666666,1.0,0.0198875706214689,9,3.6
508,83,305.4499,310.0667,4.616800000000012,9.619686800894856e-06,6.666666666666667e-05,1.0,0.0151892655367231,1,0.4
508,83,324.1159,326.2,2.084099999999978,0.0008870246085011,0.0084666666666666,0.959731543624161,0.0136322033898305,4,1.6
508,84,127.4803,140.0667,12.586399999999998,1.5659955257270695e-05,0.0001,1.0,0.0231734463276836,3,1.2
508,84,356.7786,358.7333,1.9547000000000023,1.208053691275168e-05,0.001,1.0,0.0037771929824561,0,0.0
509,1,60.1847,61.2,1.0153000000000034,5.1454138702460855e-06,6.666666666666667e-05,1.0,0.0282604519774011,0,0.0
509,2,114.1574,120.8333,6.675899999999999,5.369127516778524e-05,0.0009,1.0,0.0358971751412429,10,4.0
509,3,8.9418,14.0,5.058199999999999,0.0236015659955257,0.056,0.0,0.0425079096045197,0,0.0
509,3,73.102,74.2333,1.131299999999996,0.0062006711409395,0.0503333333333333,0.6845637583892618,0.0539457627118643,2,0.8
509,4,196.6153,199.4333,2.818000000000012,0.0107147651006711,0.0326666666666666,0.1543624161073825,0.0246542372881355,6,2.4
509,4,325.121,326.2333,1.1123000000000047,0.0020736017897091,0.0201333333333333,0.8322147651006712,0.0244762711864406,0,0.0
509,5,85.0201,87.6,2.579899999999995,1.2304250559284115e-05,0.0002333333333333,1.0,0.016631638418079,4,1.6
509,5,326.1168,327.8667,1.7498999999999685,0.0006507829977628,0.0203666666666666,0.9463087248322148,0.0262457627118644,4,1.6
509,6,94.6845,97.9667,3.282200000000003,0.0001165548098434,0.0022,1.0,0.0298790960451977,3,1.2
509,18,260.9219,262.8333,1.9114000000000144,0.0020185682326621,0.01,0.8187919463087249,0.0113033898305084,7,2.8
510,0,81.8448,82.6,0.7551999999999879,0.0122340044742729,0.0418333333333333,0.2684563758389262,0.0492209039548022,11,4.4
510,0,210.6163,215.1,4.483699999999999,0.0105686800894854,0.0594666666666666,0.3355704697986577,0.0383186440677966,2,0.8
510,0,254.3373,255.9,1.5627000000000066,0.011958836689038,0.0898666666666666,0.2214765100671141,0.0130396551724137,2,0.8
510,1,82.0983,82.7667,0.6684000000000054,0.0148172259507829,0.0632,0.3959731543624161,0.0345463276836158,6,2.4
510,1,204.7286,209.8667,5.1381000000000085,0.0011615212527964,0.0098,0.953020134228188,0.0202203389830508,7,2.8
510,1,252.9985,255.9,2.901499999999998,0.0044691275167785,0.0241,0.6778523489932886,0.0420844827586206,8,3.2
510,2,53.8063,54.7,0.8937000000000026,1.1185682326621925e-06,3.3333333333333335e-05,1.0,0.0060937853107344,1,0.4
510,2,76.8382,81.8333,4.995099999999994,0.043931096196868,0.0789,0.0,0.0506621468926553,1,0.4
510,2,338.1492,340.2,2.050799999999981,0.0214093959731543,0.1300333333333333,0.0738255033557047,0.0311214689265536,12,4.8
510,3,82.8943,83.6333,0.7390000000000043,7.38255033557047e-06,6.666666666666667e-05,1.0,0.0237180790960452,0,0.0
510,3,116.9571,118.5667,1.6096000000000004,0.0070668903803131,0.0254666666666666,0.3825503355704698,0.0121536723163841,5,2.0
510,3,291.8386,302.1,10.261400000000036,0.0084756152125279,0.0475,0.4765100671140939,0.0231559322033898,5,2.0
510,3,357.6569,359.8,2.143100000000004,0.0023829977628635,0.0083666666666666,0.906040268456376,0.0796733333333333,0,0.0
510,4,46.3881,48.7667,2.3785999999999987,0.0080478747203579,0.0430666666666666,0.5100671140939598,0.0180689265536723,14,5.6
510,5,101.3452,107.8,6.454799999999992,2.237136465324385e-06,0.0001,1.0,0.0177090395480226,1,0.4
510,5,147.3732,152.8667,5.493500000000012,0.0003295302013422,0.0095666666666666,0.9664429530201344,0.0304186440677966,0,0.0
510,5,213.9606,221.0667,7.106099999999998,0.0171570469798657,0.0494666666666666,0.0134228187919463,0.0153762711864406,9,3.6
510,6,285.6983,286.9667,1.2683999999999855,0.0001129753914988,0.0006333333333333,1.0,0.0230807909604519,10,4.0
510,13,331.9813,332.6333,0.6520000000000437,0.0023628635346756,0.0107666666666666,0.8859060402684564,0.022857627118644,7,2.8
510,14,212.9894,214.1667,1.1773000000000025,0.0011505592841163,0.0220333333333333,0.9194630872483222,0.0512728813559322,17,6.8
510,15,55.1483,57.2667,2.118400000000001,0.0019823266219239,0.0204333333333333,0.9194630872483222,0.0355570621468926,17,6.8
510,15,105.5671,111.2333,5.666200000000004,0.0022136465324384,0.0112666666666666,0.9261744966442952,0.0164327683615819,6,2.4
510,15,200.1654,201.5333,1.3678999999999917,0.0133633109619686,0.0266333333333333,0.1006711409395973,0.0387429378531073,18,7.2
510,15,317.1448,334.3,17.155200000000036,0.0,0.0,1.0,0.0120830508474576,0,0.0
510,16,103.4725,107.8667,4.394199999999998,0.0,0.0,1.0,0.010338418079096,0,0.0
510,16,323.2669,328.1333,4.866399999999999,0.0073026845637583,0.0316666666666666,0.4295302013422818,0.0169920903954802,0,0.0
511,0,82.6731,85.3667,2.6935999999999893,0.0210055928411633,0.0770666666666666,0.1543624161073825,0.0156163841807909,3,1.2
511,0,92.8122,94.1333,1.3211000000000013,0.0128984340044742,0.0565333333333333,0.1476510067114094,0.0289282485875706,4,1.6
511,0,197.8947,198.6,0.705299999999994,0.002693288590604,0.0171666666666666,0.8120805369127517,0.0341389830508474,1,0.4
511,0,313.6027,314.3667,0.7639999999999532,0.0016257270693512,0.0191,0.8859060402684564,0.0168350282485875,0,0.0
511,0,326.7029,337.5333,10.830399999999996,0.0221653243847874,0.0661333333333333,0.0604026845637583,0.0277881355932203,0,0.0
511,1,5.7929,9.2333,3.4403999999999995,0.0115008948545861,0.0501666666666666,0.3825503355704698,0.0306689265536723,9,3.6
511,1,39.9473,41.8667,1.919400000000003,0.0159713646532438,0.0753,0.2080536912751678,0.0142632768361581,3,1.2
511,1,124.6493,127.1,2.4506999999999977,0.0047248322147651,0.0370333333333333,0.738255033557047,0.0141966101694915,1,0.4
511,2,341.7529,343.1333,1.3804000000000087,0.0383984340044742,0.0920333333333333,0.0067114093959731,0.0774474576271186,0,0.0
511,3,169.2103,170.7333,1.5230000000000246,0.018789932885906,0.0925666666666666,0.174496644295302,0.0336598870056497,7,2.8
511,3,280.3249,282.0667,1.741800000000012,0.0082639821029082,0.0248333333333333,0.2214765100671141,0.028593220338983,0,0.0
511,3,343.8366,353.5333,9.69670000000002,0.0157823266219239,0.0989,0.2483221476510067,0.0288779661016949,7,2.8
511,6,225.2839,226.9667,1.6828000000000145,0.0084738255033557,0.0270333333333333,0.3758389261744966,0.0195553672316384,0,0.0
511,7,138.9898,141.6,2.610199999999992,0.0007489932885906,0.0102666666666666,0.9395973154362416,0.0163440677966101,4,1.6
511,9,26.2998,27.6,1.3002000000000002,2.237136465324385e-07,3.3333333333333335e-05,1.0,0.0066988700564971,0,0.0
511,9,157.69,160.5,2.8100000000000023,0.0140022371364653,0.0623666666666666,0.2348993288590604,0.0151310734463276,1,0.4
511,9,219.6791,239.9,20.2209,2.237136465324385e-07,3.3333333333333335e-05,1.0,0.010757627118644,2,0.8
511,10,11.0016,19.2333,8.2317,6.711409395973154e-07,3.3333333333333335e-05,1.0,0.0224333333333333,3,1.2
511,10,53.7497,62.0667,8.317,0.002007158836689,0.0232666666666666,0.8456375838926175,0.0243305084745762,0,0.0
511,10,80.9039,82.9667,2.06280000000001,0.0020599552572706,0.0109,0.9328859060402684,0.0116073446327683,4,1.6
511,10,115.4032,117.3,1.896799999999999,0.0064762863534675,0.051,0.6308724832214765,0.0203186440677966,7,2.8
511,10,282.5483,283.5667,1.0184000000000424,0.0216859060402684,0.0874,0.0067114093959731,0.0357694915254237,4,1.6
511,11,329.8785,331.2667,1.3882000000000403,0.0090344519015659,0.0858333333333333,0.8053691275167785,0.0270050847457627,0,0.0
511,12,90.95,91.8333,0.8832999999999913,0.0047308724832214,0.0191333333333333,0.6510067114093959,0.0319299435028248,0,0.0
511,12,185.9541,188.7,2.7458999999999776,0.0220601789709172,0.0768666666666666,0.0,0.0339463276836158,7,2.8
511,12,223.1411,224.1333,0.9921999999999968,0.0130859060402684,0.0590333333333333,0.0939597315436241,0.0238683615819209,7,2.8
511,12,269.2517,269.9333,0.6815999999999462,0.0136917225950783,0.0771,0.2348993288590604,0.0325316384180791,0,0.0
511,12,354.6378,359.5333,4.89549999999997,0.017421029082774,0.0901333333333333,0.4832214765100671,0.053647619047619,0,0.0
511,13,210.9883,213.5333,2.5449999999999875,1.3422818791946309e-06,6.666666666666667e-05,1.0,0.0170542372881355,0,0.0
511,13,316.606,319.9333,3.32729999999998,0.0127510067114093,0.0423,0.1342281879194631,0.033922033898305,0,0.0
511,13,330.071,332.0333,1.9622999999999704,0.0243595078299776,0.0862666666666666,0.0067114093959731,0.019828813559322,2,0.8
511,13,353.9622,358.4667,4.504500000000007,0.0130107382550335,0.0515666666666666,0.1946308724832214,0.0329548148148148,0,0.0
512,0,179.0339,182.4,3.366100000000017,0.0001270693512304,0.0059333333333333,0.9865771812080536,0.0220406779661016,0,0.0
512,0,211.1188,212.9,1.7812000000000126,0.0065261744966442,0.0251333333333333,0.5234899328859061,0.0371988700564971,12,4.8
512,0,239.5356,243.5667,4.031100000000009,0.0173568232662192,0.0643333333333333,0.0067114093959731,0.0496627118644067,11,4.4
512,1,86.0674,89.4,3.3326,0.0014096196868008,0.0097,0.9194630872483222,0.0142338983050847,1,0.4
512,1,103.1077,105.2,2.0923000000000087,0.0216261744966442,0.0696333333333333,0.0201342281879194,0.0229491525423728,5,2.0
512,1,251.184,253.6667,2.482699999999994,0.0035695749440715,0.0222666666666666,0.7315436241610739,0.028557627118644,8,3.2
512,2,34.1861,38.3667,4.180599999999998,0.01192774049217,0.0244666666666666,0.1275167785234899,0.0316237288135593,3,1.2
512,2,77.8879,80.9667,3.078800000000001,0.0212550335570469,0.0655,0.0939597315436241,0.0517689265536723,12,4.8
512,2,114.5105,130.5667,16.056200000000004,0.0162181208053691,0.0411333333333333,0.0,0.0182310734463276,0,0.0
512,2,252.9994,255.2,2.20059999999998,0.0293709172259507,0.0760666666666666,0.1409395973154362,0.0517802259887005,15,6.0
512,3,166.7056,198.7667,32.06109999999998,0.0099418344519015,0.0428,0.2885906040268456,0.0417237288135593,11,4.4
512,3,247.1299,250.0333,2.903400000000005,0.0095093959731543,0.0311,0.3020134228187919,0.0255870056497175,7,2.8
512,4,99.6604,104.6,4.939599999999999,0.033669351230425,0.0883666666666666,0.0268456375838926,0.0371293785310734,6,2.4
512,4,163.3155,166.9333,3.617800000000017,0.0322926174496644,0.0738333333333333,0.0,0.0322598870056497,5,2.0
512,4,177.5614,180.8,3.2386000000000195,0.0166507829977628,0.0434333333333333,0.0402684563758389,0.044054802259887,3,1.2
512,5,66.7192,69.7,2.980800000000002,0.0155436241610738,0.0778666666666666,0.2214765100671141,0.0301542372881355,5,2.0
512,5,144.3552,147.5667,3.211500000000001,0.0009740492170022,0.0064,0.9664429530201344,0.0094141242937853,0,0.0
512,5,242.3277,250.7667,8.438999999999993,0.0198608501118568,0.0979666666666666,0.3892617449664429,0.0471864406779661,8,3.2
512,5,266.0414,274.1,8.058600000000013,0.0114695749440715,0.0670666666666666,0.4295302013422818,0.0204593220338983,0,0.0
512,6,192.5586,198.1333,5.574699999999979,0.0243986577181208,0.0653666666666666,0.0,0.0618497175141242,1,0.4
512,7,61.111,68.7667,7.655700000000003,0.0296089485458612,0.0895,0.0,0.04044802259887,3,1.2
512,7,136.3927,137.8,1.4073000000000206,0.0283293064876957,0.1119333333333333,0.1342281879194631,0.0446615819209039,7,2.8
512,7,313.7583,318.6333,4.875,0.0070306487695749,0.0367,0.4026845637583892,0.0216519774011299,0,0.0
512,8,74.5065,77.7,3.1935,0.0120335570469798,0.0500666666666666,0.1677852348993288,0.0469005649717514,10,4.0
512,8,194.6951,195.4333,0.7382000000000062,0.0104510067114093,0.0416,0.0939597315436241,0.0188344632768361,5,2.0
512,10,161.5828,162.9667,1.3839000000000112,0.0175002237136465,0.0463666666666666,0.1073825503355704,0.0265564971751412,0,0.0
512,10,203.3584,204.5333,1.174900000000008,0.0099181208053691,0.0257666666666666,0.1879194630872483,0.0198807909604519,10,4.0
512,10,307.0759,308.5,1.42410000000001,0.0020261744966442,0.0191666666666666,0.87248322147651,0.0183717514124293,4,1.6
512,10,332.833,334.6,1.766999999999996,0.0038944071588366,0.0131666666666666,0.6711409395973155,0.017764406779661,5,2.0
512,11,84.9282,86.2667,1.3384999999999962,0.0045523489932885,0.0245333333333333,0.6442953020134228,0.0213502824858757,9,3.6
512,12,201.8243,214.5667,12.742400000000004,5.816554809843401e-06,6.666666666666667e-05,1.0,0.0060587570621468,2,0.8
512,13,67.6837,69.8,2.1162999999999954,0.0020610738255033,0.0317666666666666,0.8791946308724832,0.0052333333333333,2,0.8
512,14,195.8241,197.0667,1.24260000000001,0.0001590604026845,0.0017,1.0,0.0067067796610169,5,2.0
512,23,340.8187,341.5333,0.7146000000000186,0.0121337807606263,0.0489,0.2550335570469799,0.0156446327683615,2,0.8
512,24,79.1601,79.9667,0.8066000000000031,0.0136823266219239,0.0390333333333333,0.2214765100671141,0.0306050847457627,6,2.4
512,25,79.8697,80.8,0.9303000000000026,2.9753914988814324e-05,0.0005333333333333,1.0,0.007983615819209,0,0.0
512,25,239.9937,241.5,1.5063000000000102,6.97986577181208e-05,0.0007,1.0,0.0103282485875706,0,0.0
512,34,19.4261,20.4,0.9738999999999968,3.512304250559284e-05,0.0003,1.0,0.0180050847457627,1,0.4
512,34,226.4752,228.0,1.524799999999999,0.0016961968680089,0.0207666666666666,0.906040268456376,0.0124033898305084,2,0.8
512,35,51.1419,52.1,0.9581000000000016,0.005996644295302,0.0227333333333333,0.5771812080536913,0.0181514124293785,4,1.6
512,35,174.0603,175.9333,1.8729999999999905,0.0191123042505592,0.0380666666666666,0.0,0.0404344632768361,11,4.4
512,35,266.5997,267.2,0.6003000000000043,0.0026129753914988,0.0227,0.8590604026845637,0.0136225988700564,3,1.2
512,36,83.262,86.5333,3.2712999999999965,0.0029552572706935,0.0187333333333333,0.8523489932885906,0.0195559322033898,5,2.0
512,36,197.9874,222.1333,24.145899999999983,0.0274400447427293,0.0585333333333333,0.0,0.0392485875706214,2,0.8
512,36,345.2146,350.8,5.585399999999993,0.0210671140939597,0.0529333333333333,0.046979865771812,0.0505751412429378,4,1.6
512,37,185.566,186.7,1.133999999999986,0.0004912751677852,0.0039666666666666,1.0,0.0102514124293785,7,2.8
512,45,216.8327,217.9667,1.1340000000000146,0.0012407158836689,0.0163,0.9194630872483222,0.0131649717514124,3,1.2
512,45,348.5809,351.3667,2.7857999999999947,0.0007375838926174,0.0112,0.959731543624161,0.0091774011299435,10,4.0
512,46,20.7719,22.3,1.528100000000002,0.0028107382550335,0.0257666666666666,0.8389261744966443,0.013731638418079,5,2.0
512,53,55.5271,57.0667,1.5396,0.0073100671140939,0.0332,0.5369127516778524,0.0152423728813559,14,5.6
512,55,159.4075,162.3,2.8925000000000125,0.0021756152125279,0.0082666666666666,0.912751677852349,0.0314338983050847,12,4.8
512,56,39.2474,44.4667,5.219300000000004,0.0029319910514541,0.0213666666666666,0.8187919463087249,0.0343926553672316,4,1.6
512,56,101.4183,107.9667,6.548400000000001,0.0059563758389261,0.0246,0.5503355704697986,0.014519209039548,0,0.0
512,57,48.6165,52.3333,3.716799999999999,8.948545861297539e-07,3.3333333333333335e-05,1.0,0.0466960451977401,3,1.2
512,57,211.042,214.5,3.4579999999999984,0.0029268456375838,0.0082333333333333,0.8120805369127517,0.0217988700564971,8,3.2
512,57,252.386,253.0667,0.6807000000000016,0.0174042505592841,0.0500666666666666,0.0604026845637583,0.0270830508474576,2,0.8
512,57,257.1586,257.9333,0.7746999999999957,0.0175402684563758,0.0952333333333333,0.3892617449664429,0.0419615819209039,3,1.2
512,57,349.3863,352.8,3.4137000000000057,0.0006123042505592,0.0117666666666666,0.953020134228188,0.0304254237288135,0,0.0
512,58,7.7238,19.6,11.8762,5.145413870246085e-05,0.0004,1.0,0.0157734463276836,1,0.4
512,58,75.2214,78.9,3.678600000000003,0.0154519015659955,0.0566333333333333,0.1879194630872483,0.0323587570621468,1,0.4
512,58,105.7249,107.1667,1.4418000000000006,0.0253586129753915,0.0644333333333333,0.0201342281879194,0.0181785310734463,10,4.0
512,58,151.1462,153.0,1.8538000000000068,0.0154532438478747,0.0673,0.0671140939597315,0.0271949152542372,0,0.0
512,58,251.6947,253.7667,2.0719999999999743,0.0095333333333333,0.0253,0.0335570469798657,0.0172553672316384,7,2.8
512,59,2.9889,6.4667,3.4778,0.0161013422818791,0.0384666666666666,0.0201342281879194,0.025951724137931,12,4.8
512,59,172.6703,176.6333,3.962999999999994,0.0214069351230425,0.0997333333333333,0.0,0.0373406779661016,8,3.2
512,59,330.4493,333.7333,3.283999999999992,0.0118789709172259,0.0311333333333333,0.1812080536912751,0.019993220338983,3,1.2
512,60,143.0907,144.3,1.2093000000000131,0.0228304250559284,0.0950666666666666,0.1140939597315436,0.0200570621468926,2,0.8
512,60,306.4556,356.5,50.0444,0.0022847874720357,0.0228666666666666,0.825503355704698,0.005822033898305,0,0.0
512,61,323.8126,324.9667,1.154100000000028,0.0366807606263982,0.0707333333333333,0.0,0.0431225988700565,2,0.8
512,61,350.5201,354.7667,4.246600000000001,0.0290078299776286,0.0701,0.0134228187919463,0.02854802259887,0,0.0
512,62,115.2502,125.1,9.849799999999988,0.0251653243847874,0.0589,0.0,0.034138418079096,5,2.0
512,66,215.4207,219.2333,3.8126000000000033,0.0005156599552572,0.0115666666666666,0.959731543624161,0.0101299435028248,3,1.2
512,85,82.3964,83.8667,1.4702999999999946,0.013848322147651,0.0462,0.2953020134228188,0.0222451977401129,1,0.4
512,86,94.7659,98.1333,3.3674000000000035,0.0032393736017897,0.0144,0.7181208053691275,0.0193016949152542,9,3.6
512,86,203.7507,208.7333,4.982600000000019,0.0053604026845637,0.0402666666666666,0.6308724832214765,0.0114231638418079,6,2.4
512,87,110.2742,111.9333,1.6591000000000091,0.0047199105145413,0.0255666666666666,0.6308724832214765,0.0460118644067796,14,5.6
512,87,168.7107,170.4333,1.7226,0.0183852348993288,0.0314666666666666,0.0134228187919463,0.0336514124293785,10,4.0
512,87,343.0925,344.5,1.4075000000000273,6.935123042505594e-06,0.0001,1.0,0.0083683615819209,0,0.0
512,88,59.9795,62.2,2.2205000000000013,9.395973154362418e-06,0.0001333333333333,1.0,0.0108728813559322,7,2.8
512,88,99.8849,100.8,0.9150999999999954,0.0137838926174496,0.0444333333333333,0.0939597315436241,0.0340717514124293,1,0.4
512,88,256.9741,259.2,2.225899999999968,0.0164704697986577,0.0536,0.1342281879194631,0.0227333333333333,12,4.8
512,88,274.3873,275.4333,1.0459999999999925,0.046603803131991,0.1071666666666666,0.0201342281879194,0.0510920903954802,3,1.2
512,89,28.1776,57.5667,29.3891,0.0045706935123042,0.0193666666666666,0.6241610738255033,0.0164960451977401,6,2.4
512,89,66.2059,68.6333,2.4274000000000058,0.0324926174496644,0.0625333333333333,0.0,0.0590355932203389,0,0.0
512,89,110.7797,135.1333,24.353599999999982,0.0296029082774049,0.092,0.0,0.0113779661016949,2,0.8
512,90,29.9219,33.9667,4.044800000000002,3.131991051454139e-06,0.0001666666666666,1.0,0.0047485875706214,0,0.0
512,90,76.0341,85.7,9.665900000000008,0.0009586129753914,0.0035666666666666,1.0,0.0365265536723163,13,5.2
512,90,205.6223,212.5333,6.911000000000001,0.008842058165548,0.0177,0.2483221476510067,0.0245203389830508,13,5.2
512,90,264.4086,268.9667,4.5581000000000245,0.0011729306487695,0.0129,0.9261744966442952,0.0259186440677966,4,1.6
512,91,25.2777,32.2667,6.989000000000001,0.0102944071588366,0.0277666666666666,0.2416107382550335,0.0141310734463276,0,0.0
512,91,210.3623,214.2333,3.871000000000009,1.5659955257270697e-06,6.666666666666667e-05,1.0,0.004309604519774,0,0.0
512,91,224.9336,226.4333,1.49969999999999,0.0054841163310961,0.0210666666666666,0.5302013422818792,0.0193519774011299,9,3.6
512,91,229.8851,232.1,2.2149,0.0147720357941834,0.0578666666666666,0.2953020134228188,0.026009604519774,11,4.4
512,91,307.7481,313.4667,5.718599999999981,0.0037957494407158,0.0155666666666666,0.6778523489932886,0.0091282485875706,0,0.0
512,91,352.631,355.8667,3.2357000000000085,5.369127516778524e-06,6.666666666666667e-05,1.0,0.0048497175141242,0,0.0
512,92,110.5039,118.5667,8.062799999999996,4.47427293064877e-07,3.3333333333333335e-05,1.0,0.0344406779661016,0,0.0
512,92,202.4922,209.2,6.707799999999992,0.0114073825503355,0.061,0.4026845637583892,0.0253677966101694,0,0.0
512,92,260.9433,269.3333,8.389999999999986,0.001959284116331,0.0108333333333333,0.8523489932885906,0.0334016949152542,0,0.0
512,92,349.3253,352.0667,2.7413999999999987,0.0178060402684563,0.0408666666666666,0.0,0.0240700564971751,8,3.2
512,93,254.141,258.6333,4.492300000000029,1.7449664429530202e-05,0.0002,1.0,0.0422423728813559,0,0.0
512,94,268.2179,272.7667,4.548800000000028,0.0004098434004474,0.0086333333333333,0.9865771812080536,0.0413621468926553,0,0.0
512,96,249.144,250.8667,1.7227000000000032,0.001038255033557,0.0076333333333333,0.953020134228188,0.0062186440677966,2,0.8
512,97,2.7612,7.6333,4.8721,0.0028069351230425,0.0311333333333333,0.8456375838926175,0.0107056497175141,0,0.0
512,97,85.4417,94.8,9.3583,0.032186577181208,0.0723,0.0,0.0387299435028248,1,0.4
512,97,240.3315,247.8333,7.501800000000003,0.0002011185682326,0.0047,1.0,0.0078943502824858,0,0.0
512,97,271.1748,273.3667,2.1918999999999755,0.0029785234899328,0.0142,0.8993288590604027,0.0263615819209039,8,3.2
512,98,342.0697,343.4333,1.3635999999999626,0.0009912751677852,0.0190333333333333,0.9261744966442952,0.0178056497175141,11,4.4
512,99,70.2197,74.2667,4.046999999999997,0.0017035794183445,0.0051333333333333,0.9932885906040269,0.0090779661016949,4,1.6
512,99,151.6745,160.5333,8.858800000000002,0.0020369127516778,0.0066,0.9328859060402684,0.0096276836158192,1,0.4
512,104,223.8903,225.7,1.8096999999999923,6.39821029082774e-05,0.0008333333333333,1.0,0.0231909604519774,8,3.2
512,105,24.5185,27.9333,3.4148,0.0014440715883668,0.0151,0.8926174496644296,0.0061559322033898,1,0.4
512,105,305.5108,314.6333,9.122500000000002,3.48993288590604e-05,0.0008666666666666,1.0,0.0046898305084745,0,0.0
512,107,227.6555,229.7333,2.0778000000000247,3.176733780760627e-05,0.0009666666666666,1.0,0.0222090395480225,9,3.6
512,109,344.5492,346.1667,1.6175000000000068,4.026845637583893e-06,0.0001,1.0,0.0164559322033898,0,0.0
512,110,171.8885,173.4,1.5115000000000125,0.0013353467561521,0.0120333333333333,0.9798657718120806,0.0411050847457627,12,4.8
512,112,111.8752,118.0,6.124799999999993,0.0,0.0,1.0,0.0119474576271186,0,0.0
512,112,313.267,315.0,1.733000000000004,0.0,0.0,1.0,0.0151564971751412,2,0.8
512,112,332.1825,336.5,4.317499999999996,0.0039774049217002,0.0246666666666666,0.7181208053691275,0.0254706214689265,12,4.8
512,113,168.6568,170.7667,2.109899999999982,0.0,0.0,1.0,0.0088689265536723,0,0.0
512,113,196.1784,196.8667,0.6882999999999981,0.0,0.0,1.0,0.0173214689265536,0,0.0
512,113,287.4776,297.4667,9.989100000000008,0.0,0.0,1.0,0.0071853107344632,2,0.8
512,114,159.3701,169.1667,9.796599999999984,0.0,0.0,1.0,0.0201898305084745,0,0.0
512,114,173.1764,174.8,1.6236000000000104,0.015772706935123,0.0490333333333333,0.2080536912751678,0.0347056497175141,17,6.8
512,114,309.8775,311.3667,1.4891999999999823,5.1454138702460855e-06,0.0001,1.0,0.0149711864406779,0,0.0
512,114,347.9165,350.1333,2.2168000000000347,6.711409395973154e-07,3.3333333333333335e-05,1.0,0.0108570621468926,0,0.0
513,11,219.58,223.8,4.219999999999999,0.0029259507829977,0.0263666666666666,0.7919463087248322,0.0164367231638418,6,2.4
513,16,266.5212,267.3667,0.8454999999999586,2.6845637583892617e-06,0.0001,1.0,0.0091745762711864,8,3.2
513,17,56.6553,58.6333,1.978000000000001,0.0038317673378076,0.0121,0.7449664429530202,0.0402858757062146,12,4.8
513,17,127.3093,129.0333,1.7240000000000038,0.006269351230425,0.0190666666666666,0.436241610738255,0.021974011299435,5,2.0
513,17,172.0011,176.9,4.898899999999998,0.0101442953020134,0.0416666666666666,0.2885906040268456,0.0215485875706214,12,4.8
513,17,173.6601,176.9,3.2399000000000058,0.0118818791946308,0.0416666666666666,0.1879194630872483,0.0215485875706214,12,4.8
513,17,227.7734,229.8333,2.059899999999999,0.0031590604026845,0.0127333333333333,0.7248322147651006,0.0238593220338983,9,3.6
513,21,47.2505,47.8667,0.6161999999999992,4.47427293064877e-07,3.3333333333333335e-05,1.0,0.0096022598870056,4,1.6
513,21,245.5415,247.6667,2.125199999999978,9.642058165548098e-05,0.0016,1.0,0.0181864406779661,13,5.2
513,26,142.525,143.3333,0.8083000000000027,0.0044872483221476,0.0440666666666666,0.7919463087248322,0.0218062146892655,0,0.0
513,27,6.8186,8.6333,1.8147,0.0035668903803131,0.0197,0.7046979865771812,0.0127203389830508,11,4.4
513,27,156.4573,157.0667,0.6093999999999937,0.0001572706935123,0.0027,1.0,0.0045350282485875,5,2.0
513,28,54.9363,56.3,1.3636999999999944,0.0057711409395973,0.0248,0.4899328859060403,0.0178248587570621,13,5.2
513,28,257.0172,258.4667,1.4495000000000005,0.0136089485458612,0.0302666666666666,0.0201342281879194,0.0206418079096045,11,4.4
513,30,123.8179,124.9,1.0821000000000112,0.0002046979865771,0.0069,0.9798657718120806,0.010931638418079,4,1.6
513,30,132.2173,134.5333,2.3160000000000025,0.0021302013422818,0.0135333333333333,0.785234899328859,0.0152937853107344,6,2.4
513,31,27.6234,28.7,1.0765999999999991,0.0012149888143176,0.0151666666666666,0.906040268456376,0.0145903954802259,5,2.0
513,40,69.3417,72.2333,2.891599999999997,0.0100838926174496,0.0286,0.2684563758389262,0.018276836158192,12,4.8
513,40,350.1481,351.6,1.4519000000000233,1.3422818791946309e-06,6.666666666666667e-05,1.0,0.0163903954802259,0,0.0
513,42,71.475,73.0,1.5250000000000057,6.711409395973154e-07,3.3333333333333335e-05,1.0,0.0086615819209039,6,2.4
513,42,111.9189,113.2667,1.3478000000000063,0.0135800894854586,0.0472666666666666,0.3087248322147651,0.0236615819209039,12,4.8
513,42,272.1293,275.0667,2.937400000000025,0.0,0.0,1.0,0.0114005649717514,8,3.2
513,43,57.594,58.7,1.1060000000000016,0.0012847874720357,0.0046,1.0,0.0127355932203389,8,3.2
513,43,85.9799,87.5333,1.5533999999999963,0.0028771812080536,0.0125333333333333,0.8926174496644296,0.0194949152542372,12,4.8
513,43,124.0098,125.4333,1.4235000000000042,0.0075845637583892,0.0243,0.4228187919463087,0.0220988700564971,4,1.6
513,43,130.7142,132.5,1.7857999999999947,0.0140536912751677,0.0578666666666666,0.1073825503355704,0.0196463276836158,11,4.4
513,43,188.4618,191.6,3.1381999999999834,0.0058742729306487,0.0213333333333333,0.4630872483221476,0.0309920903954802,4,1.6
513,44,49.6086,50.4667,0.8581000000000003,8.277404921700225e-06,0.0001333333333333,1.0,0.0121615819209039,6,2.4
513,45,111.6013,113.3667,1.7653999999999996,0.0014894854586129,0.0056666666666666,0.9798657718120806,0.0110734463276836,3,1.2
513,45,222.9085,224.7667,1.8581999999999823,0.0013082774049217,0.0048,1.0,0.012602824858757,7,2.8
513,46,315.7978,317.9333,2.135499999999979,0.0055456375838926,0.0133666666666666,0.4966442953020134,0.0064881355932203,3,1.2
513,48,174.3366,177.7,3.3633999999999844,0.0004147651006711,0.008,0.9664429530201344,0.0094039548022598,3,1.2
513,49,69.4106,70.3,0.8893999999999949,0.0010022371364653,0.0124666666666666,0.8993288590604027,0.0160197740112994,0,0.0
513,49,209.6329,213.5,3.8670999999999935,0.0002255033557046,0.0024333333333333,1.0,0.0146598870056497,2,0.8
513,49,327.3388,328.2667,0.9279000000000224,0.0014049217002237,0.0131666666666666,0.8859060402684564,0.0193039548022598,8,3.2
513,50,76.9913,86.1333,9.14200000000001,4.697986577181208e-06,0.0003,1.0,0.010574011299435,6,2.4
513,51,28.0634,39.5667,11.503299999999996,0.0,0.0,1.0,0.0092966101694915,2,0.8
513,51,69.5139,70.2333,0.7193999999999932,0.0021017897091722,0.0173666666666666,0.906040268456376,0.0103451977401129,2,0.8
513,51,146.3494,148.4,2.050600000000003,0.0011087248322147,0.0172333333333333,0.9261744966442952,0.0082864406779661,2,0.8
513,51,160.4067,161.9667,1.5600000000000025,0.0044642058165548,0.0281,0.738255033557047,0.014112429378531,3,1.2
513,51,186.0231,189.4,3.3769000000000062,0.0068988814317673,0.0198,0.5100671140939598,0.0272231638418079,6,2.4
513,52,4.3896,8.2333,3.8437,0.0148950782997762,0.0778666666666666,0.1879194630872483,0.0122661016949152,1,0.4
513,52,110.9944,112.7,1.705600000000004,0.0026908277404921,0.0191,0.8322147651006712,0.015722033898305,12,4.8
513,52,192.0962,195.0667,2.970499999999987,9.865771812080538e-05,0.0042333333333333,1.0,0.0228802259887005,6,2.4
513,53,341.0457,341.9333,0.8875999999999635,0.0,0.0,1.0,0.0142186440677966,1,0.4
513,54,93.5886,95.4667,1.8781000000000037,0.0,0.0,1.0,0.0114361581920903,0,0.0
513,54,124.1081,126.1,1.991900000000001,0.0,0.0,1.0,0.019083615819209,0,0.0
513,54,144.8212,146.4667,1.6454999999999984,0.0112080536912751,0.0388333333333333,0.436241610738255,0.0303333333333333,0,0.0
513,54,189.0831,189.8,0.7169000000000096,2.237136465324385e-07,3.3333333333333335e-05,1.0,0.0253819209039548,0,0.0
513,54,348.4369,353.8333,5.396400000000028,0.0052756152125279,0.0387333333333333,0.6174496644295302,0.0236858757062146,1,0.4
513,55,144.2929,153.2667,8.973799999999983,0.0,0.0,1.0,0.0205282485875706,3,1.2
513,55,202.7732,204.6667,1.8934999999999889,0.0093673378076062,0.0707666666666666,0.5100671140939598,0.0189960451977401,4,1.6
513,55,304.2763,305.6667,1.3903999999999996,0.0131731543624161,0.0728333333333333,0.087248322147651,0.0128502824858757,0,0.0
513,56,78.3823,79.1,0.7176999999999936,0.0046064876957494,0.0441333333333333,0.825503355704698,0.0078966101694915,0,0.0
513,56,112.5825,113.6333,1.0508000000000095,0.0092438478747203,0.0455333333333333,0.3154362416107382,0.0334011299435028,12,4.8
513,56,168.3884,178.7333,10.344900000000024,0.0136883668903803,0.0639333333333333,0.1140939597315436,0.0100632768361581,5,2.0
513,56,316.2144,316.9667,0.7522999999999911,0.0036409395973154,0.0139,0.7114093959731543,0.011712429378531,0,0.0
513,57,131.1326,132.2333,1.1007000000000176,7.38255033557047e-06,0.0001666666666666,1.0,0.0186180790960452,0,0.0
513,57,169.4158,173.1,3.684200000000004,0.0058346756152125,0.0332666666666666,0.5369127516778524,0.0321485875706214,6,2.4
513,57,177.4904,178.3333,0.8429000000000144,0.0240228187919463,0.065,0.0604026845637583,0.018938418079096,0,0.0
513,58,113.4418,117.8333,4.3914999999999935,0.0143400447427293,0.0508333333333333,0.1476510067114094,0.038686440677966,6,2.4
513,58,254.6284,258.1667,3.5382999999999925,0.0063239373601789,0.0251,0.5570469798657718,0.0126666666666666,1,0.4
513,58,263.3186,266.8667,3.5480999999999767,0.0092736017897091,0.0316666666666666,0.3020134228187919,0.0149214689265536,7,2.8
513,58,282.574,292.0,9.425999999999988,0.0076324384787472,0.0619,0.4966442953020134,0.0307079096045197,0,0.0
513,59,118.4793,122.8333,4.353999999999999,0.0077897091722595,0.0293666666666666,0.4429530201342282,0.014567231638418,3,1.2
513,60,226.6339,227.4,0.7660999999999945,7.606263982102909e-06,0.0001,1.0,0.0106361581920903,3,1.2
513,60,289.0346,292.0,2.9653999999999883,0.0007134228187919,0.0085666666666666,0.9328859060402684,0.0178553672316384,1,0.4
513,60,321.7901,325.2,3.4098999999999933,8.724832214765101e-06,0.0001333333333333,1.0,0.0126322033898305,0,0.0
513,62,247.1966,248.4667,1.2701000000000136,2.237136465324385e-07,3.3333333333333335e-05,1.0,0.0111711864406779,0,0.0
513,62,312.4417,313.3,0.8582999999999856,0.0002847874720357,0.0067,0.9664429530201344,0.0139564971751412,0,0.0
513,62,337.6925,339.4667,1.7742000000000075,0.0064183445190156,0.0556,0.7248322147651006,0.0207350282485875,0,0.0
513,63,169.5384,178.3333,8.794900000000013,0.0096185682326621,0.0462,0.4563758389261745,0.0284598870056497,9,3.6
513,63,304.5156,306.5,1.9843999999999935,0.0116720357941834,0.0516666666666666,0.4026845637583892,0.040564406779661,6,2.4
513,64,19.9984,23.6667,3.668299999999999,0.0108651006711409,0.0295,0.2483221476510067,0.0490412429378531,1,0.4
513,64,160.0994,161.8,1.7006000000000083,0.0208700223713646,0.0836,0.0201342281879194,0.0225790960451977,6,2.4
513,64,250.3319,251.0,0.6681000000000097,0.003997091722595,0.0169666666666666,0.7248322147651006,0.0167615819209039,0,0.0
513,64,331.1782,335.0667,3.888500000000022,0.0155729306487695,0.0717,0.0536912751677852,0.0168638418079096,2,0.8
513,65,4.5783,44.3667,39.7884,0.0151583892617449,0.0507333333333333,0.0067114093959731,0.0205762711864406,4,1.6
513,65,346.6275,349.6,2.972500000000025,7.606263982102911e-06,0.0004,1.0,0.0102734463276836,0,0.0
513,65,352.8972,353.8667,0.9694999999999824,0.0057064876957494,0.0423666666666666,0.6375838926174496,0.0170525423728813,4,1.6
513,66,116.4519,117.2333,0.781400000000005,0.0025881431767337,0.0214666666666666,0.8187919463087249,0.0142265536723163,10,4.0
513,66,158.1753,167.6667,9.4914,0.0140733780760626,0.0550666666666666,0.1208053691275167,0.022912429378531,8,3.2
513,66,237.3959,250.4333,13.037399999999993,0.0090550335570469,0.0310333333333333,0.3825503355704698,0.0190966101694915,2,0.8
513,67,104.884,108.6333,3.749300000000005,0.0198695749440715,0.0551333333333333,0.0536912751677852,0.0420180790960452,12,4.8
513,67,143.0125,145.1,2.0875000000000057,0.0092391498881431,0.0263333333333333,0.2348993288590604,0.0259593220338983,0,0.0
513,67,213.1089,214.6333,1.5243999999999858,0.0115563758389261,0.042,0.0671140939597315,0.0273242937853107,1,0.4
513,68,74.5256,78.0333,3.5077,0.0214680089485458,0.0741666666666666,0.0067114093959731,0.0098570621468926,1,0.4
513,69,83.339,84.8667,1.5276999999999958,0.003310514541387,0.0201,0.7651006711409396,0.017267231638418,0,0.0
513,69,128.2349,129.1,0.865099999999984,0.0084270693512304,0.0241333333333333,0.261744966442953,0.0304774011299434,5,2.0
513,69,241.6184,247.7333,6.114900000000006,0.0039894854586129,0.0214,0.697986577181208,0.0101022598870056,1,0.4
513,69,300.3918,302.2333,1.8414999999999964,0.0090404921700223,0.0347666666666666,0.3288590604026846,0.018022033898305,0,0.0
513,69,350.117,354.6333,4.516300000000001,0.0077250559284116,0.0282,0.2416107382550335,0.0150355932203389,3,1.2
513,70,208.0238,223.3667,15.342900000000014,0.0167290827740492,0.0551333333333333,0.1543624161073825,0.0243909604519774,5,2.0
513,70,281.7272,285.6333,3.9061000000000377,0.0094257270693512,0.0379,0.5167785234899329,0.0139655367231638,0,0.0
513,70,316.0932,317.7667,1.67349999999999,0.0004051454138702,0.008,0.9664429530201344,0.0193451977401129,1,0.4
513,70,343.2037,351.4333,8.229599999999948,0.0001653243847874,0.0012,1.0,0.0308355932203389,0,0.0
513,71,65.091,71.9667,6.875700000000009,0.0085961968680089,0.0296666666666666,0.3221476510067114,0.0297254237288135,3,1.2
513,71,256.6549,263.9,7.2450999999999794,0.0157404921700223,0.0322666666666666,0.0067114093959731,0.0223807909604519,0,0.0
513,71,346.6752,348.3333,1.6580999999999904,0.0129883668903803,0.0368333333333333,0.0134228187919463,0.0194491525423728,3,1.2
513,72,250.8942,255.4,4.505799999999994,0.0022064876957494,0.0091333333333333,0.953020134228188,0.0329522988505747,8,3.2
513,73,55.3743,58.4333,3.0590000000000046,0.0009597315436241,0.0156333333333333,0.9463087248322148,0.0103508474576271,0,0.0
513,73,147.8722,150.2667,2.3944999999999936,0.0016953020134228,0.0330333333333333,0.953020134228188,0.0260757062146892,0,0.0
513,80,86.5858,87.7,1.1141999999999967,0.0006778523489932,0.0318333333333333,0.9731543624161074,0.012631638418079,9,3.6
513,83,27.0801,29.3333,2.2532,0.0019295302013422,0.0057666666666666,0.9865771812080536,0.0234502824858757,8,3.2
513,83,190.8238,198.4667,7.642899999999997,1.1185682326621925e-05,0.0002333333333333,1.0,0.0089101694915254,0,0.0
513,88,144.451,145.9667,1.5157000000000096,0.0008805369127516,0.0114666666666666,0.9664429530201344,0.0233163841807909,14,5.6
513,88,206.3223,206.8667,0.544399999999996,0.0046230425055928,0.0124666666666666,0.5838926174496645,0.0152378531073446,5,2.0
513,89,311.1738,313.0333,1.8594999999999688,0.011917673378076,0.0307666666666666,0.1543624161073825,0.0231751412429378,14,5.6
513,91,279.0129,281.2667,2.2538000000000125,0.0035979865771812,0.0188333333333333,0.7651006711409396,0.0208655367231638,13,5.2
513,92,13.5841,15.8667,2.2826000000000004,0.0056894854586129,0.0297,0.6241610738255033,0.019938418079096,13,5.2
513,92,110.015,120.6,10.584999999999994,0.0154136465324384,0.0394,0.1342281879194631,0.0062016949152542,4,1.6
513,92,187.3846,189.3,1.915400000000005,0.0168612975391498,0.0386666666666666,0.1208053691275167,0.016764406779661,4,1.6
513,92,229.2782,232.9333,3.655100000000005,0.0057387024608501,0.0326,0.6241610738255033,0.0201943502824858,0,0.0
513,92,251.9569,261.4,9.443099999999989,0.0086076062639821,0.0333,0.4496644295302013,0.0313022598870056,1,0.4
513,93,248.2659,250.0,1.7341000000000122,0.0,0.0,1.0,0.0219305084745762,0,0.0
513,93,262.1731,266.5667,4.393600000000049,0.0070516778523489,0.0255666666666666,0.3758389261744966,0.0304305084745762,1,0.4
513,94,43.6204,46.1,2.479600000000005,0.0395633109619686,0.1543333333333333,0.0805369127516778,0.0383491525423728,3,1.2
513,94,193.7021,222.3,28.59790000000001,0.0288246085011185,0.0752333333333333,0.0,0.0307807909604519,0,0.0
513,95,2.672,4.5333,1.8612999999999995,0.009113870246085,0.0328666666666666,0.3355704697986577,0.0150909604519773,0,0.0
513,95,35.8385,37.4333,1.594799999999999,0.0,0.0,1.0,0.017222033898305,0,0.0
513,95,70.086,72.9667,2.8807000000000045,0.0120098434004474,0.0304,0.0671140939597315,0.0199293785310734,0,0.0
513,95,100.4756,101.8,1.3243999999999971,0.0459749440715883,0.0957666666666666,0.0,0.0601112994350282,1,0.4
513,95,214.8027,218.7,3.897300000000001,0.0324736017897091,0.1184333333333333,0.0,0.0264774011299435,6,2.4
513,95,302.2589,311.7,9.441100000000006,0.0142069351230425,0.0820333333333333,0.3087248322147651,0.0417350282485875,9,3.6
513,96,52.7411,56.5333,3.792199999999994,0.0039237136465324,0.0544666666666666,0.8926174496644296,0.0172045197740113,6,2.4
513,96,174.6692,175.6333,0.964100000000002,8.948545861297539e-07,0.0001,1.0,0.0289186440677966,0,0.0
513,96,235.0618,240.3,5.238200000000006,0.0125261744966442,0.0417333333333333,0.046979865771812,0.0287943502824858,3,1.2
513,96,347.212,350.9,3.687999999999988,0.0096767337807606,0.0442333333333333,0.4765100671140939,0.0108350282485875,2,0.8
513,97,153.5826,155.1667,1.584099999999978,7.606263982102909e-06,6.666666666666667e-05,1.0,0.0072237288135593,3,1.2
513,97,166.4619,169.8667,3.4047999999999945,0.0039134228187919,0.0167,0.7181208053691275,0.0173423728813559,4,1.6
513,97,190.8269,192.7,1.8730999999999935,0.0080926174496644,0.0223,0.2953020134228188,0.0506107344632768,0,0.0
513,97,204.082,209.0,4.918000000000006,0.0284836689038031,0.1011333333333333,0.0134228187919463,0.045209604519774,4,1.6
513,97,239.8836,241.8,1.91640000000001,0.0324671140939597,0.0811666666666666,0.0201342281879194,0.0717666666666666,0,0.0
513,97,274.469,276.4,1.9309999999999832,0.0227131991051454,0.0740333333333333,0.0201342281879194,0.0371994350282485,0,0.0
513,98,169.0927,174.4,5.307299999999998,0.0080393736017897,0.0457,0.3892617449664429,0.0277152542372881,5,2.0
513,98,193.1406,194.4,1.2593999999999994,0.0103501118568232,0.0351666666666666,0.1409395973154362,0.0236158192090395,11,4.4
513,98,223.059,226.4,3.341000000000008,0.0081355704697986,0.0241666666666666,0.2147651006711409,0.0201700564971751,0,0.0
513,98,260.7358,263.4,2.664199999999994,0.0054013422818791,0.0263,0.610738255033557,0.0183265536723163,1,0.4
513,99,100.9022,114.3667,13.4645,0.0124434004474272,0.0411333333333333,0.2214765100671141,0.0172666666666666,4,1.6
513,99,182.0946,184.0333,1.938699999999983,0.0112404921700223,0.0410333333333333,0.1677852348993288,0.0228282485875706,0,0.0
513,100,7.2746,10.4667,3.192099999999999,1.3422818791946309e-06,6.666666666666667e-05,1.0,0.0283084745762711,0,0.0
513,100,90.0364,105.7,15.663600000000002,0.0078313199105145,0.0285333333333333,0.2483221476510067,0.0291909604519773,0,0.0
513,100,144.8341,148.0667,3.232599999999991,0.0062201342281879,0.0185,0.4161073825503356,0.0413774011299435,3,1.2
513,100,194.998,206.7,11.701999999999998,0.0357671140939597,0.0976666666666666,0.0134228187919463,0.037764406779661,0,0.0
513,100,346.4865,352.7,6.2135000000000105,0.0244053691275167,0.0623,0.0,0.0417135593220339,2,0.8
513,101,50.64,53.4667,2.8267000000000024,0.014996644295302,0.0507,0.0268456375838926,0.0484203389830508,3,1.2
513,101,316.5829,318.9333,2.350399999999979,0.0059635346756152,0.0185333333333333,0.5503355704697986,0.0162824858757062,3,1.2
513,102,133.0507,139.3667,6.3160000000000025,0.0003046979865771,0.0053666666666666,0.9932885906040269,0.0077090395480225,1,0.4
513,102,341.071,342.5333,1.4622999999999706,0.0047152125279642,0.0180333333333333,0.6174496644295302,0.0276282485875706,12,4.8
513,103,93.3595,96.2333,2.873800000000003,0.004872706935123,0.0122666666666666,0.5369127516778524,0.0183485875706214,2,0.8
513,103,147.4553,149.2,1.7446999999999946,0.0002590604026845,0.0060666666666666,0.9865771812080536,0.0309943502824858,2,0.8
513,103,159.2256,165.8,6.574400000000026,0.0073888143176733,0.0595,0.6577181208053692,0.0370627118644067,0,0.0
513,103,327.5306,328.7,1.169399999999996,0.0027286353467561,0.0454666666666666,0.87248322147651,0.0267101694915254,1,0.4
513,104,27.6969,29.9333,2.2364,5.950782997762864e-05,0.0048333333333333,1.0,0.0117265536723163,0,0.0
513,104,88.5285,89.6333,1.1048000000000116,6.711409395973154e-05,0.0028,1.0,0.0128689265536723,0,0.0
513,104,166.466,167.2667,0.8006999999999778,0.0001357941834451,0.0075333333333333,0.9932885906040269,0.0193350282485875,2,0.8
513,105,6.0023,9.3,3.2977000000000007,0.0025914988814317,0.0261666666666666,0.7919463087248322,0.0135909604519774,3,1.2
513,105,28.3205,34.4,6.0795,0.0079995525727069,0.0498,0.4765100671140939,0.0093949152542372,1,0.4
513,105,63.5172,66.3333,2.816099999999992,0.0099910514541387,0.0629333333333333,0.4832214765100671,0.0144406779661016,0,0.0
513,105,239.5198,257.9333,18.41349999999997,0.0133923937360178,0.0376666666666666,0.2281879194630872,0.0411531073446327,0,0.0
513,105,276.572,279.6667,3.094699999999989,0.0105445190156599,0.0802333333333333,0.3221476510067114,0.0258293785310734,0,0.0
513,105,339.9697,341.6333,1.6636000000000308,0.0065364653243847,0.0192666666666666,0.4630872483221476,0.0216214689265536,0,0.0
513,106,1.4377,4.0667,2.629,0.011607158836689,0.0556666666666666,0.3288590604026846,0.0254542372881355,0,0.0
513,107,15.1585,19.9333,4.774799999999999,0.0029747203579418,0.0413666666666666,0.8523489932885906,0.0129112994350282,4,1.6
513,107,220.0372,224.5,4.462799999999987,2.371364653243848e-05,0.0003333333333333,1.0,0.0077350282485875,0,0.0
513,108,145.6596,149.3,3.6404,0.0002986577181208,0.0059333333333333,0.9865771812080536,0.0071248587570621,0,0.0
513,108,214.7367,216.7,1.9632999999999756,0.0025926174496644,0.0430666666666666,0.8859060402684564,0.0053683615819209,0,0.0
513,125,119.883,120.6667,0.7837000000000103,0.0099574944071588,0.0642666666666666,0.5167785234899329,0.0251796610169491,9,3.6
513,125,266.6857,267.3667,0.6809999999999832,0.0007342281879194,0.0141,0.9463087248322148,0.0150898305084745,0,0.0
513,126,86.5466,90.0333,3.486699999999999,0.0033131991051454,0.0193333333333333,0.7114093959731543,0.0171169491525423,13,5.2
513,126,213.7251,216.1333,2.4081999999999937,1.0961968680089487e-05,0.0002666666666666,1.0,0.0129214689265536,1,0.4
513,127,273.7362,275.0333,1.2971000000000004,0.0003413870246085,0.0146666666666666,0.9731543624161074,0.0195525423728813,9,3.6
513,128,178.0434,181.7667,3.7232999999999943,0.0013174496644295,0.0124,0.9328859060402684,0.0175615819209039,7,2.8
513,129,41.6199,42.6,0.9801000000000002,0.0023060402684563,0.017,0.8456375838926175,0.0127073446327683,8,3.2
513,129,106.1102,109.9,3.7898,0.0051624161073825,0.0829666666666666,0.825503355704698,0.0235819209039548,6,2.4
513,130,200.5683,202.0333,1.4650000000000034,3.7583892617449664e-05,0.0006666666666666,1.0,0.0113344632768361,4,1.6
513,136,306.2793,309.2667,2.9874000000000365,0.0,0.0,1.0,0.0238429378531073,0,0.0
513,137,258.003,265.2,7.197000000000003,0.0078100671140939,0.0385,0.3959731543624161,0.0147446327683615,8,3.2
513,137,329.0797,334.4667,5.3870000000000005,0.0090248322147651,0.0322333333333333,0.3825503355704698,0.0099050847457627,0,0.0
513,138,90.6831,94.5667,3.883600000000001,0.0009299776286353,0.0069,0.9664429530201344,0.0224446327683615,0,0.0
513,138,111.7755,116.4,4.624500000000012,6.711409395973154e-07,3.3333333333333335e-05,1.0,0.0179559322033898,0,0.0
513,138,135.7563,138.8667,3.1103999999999985,0.0112997762863534,0.0838,0.7583892617449665,0.0180779661016949,0,0.0
513,138,243.4579,244.2667,0.8087999999999909,0.0,0.0,1.0,0.0677163841807909,0,0.0
513,139,190.4175,193.6333,3.215800000000001,0.0070456375838926,0.0303666666666666,0.4832214765100671,0.0151231638418079,10,4.0
513,139,209.3479,211.9,2.552099999999996,0.0113523489932885,0.0855333333333333,0.436241610738255,0.0192022598870056,0,0.0
513,140,37.9167,38.7667,0.8500000000000014,2.662192393736018e-05,0.0001666666666666,1.0,0.016054802259887,0,0.0
513,140,96.7768,100.9667,4.189900000000009,1.0290827740492173e-05,0.0001666666666666,1.0,0.0124101694915254,0,0.0
513,140,152.2406,154.5333,2.2926999999999964,1.7225950782997762e-05,0.0001,1.0,0.0198163841807909,0,0.0
513,141,21.1447,23.6667,2.5219999999999985,0.0072921700223713,0.0357666666666666,0.3154362416107382,0.0236045197740112,2,0.8
513,141,247.821,251.4333,3.6123000000000047,0.0226821029082774,0.0468,0.0,0.0400745762711864,1,0.4
513,142,74.1754,76.1333,1.9579000000000093,0.0004031319910514,0.0065666666666666,0.9798657718120806,0.0141983050847457,9,3.6
513,142,109.7057,112.1,2.394300000000001,0.0012270693512304,0.0052666666666666,0.9932885906040269,0.0276457627118644,3,1.2
513,142,126.3234,137.3667,11.043300000000002,0.0093263982102908,0.0239666666666666,0.2550335570469799,0.023109604519774,0,0.0
513,142,147.9799,156.5,8.520100000000014,0.0109751677852349,0.0465,0.5100671140939598,0.0153163841807909,3,1.2
513,142,173.6756,177.8,4.1244000000000085,0.0044335570469798,0.0197333333333333,0.6778523489932886,0.0208711864406779,1,0.4
513,143,99.1697,101.0667,1.8969999999999916,0.0078082774049217,0.0329333333333333,0.4563758389261745,0.0208474576271186,1,0.4
513,143,116.7843,119.5667,2.7823999999999955,0.0066742729306487,0.0457,0.7516778523489933,0.0093598870056497,0,0.0
513,143,226.4754,229.6333,3.157899999999984,0.0050156599552572,0.0430666666666666,0.7114093959731543,0.0139796610169491,0,0.0
513,144,61.2365,66.6667,5.430200000000006,0.0074192393736017,0.0209,0.4295302013422818,0.0125395480225988,0,0.0
513,145,193.2551,209.8667,16.61160000000001,0.0071178970917225,0.0442333333333333,0.5704697986577181,0.0261734463276836,1,0.4
513,146,92.4007,95.3,2.8992999999999967,0.0036519015659955,0.0782333333333333,0.9194630872483222,0.0206468926553672,0,0.0
513,146,181.1096,184.2,3.0903999999999883,0.007262192393736,0.0411,0.6711409395973155,0.0223508474576271,0,0.0
513,147,218.7125,227.0667,8.354199999999992,0.0108903803131991,0.0682666666666666,0.6577181208053692,0.0219875706214689,0,0.0
513,147,285.5012,288.7667,3.265500000000032,0.0086304250559284,0.0656,0.7516778523489933,0.0158344632768361,0,0.0
513,147,327.1819,330.5,3.318100000000016,0.002065548098434,0.0491,0.912751677852349,0.0249293785310734,0,0.0
513,148,39.4535,42.2333,2.7798000000000016,0.0009167785234899,0.0403,0.9664429530201344,0.0158937853107344,0,0.0
513,149,119.4094,136.2667,16.85729999999998,2.460850111856824e-06,3.3333333333333335e-05,1.0,0.0294242937853107,0,0.0
513,149,166.7979,172.6333,5.835399999999993,0.0082543624161073,0.0493333333333333,0.697986577181208,0.0105322033898305,0,0.0
513,150,42.0403,48.2333,6.192999999999998,0.0038807606263982,0.036,0.7449664429530202,0.0238615819209039,0,0.0
513,150,125.0118,127.3333,2.3215000000000003,0.0042642058165548,0.0434,0.697986577181208,0.0136451977401129,0,0.0
513,151,111.3393,115.4333,4.094000000000008,4.8993288590604034e-05,0.0003333333333333,1.0,0.0081728813559322,0,0.0
513,156,253.9215,256.3667,2.4451999999999714,4.1387024608501125e-05,0.0008333333333333,1.0,0.0096372881355932,8,3.2
513,168,294.7322,296.0,1.2678000000000225,0.003886577181208,0.0113,0.6174496644295302,0.0390570621468926,13,5.2
513,171,31.5442,32.8667,1.3225000000000016,0.0,0.0,1.0,0.006238418079096,3,1.2
513,171,246.1408,248.2333,2.092500000000001,0.0,0.0,1.0,0.0116841807909604,0,0.0
513,172,21.6131,25.6,3.986900000000002,0.0,0.0,1.0,0.0076163841807909,0,0.0
513,172,67.9179,73.8667,5.948799999999991,0.0123219239373601,0.1137666666666666,0.4161073825503356,0.0392807909604519,5,2.0
513,172,201.2628,202.1667,0.903899999999993,0.0,0.0,1.0,0.0186175141242937,9,3.6
513,172,270.4339,277.0,6.566100000000006,0.0005653243847874,0.004,1.0,0.0153225988700564,2,0.8
513,172,298.7222,300.4,1.6777999999999906,0.0010252796420581,0.0096333333333333,0.9664429530201344,0.0326734463276836,11,4.4
513,173,70.7272,72.0333,1.3061000000000007,0.0092089485458612,0.0226666666666666,0.2080536912751678,0.0340711864406779,9,3.6
513,173,96.5158,97.5667,1.0508999999999986,0.0148024608501118,0.0473333333333333,0.2348993288590604,0.0410293785310734,11,4.4
513,173,266.4603,271.3,4.8396999999999935,0.0019617449664429,0.0137,0.8590604026845637,0.0244649717514124,7,2.8
513,173,281.4037,283.2,1.7962999999999738,0.0196648769574944,0.0415666666666666,0.0671140939597315,0.0401344632768361,1,0.4
513,174,104.8853,108.3,3.4146999999999963,0.0097366890380313,0.0549333333333333,0.4563758389261745,0.0439683615819209,1,0.4
513,174,200.226,203.7,3.473999999999989,3.579418344519016e-06,6.666666666666667e-05,1.0,0.0150790960451977,6,2.4
513,174,245.4444,246.6667,1.22229999999999,1.2975391498881432e-05,0.0001666666666666,1.0,0.0067706214689265,3,1.2
513,174,286.4194,287.6333,1.2139000000000235,4.47427293064877e-06,0.0001,1.0,0.0109847457627118,1,0.4
513,175,111.6978,115.1667,3.468900000000005,2.684563758389262e-06,6.666666666666667e-05,1.0,0.012212429378531,1,0.4
513,175,254.8973,259.9,5.002699999999976,0.0,0.0,1.0,0.0434225988700564,6,2.4
513,175,335.3979,337.5333,2.135400000000004,0.0002950782997762,0.0082666666666666,0.9731543624161074,0.0128079096045197,0,0.0
513,176,32.4192,32.9,0.4808000000000021,0.0069181208053691,0.043,0.5570469798657718,0.0540491525423728,1,0.4
513,176,296.7226,297.8,1.0774000000000117,0.0018237136465324,0.0186333333333333,0.8523489932885906,0.0177344632768361,5,2.0
513,177,12.3858,13.1333,0.7475000000000005,0.0050268456375838,0.0253666666666666,0.6912751677852349,0.0280525423728813,3,1.2
513,177,20.7993,21.9333,1.1340000000000003,0.0181704697986577,0.0593,0.2348993288590604,0.0193937853107344,7,2.8
513,177,23.701,27.9333,4.232299999999999,0.0177002237136465,0.0593,0.1879194630872483,0.0280542372881355,12,4.8
513,177,215.2532,216.5,1.2468000000000077,0.0035586129753914,0.0159333333333333,0.7651006711409396,0.0117785310734463,2,0.8
513,177,270.6049,271.4,0.7950999999999908,0.0144366890380313,0.0873,0.1610738255033557,0.0356203389830508,4,1.6
513,178,47.2423,52.2667,5.0244,0.0099662192393736,0.0377,0.2751677852348993,0.0225875706214689,5,2.0
513,178,312.6778,314.5,1.8222000000000091,0.0005234899328859,0.0036,1.0,0.0136293785310734,2,0.8
513,179,30.3435,31.0333,0.6898000000000017,0.0008357941834451,0.0038666666666666,1.0,0.027585632183908,5,2.0
513,179,50.5704,55.0667,4.496299999999998,0.0272469798657718,0.0596333333333333,0.1140939597315436,0.0208485875706214,7,2.8
513,179,124.2099,127.0333,2.8233999999999924,1.5659955257270692e-06,6.666666666666667e-05,1.0,0.0113604519774011,0,0.0
513,179,132.7568,136.1333,3.376499999999993,0.0072991051454138,0.0257666666666666,0.5906040268456376,0.0256299435028248,2,0.8
513,180,335.6089,338.6667,3.057799999999986,0.0,0.0,1.0,0.0099435028248587,5,2.0
513,180,349.2485,351.1667,1.918200000000013,0.0133053691275167,0.0369666666666666,0.1677852348993288,0.030119209039548,0,0.0
513,181,97.2715,98.0667,0.7951999999999941,0.0,0.0,1.0,0.0136338983050847,0,0.0
513,181,202.2431,206.6,4.356899999999996,0.0044574944071588,0.0202666666666666,0.738255033557047,0.0197830508474576,0,0.0
513,181,266.6483,301.0667,34.41840000000002,0.0,0.0,1.0,0.0287983050847457,8,3.2
513,182,308.7835,310.3,1.5165000000000075,0.0,0.0,1.0,0.0082858757062146,3,1.2
513,182,341.2654,343.5667,2.301300000000026,4.832214765100671e-05,0.001,1.0,0.0097677966101694,0,0.0
513,183,82.9771,84.9,1.9229000000000127,0.0008675615212527,0.0056333333333333,0.9865771812080536,0.0276203389830508,1,0.4
513,183,171.7692,173.4667,1.697499999999991,0.0003046979865771,0.0092666666666666,0.9798657718120806,0.0130937853107344,5,2.0
513,184,17.341,19.0333,1.6922999999999997,0.0191671140939597,0.0945,0.0805369127516778,0.0312519774011299,1,0.4
513,184,42.8138,44.8333,2.0195000000000007,0.0168474272930648,0.0978666666666666,0.0335570469798657,0.0346502824858757,1,0.4
513,185,74.6796,81.2,6.520400000000009,0.0009731543624161,0.0159666666666666,0.9261744966442952,0.0092186440677966,6,2.4
513,185,136.813,139.2333,2.420300000000026,0.0088429530201342,0.0362666666666666,0.4765100671140939,0.0205355932203389,7,2.8
513,186,30.4429,32.6667,2.223799999999997,0.0085214765100671,0.0281333333333333,0.3758389261744966,0.0198209039548022,1,0.4
513,186,304.5864,306.1667,1.5802999999999656,0.0065568232662192,0.0261333333333333,0.4161073825503356,0.0108361581920903,3,1.2
513,187,94.027,95.6333,1.6063000000000045,1.633109619686801e-05,0.0022666666666666,1.0,0.0163632768361581,2,0.8
513,187,336.1164,337.6,1.483600000000024,0.0,0.0,1.0,0.0110564971751412,3,1.2
513,188,314.8544,316.5,1.6456000000000015,0.0008033557046979,0.0123,0.9328859060402684,0.0102395480225988,10,4.0
514,4,80.58,82.8333,2.253299999999996,0.0031894854586129,0.0064666666666666,0.8926174496644296,0.0303418079096045,10,4.0
514,4,164.5874,165.0667,0.4792999999999949,0.0043988814317673,0.0188,0.6442953020134228,0.0246355932203389,0,0.0
514,5,7.5671,13.9333,6.366199999999999,0.0083051454138702,0.0574,0.6442953020134228,0.0419966101694915,2,0.8
514,7,36.1766,38.7333,2.5566999999999998,0.0057346756152125,0.0167333333333333,0.4429530201342282,0.0174988700564971,10,4.0
514,7,140.8319,142.7667,1.934799999999996,1.4541387024608505e-05,0.0001666666666666,1.0,0.0094186440677966,2,0.8
514,7,260.6214,262.6667,2.045299999999997,0.0039174496644295,0.0135666666666666,0.7181208053691275,0.0225248587570621,10,4.0
514,8,120.5301,121.4667,0.9365999999999984,0.0074212527964205,0.0361333333333333,0.4765100671140939,0.0226175141242937,5,2.0
514,8,225.3613,226.5333,1.171999999999997,0.0106257270693512,0.0292,0.1946308724832214,0.0202807909604519,3,1.2
514,9,154.791,155.8667,1.075700000000012,1.5659955257270692e-06,3.3333333333333335e-05,1.0,0.0135412429378531,7,2.8
514,9,322.7673,324.4333,1.6659999999999968,0.0045230425055928,0.0213,0.6577181208053692,0.0074887005649717,4,1.6
514,10,55.6836,58.2333,2.5497000000000014,0.0034809843400447,0.0103333333333333,0.7248322147651006,0.0121661016949152,8,3.2
514,10,170.1708,173.5667,3.3958999999999837,0.0031046979865771,0.0204666666666666,0.738255033557047,0.0265468926553672,13,5.2
514,11,113.7931,116.8333,3.0401999999999987,0.0027020134228187,0.0165,0.8389261744966443,0.0310435028248587,10,4.0
514,11,149.5947,154.1667,4.572000000000003,0.0043519015659955,0.0155666666666666,0.6308724832214765,0.0191536723163841,8,3.2
514,11,214.6151,218.2333,3.6182000000000016,0.0135434004474272,0.0615,0.3020134228187919,0.023267231638418,7,2.8
514,11,293.5536,297.6333,4.0797000000000025,0.0088984340044742,0.0579666666666666,0.6778523489932886,0.0192999999999999,3,1.2
514,12,79.363,95.7667,16.4037,0.0011011185682326,0.0057333333333333,0.9932885906040269,0.0205389830508474,6,2.4
514,12,160.5269,161.4667,0.9397999999999912,0.0014127516778523,0.0072333333333333,0.959731543624161,0.0161435028248587,10,4.0
514,13,57.1384,58.8333,1.694900000000004,0.0034729306487695,0.0191666666666666,0.7583892617449665,0.0205299435028248,7,2.8
514,13,116.0266,118.7333,2.706699999999998,4.47427293064877e-07,6.666666666666667e-05,1.0,0.0097847457627118,6,2.4
514,13,178.3482,179.2667,0.9184999999999944,0.0051758389261744,0.0226333333333333,0.5637583892617449,0.018954802259887,14,5.6
514,14,64.6309,66.7333,2.102400000000003,1.3422818791946309e-06,0.0001,1.0,0.0145338983050847,3,1.2
514,14,182.0769,183.5333,1.456400000000002,0.001445413870246,0.0166333333333333,0.9194630872483222,0.0242700564971751,15,6.0
514,14,269.6657,270.5,0.8342999999999847,0.0009407158836689,0.0083,0.959731543624161,0.0095,4,1.6
514,16,133.0852,147.2333,14.148100000000028,0.0026782997762863,0.0329333333333333,0.8389261744966443,0.0355,1,0.4
514,17,139.7509,141.2333,1.4824000000000126,6.935123042505593e-06,0.0001666666666666,1.0,0.0106180790960451,2,0.8
514,17,141.8342,144.4667,2.632499999999993,0.0018664429530201,0.0209666666666666,0.8926174496644296,0.0172604519774011,2,0.8
515,0,118.9283,120.9333,2.0050000000000097,0.0009601789709172,0.0071666666666666,0.9865771812080536,0.0171271186440677,7,2.8
515,0,147.2688,154.1333,6.8644999999999925,0.0,0.0,1.0,0.0154214689265536,0,0.0
515,0,229.3214,231.0667,1.745299999999986,1.3422818791946309e-06,3.3333333333333335e-05,1.0,0.0260112994350282,10,4.0
515,0,277.4545,281.8,4.345500000000016,2.237136465324385e-07,3.3333333333333335e-05,1.0,0.0076468926553672,3,1.2
515,0,332.4663,333.7,1.233699999999999,0.0022872483221476,0.0103666666666666,0.9261744966442952,0.0181112994350282,10,4.0
515,2,5.2487,6.5333,1.2845999999999993,9.843400447427292e-06,0.0001666666666666,1.0,0.0143615819209039,5,2.0
515,2,333.134,334.4333,1.2992999999999597,1.364653243847875e-05,0.0002666666666666,1.0,0.0154225988700564,9,3.6
515,6,268.1742,269.1,0.925800000000038,9.843400447427295e-06,0.0001333333333333,1.0,0.0243062146892655,12,4.8
515,7,215.2136,216.4667,1.2530999999999892,0.0041516778523489,0.0175333333333333,0.6442953020134228,0.0162112994350282,11,4.4
515,9,293.697,296.9667,3.2697000000000003,1.5212527964205818e-05,0.0003,1.0,0.0131367231638418,0,0.0
515,10,125.8326,127.3333,1.5006999999999948,0.0034085011185682,0.0217,0.7919463087248322,0.0249949152542372,8,3.2
515,10,251.3314,252.6667,1.3352999999999895,4.47427293064877e-07,3.3333333333333335e-05,1.0,0.0071276836158192,0,0.0
515,11,85.3774,87.6667,2.2893000000000114,0.005486577181208,0.0291666666666666,0.5771812080536913,0.0236327683615819,14,5.6
515,11,317.3602,321.2,3.839799999999968,0.0,0.0,1.0,0.0192796610169491,7,2.8
515,12,240.7643,241.7,0.9356999999999972,0.0,0.0,1.0,0.0101310734463276,7,2.8
515,12,267.7066,269.0,1.2934000000000196,0.0010709172259507,0.008,0.959731543624161,0.0107112994350282,3,1.2
515,12,302.1136,303.2667,1.153099999999995,0.0025447427293064,0.0144333333333333,0.7718120805369127,0.0131497175141242,0,0.0
515,13,247.6743,248.4333,0.7590000000000146,0.0,0.0,1.0,0.0071039548022598,1,0.4
515,13,281.3837,297.3333,15.949600000000032,0.0017997762863534,0.0103666666666666,0.8791946308724832,0.0227248587570621,5,2.0
515,14,256.5403,259.4,2.8596999999999757,0.0,0.0,1.0,0.0113401129943502,0,0.0
515,14,333.7268,350.9,17.17319999999995,0.0,0.0,1.0,0.0140175141242937,0,0.0
515,15,34.1973,36.4333,2.236000000000004,0.0115492170022371,0.0498333333333333,0.2684563758389262,0.0118536723163841,1,0.4
515,15,117.1802,126.4667,9.286500000000004,0.0130973154362416,0.0681,0.2751677852348993,0.020754802259887,0,0.0
515,16,290.1241,292.7667,2.642600000000016,0.0036492170022371,0.0116666666666666,0.6375838926174496,0.0145536723163841,1,0.4
515,16,324.6592,325.3667,0.7074999999999818,0.0001145413870246,0.0122,0.9932885906040269,0.0126474576271186,5,2.0
515,17,333.358,334.3667,1.0086999999999762,2.237136465324385e-07,3.3333333333333335e-05,1.0,0.0088694915254237,10,4.0
515,18,130.2336,131.8667,1.633100000000013,0.0016127516778523,0.0097,0.953020134228188,0.0111152542372881,7,2.8
515,19,204.827,206.5,1.6730000000000018,0.0019997762863534,0.0069666666666666,0.906040268456376,0.0104231638418079,9,3.6
515,19,343.3438,344.4667,1.1229000000000156,0.0018581655480984,0.0081666666666666,0.9261744966442952,0.0152005649717514,1,0.4
516,1,121.1376,122.9667,1.8290999999999968,0.0085747203579418,0.0413333333333333,0.610738255033557,0.0171344632768361,17,6.8
516,1,159.0899,162.7,3.610099999999989,6.353467561521253e-05,0.0006666666666666,1.0,0.0062847457627118,5,2.0
516,1,175.6407,178.7667,3.1259999999999764,0.0150870246085011,0.0351,0.1543624161073825,0.0169152542372881,3,1.2
516,1,257.614,260.9,3.2860000000000014,4.876957494407159e-05,0.0004,1.0,0.0307186440677966,9,3.6
516,1,324.5476,326.3667,1.819099999999992,0.0058986577181208,0.02,0.5234899328859061,0.0233271186440677,5,2.0
516,2,73.37,74.8667,1.49669999999999,0.0,0.0,1.0,0.0020593220338983,2,0.8
516,2,96.9553,100.5,3.544700000000006,2.237136465324385e-06,6.666666666666667e-05,1.0,0.0118163841807909,1,0.4
516,2,119.4617,130.9,11.438300000000012,0.0012608501118568,0.0260333333333333,0.912751677852349,0.014967231638418,0,0.0
516,2,152.4958,158.5333,6.037499999999994,0.0022718120805369,0.0096,0.8859060402684564,0.0087344632768361,2,0.8
516,3,78.5733,81.8667,3.2933999999999912,0.0109270693512304,0.0561,0.4161073825503356,0.0517514124293785,16,6.4
516,3,342.8699,348.5,5.630100000000027,0.000279418344519,0.0105666666666666,0.9731543624161074,0.0263338983050847,14,5.6
516,4,73.2141,76.1,2.8858999999999924,0.000341610738255,0.0061,0.9798657718120806,0.0250542372881355,9,3.6
516,4,90.2762,95.0,4.723799999999997,4.47427293064877e-07,3.3333333333333335e-05,1.0,0.0168949152542372,3,1.2
516,4,104.7109,107.8,3.089100000000002,0.0115767337807606,0.0827666666666666,0.2885906040268456,0.0138915254237288,4,1.6
516,4,186.0328,191.1667,5.133899999999983,0.0009302013422818,0.0161,0.9194630872483222,0.055564406779661,12,4.8
516,4,320.5496,323.2,2.6503999999999905,8.948545861297539e-07,6.666666666666667e-05,1.0,5.649717514124295e-07,0,0.0
516,4,344.0478,345.7667,1.7189000000000192,2.6845637583892617e-06,0.0001333333333333,1.0,0.0130265536723163,3,1.2
516,5,61.8516,67.9,6.048400000000008,1.3422818791946309e-06,3.3333333333333335e-05,1.0,0.0279666666666666,11,4.4
516,5,88.4559,89.9333,1.477400000000003,0.0069814317673378,0.0254666666666666,0.5167785234899329,0.0219146892655367,9,3.6
516,5,204.2364,209.1,4.863599999999991,8.948545861297539e-07,3.3333333333333335e-05,1.0,0.0360231638418079,15,6.0
516,5,259.4754,265.6,6.124600000000044,3.131991051454139e-06,0.0001333333333333,1.0,0.0115,5,2.0
516,6,236.0842,241.5333,5.449099999999987,0.0,0.0,1.0,0.0123209039548022,0,0.0
516,6,259.5879,264.3,4.712100000000021,0.0,0.0,1.0,0.0083988700564971,0,0.0
516,6,297.0349,299.6,2.565100000000029,2.237136465324385e-07,3.3333333333333335e-05,1.0,0.010593220338983,1,0.4
516,7,34.2164,36.0667,1.8502999999999967,0.0,0.0,1.0,0.0120016949152542,0,0.0
516,7,129.4555,131.3333,1.877800000000008,0.0,0.0,1.0,0.0113536723163841,2,0.8
516,7,295.5261,299.8333,4.307200000000023,0.0,0.0,1.0,0.0172056497175141,4,1.6
516,8,68.0177,73.4667,5.448999999999998,0.0042259507829977,0.0279333333333333,0.6510067114093959,0.0154700564971751,4,1.6
516,8,252.9104,259.0333,6.122899999999987,0.0072228187919463,0.0302333333333333,0.4496644295302013,0.0098892655367231,3,1.2
516,9,125.8389,128.7667,2.92779999999999,0.0018429530201342,0.0193666666666666,0.8590604026845637,0.0183734463276836,11,4.4
516,9,193.7544,196.6333,2.878899999999988,0.0004977628635346,0.0087333333333333,0.9664429530201344,0.0079090395480226,6,2.4
516,12,118.5958,119.1,0.5041999999999973,0.0073456375838926,0.0164,0.3691275167785235,0.0096079096045197,2,0.8
517,0,249.0802,250.9333,1.853100000000012,0.0023680089485458,0.0189333333333333,0.8053691275167785,0.0180700564971751,6,2.4
517,1,24.9518,29.3667,4.414900000000003,2.6845637583892617e-06,3.3333333333333335e-05,1.0,0.0197598870056497,11,4.4
517,1,214.3424,217.5667,3.2242999999999995,3.355704697986578e-06,6.666666666666667e-05,1.0,0.0134429378531073,1,0.4
517,1,238.1477,241.6667,3.519000000000005,0.001421029082774,0.0157,0.9194630872483222,0.0158700564971751,6,2.4
517,2,36.9911,40.2,3.2089,0.0022096196868008,0.0096333333333333,0.9395973154362416,0.0202033898305084,12,4.8
517,3,192.0116,195.1667,3.1551000000000045,1.9463087248322143e-05,0.0007333333333333,1.0,0.0167440677966101,3,1.2
517,4,259.5403,270.8667,11.326399999999978,2.9977628635346755e-05,0.0004333333333333,1.0,0.0174819209039548,1,0.4
517,12,63.4994,67.8333,4.333899999999993,0.0001295302013422,0.0032,1.0,0.0255892655367231,9,3.6
517,13,288.9273,291.2333,2.305999999999983,0.0008252796420581,0.0156333333333333,0.9261744966442952,0.0153056497175141,12,4.8
517,14,14.0162,28.9667,14.9505,0.003362639821029,0.0524,0.8523489932885906,0.0092915254237288,0,0.0
517,14,31.9558,33.7333,1.7775,0.0060926174496644,0.0293666666666666,0.5302013422818792,0.0204395480225988,9,3.6
517,14,313.6429,317.3667,3.723799999999983,1.45413870246085e-05,0.0003666666666666,1.0,0.0184322033898305,5,2.0
517,15,42.3829,45.0333,2.6503999999999976,0.0045131991051454,0.0351666666666666,0.7718120805369127,0.0051887005649717,1,0.4
517,15,102.6949,112.6333,9.9384,0.0239425055928411,0.1052666666666666,0.2147651006711409,0.0152355932203389,2,0.8
517,15,287.2753,288.3,1.0246999999999955,0.0015161073825503,0.0248333333333333,0.9194630872483222,0.0209016949152542,10,4.0
517,15,305.7779,308.0667,2.288800000000037,0.0199908277404921,0.0436666666666666,0.0268456375838926,0.0151474576271186,7,2.8
517,15,351.1562,355.6667,4.510499999999979,0.0044053691275167,0.0129,0.6174496644295302,0.0412158192090395,1,0.4
517,16,282.3788,284.1,1.7212000000000105,0.0,0.0,1.0,0.0076525423728813,1,0.4
517,17,201.6612,203.7333,2.072100000000006,0.0130733780760626,0.0380666666666666,0.1812080536912751,0.0384943502824858,14,5.6
517,18,124.2266,126.7333,2.506699999999995,0.0104127516778523,0.0419666666666666,0.4429530201342282,0.0149080459770114,10,4.0
517,18,283.3246,285.5667,2.2421000000000504,0.0130563758389261,0.0313333333333333,0.1812080536912751,0.0211214689265536,5,2.0
517,18,347.8203,349.1667,1.346400000000017,0.0022762863534675,0.0085,0.9463087248322148,0.0111305084745762,6,2.4
517,19,69.2486,69.7333,0.4847000000000037,0.0052116331096196,0.0163,0.4697986577181208,0.0166853107344632,6,2.4
517,19,202.0318,203.0333,1.001499999999993,2.1700223713646528e-05,0.0012333333333333,1.0,0.0118593220338983,3,1.2
517,20,30.5036,33.2333,2.729700000000001,0.0037577181208053,0.0198333333333333,0.6644295302013423,0.0098079096045197,9,3.6
517,20,200.393,206.6667,6.273699999999991,6.04026845637584e-06,0.0001,1.0,0.0089333333333333,0,0.0
517,28,302.0564,306.7,4.643599999999992,0.0020458612975391,0.0241333333333333,0.87248322147651,0.0095587570621468,1,0.4
517,29,275.3255,321.0667,45.74120000000005,0.0041854586129753,0.0294666666666666,0.7449664429530202,0.012402824858757,6,2.4
517,30,28.2251,30.8333,2.6082,0.0035429530201342,0.0184333333333333,0.7516778523489933,0.0417531073446327,14,5.6
517,30,296.1234,300.0333,3.909899999999993,0.0027917225950783,0.0194,0.8389261744966443,0.0244344632768361,5,2.0
517,31,201.3814,203.0667,1.6852999999999838,0.0003360178970917,0.0023333333333333,1.0,0.0110225988700564,4,1.6
517,32,32.4871,33.9333,1.4462000000000046,5.369127516778524e-06,0.0001,1.0,0.0158881355932203,6,2.4
517,32,357.9486,359.5,1.551400000000001,0.0001279642058165,0.0037,1.0,0.0240571428571428,0,0.0
517,38,29.8765,37.2667,7.3902,0.0087953020134228,0.0206,0.2751677852348993,0.0188361581920903,3,1.2
517,38,118.0545,119.5333,1.4787999999999926,3.5794183445190146e-05,0.0021666666666666,1.0,0.0075853107344632,5,2.0
517,44,163.0172,167.1,4.082799999999992,0.0001552572706935,0.0075666666666666,0.9865771812080536,0.007031638418079,4,1.6
517,44,298.5428,301.1667,2.623899999999992,0.001648769574944,0.0144666666666666,0.9194630872483222,0.0050497175141242,7,2.8
517,45,173.6682,174.3333,0.6650999999999954,0.014186577181208,0.0436666666666666,0.1208053691275167,0.017893220338983,9,3.6
517,45,316.2071,332.8333,16.626199999999983,0.0077718120805369,0.0367666666666666,0.436241610738255,0.0194683615819209,6,2.4
517,46,16.2323,19.0667,2.8344000000000023,0.0237275167785234,0.0496666666666666,0.0134228187919463,0.0270429378531073,3,1.2
517,47,124.6025,126.6667,2.0642,0.0033749440715883,0.0138,0.7516778523489933,0.0245425287356321,2,0.8
517,47,258.4134,259.4667,1.0532999999999788,0.0195841163310961,0.0852333333333333,0.1812080536912751,0.0134180790960451,5,2.0
517,47,321.5106,322.1333,0.6227000000000089,0.0176389261744966,0.0508,0.0805369127516778,0.0275774011299435,2,0.8
517,57,310.9381,312.5,1.56189999999998,0.0018677852348993,0.0314333333333333,0.9261744966442952,0.0263858757062146,8,3.2
517,58,146.7262,149.9,3.1738,0.0077957494407158,0.0231333333333333,0.4026845637583892,0.0423841807909604,10,4.0
517,58,189.0756,205.3333,16.2577,0.0107205816554809,0.0253666666666666,0.261744966442953,0.0247774011299435,1,0.4
517,60,120.5843,122.3,1.7156999999999982,0.0062501118568232,0.0243666666666666,0.5570469798657718,0.0272062146892655,10,4.0
517,60,125.8819,127.9,2.018100000000004,0.0250689038031319,0.0593,0.087248322147651,0.0301197740112994,14,5.6
517,61,111.4721,155.8,44.327900000000014,0.0018393736017897,0.008,0.9395973154362416,0.013119209039548,6,2.4
517,61,280.2716,282.5667,2.295100000000048,4.317673378076063e-05,0.0004,1.0,0.0115090395480226,7,2.8
517,62,6.5155,11.3667,4.8512,0.0158897091722595,0.0510333333333333,0.2147651006711409,0.0108627118644067,4,1.6
517,62,251.8046,253.7333,1.9287000000000205,0.0032756152125279,0.0136666666666666,0.7181208053691275,0.0157225988700565,9,3.6
517,63,66.1481,74.6333,8.485200000000006,0.0010671140939597,0.0069,0.9865771812080536,0.0135915254237288,7,2.8
517,63,177.6881,179.9667,2.2786000000000115,0.0008172259507829,0.0073333333333333,0.959731543624161,0.0144237288135593,2,0.8
517,63,208.4102,213.0333,4.623099999999994,0.0075212527964205,0.0227333333333333,0.3624161073825503,0.020883615819209,6,2.4
517,78,297.0899,298.5667,1.4768000000000256,0.003503803131991,0.0232333333333333,0.7315436241610739,0.0084372881355932,5,2.0
517,79,35.5456,36.8,1.2543999999999969,0.0038715883668903,0.0122,0.5771812080536913,0.0164915254237288,2,0.8
517,79,354.1828,355.3667,1.1838999999999942,0.0047653243847874,0.0297,0.6577181208053692,0.0164005649717514,4,1.6
517,81,157.2773,158.7333,1.4560000000000173,0.001131096196868,0.0063666666666666,0.9865771812080536,0.0174508474576271,8,3.2
517,81,286.4372,287.8667,1.4294999999999618,0.0003413870246085,0.0025666666666666,1.0,0.0136971751412429,10,4.0
517,82,189.0944,190.0667,0.97229999999999,1.4988814317673376e-05,0.0006333333333333,1.0,0.005276836158192,4,1.6
517,82,355.1804,355.9,0.7195999999999572,1.2975391498881432e-05,0.0003,1.0,0.0109824858757062,0,0.0
517,84,91.6585,92.7667,1.1081999999999963,2.460850111856824e-06,3.3333333333333335e-05,1.0,0.0124209039548022,10,4.0
517,84,185.361,186.1667,0.8057000000000016,4.697986577181209e-06,3.3333333333333335e-05,1.0,0.0082847457627118,0,0.0
517,85,173.8764,175.0,1.1236000000000104,0.0012351230425055,0.0051333333333333,0.9932885906040269,0.0148937853107344,1,0.4
517,86,216.2816,222.5667,6.2851,0.0001192393736017,0.0012,1.0,0.0114706214689265,5,2.0
517,86,284.8853,300.8333,15.948000000000036,0.0037154362416107,0.0093333333333333,0.7516778523489933,0.0195536723163841,11,4.4
517,86,311.172,314.1333,2.9612999999999943,0.0064006711409395,0.0170666666666666,0.4093959731543624,0.0228429378531073,10,4.0
517,87,336.0232,340.1667,4.143500000000017,0.0074986577181208,0.0291666666666666,0.4496644295302013,0.0232045197740113,8,3.2
517,89,148.7214,155.9,7.178600000000017,0.0,0.0,1.0,0.0339299435028248,5,2.0
517,90,64.8885,69.3667,4.478200000000001,0.0024024608501118,0.0108,0.8926174496644296,0.0460446327683615,12,4.8
517,90,65.8601,69.3667,3.506599999999992,0.0028771812080536,0.0300333333333333,0.8859060402684564,0.0460446327683615,12,4.8
517,90,104.0446,108.8,4.7553999999999945,0.0253152125279642,0.0589,0.0134228187919463,0.0159610169491525,3,1.2
517,90,242.0795,242.7667,0.68719999999999,0.0007888143176733,0.0033333333333333,1.0,0.0229570621468926,0,0.0
517,90,263.233,265.4,2.166999999999973,0.0022812080536912,0.0078,0.87248322147651,0.0208197740112994,8,3.2
517,92,209.6147,211.8333,2.218600000000009,0.0010123042505592,0.0105333333333333,0.9664429530201344,0.0302988700564971,8,3.2
517,93,59.0756,63.0,3.924399999999999,0.0037131991051454,0.0295666666666666,0.7516778523489933,0.0345937853107344,12,4.8
517,94,21.3542,24.1333,2.7791,0.0,0.0,1.0,0.0105418079096045,0,0.0
517,94,100.1869,105.6333,5.446400000000011,0.0,0.0,1.0,0.0058977401129943,0,0.0
517,94,188.8198,192.6333,3.8135000000000048,0.0,0.0,1.0,0.015176836158192,0,0.0
517,94,220.8154,242.6667,21.85129999999998,0.0,0.0,1.0,0.0074248587570621,1,0.4
517,94,319.8328,321.8,1.9671999999999912,0.0015610738255033,0.0129666666666666,0.9261744966442952,0.009593220338983,8,3.2
517,95,116.5582,123.1,6.541799999999995,0.0186612975391498,0.0795,0.3087248322147651,0.0150774011299435,3,1.2
517,95,137.3894,140.0,2.610600000000005,0.0234803131991051,0.0716333333333333,0.2281879194630872,0.0392887005649717,5,2.0
517,95,343.4102,347.0667,3.656500000000051,0.0031250559284116,0.0159333333333333,0.8120805369127517,0.0164,11,4.4
517,96,9.6414,11.3667,1.725299999999999,0.003765548098434,0.0178333333333333,0.7785234899328859,0.016522033898305,12,4.8
517,96,208.765,210.0667,1.301700000000011,0.0013053691275167,0.0063666666666666,0.9798657718120806,0.0168604519774011,3,1.2
517,97,179.2537,180.8333,1.5795999999999992,2.7069351230425052e-05,0.0006333333333333,1.0,0.0171949152542372,5,2.0
517,97,231.3423,233.0,1.6577000000000055,0.00025548098434,0.0041333333333333,1.0,0.011402824858757,8,3.2
517,98,135.2859,137.1333,1.8473999999999933,1.56599552572707e-05,0.0002,1.0,0.0088711864406779,3,1.2
517,105,256.1188,257.2333,1.114499999999964,0.0075098434004474,0.0316,0.3154362416107382,0.0296378531073446,10,4.0
517,106,171.321,174.5333,3.212299999999999,9.619686800894858e-06,0.0001333333333333,1.0,0.0148282485875706,8,3.2
517,106,226.5221,228.3333,1.8112000000000137,0.0073570469798657,0.0311,0.3892617449664429,0.0235079096045197,7,2.8
517,108,77.1046,85.9,8.7954,0.0,0.0,1.0,0.0104954802259887,2,0.8
517,110,158.4186,182.4333,24.014700000000005,0.0060297539149888,0.0332,0.610738255033557,0.0209169491525423,0,0.0
517,111,202.6669,204.0667,1.399799999999999,0.0063257270693512,0.0290333333333333,0.5637583892617449,0.023564406779661,1,0.4
517,111,233.3645,250.6667,17.3022,0.0086295302013422,0.0325333333333333,0.4026845637583892,0.0110435028248587,2,0.8
517,112,171.7833,173.2,1.4166999999999916,1.0961968680089486e-05,0.0001333333333333,1.0,0.0085717514124293,4,1.6
517,112,328.6431,329.7667,1.1236000000000104,7.829977628635348e-06,6.666666666666667e-05,1.0,0.0104435028248587,6,2.4
517,114,140.2484,141.7333,1.4849000000000103,1.5212527964205818e-05,0.0005333333333333,1.0,0.0235073446327683,8,3.2
517,114,171.315,174.4,3.085000000000008,0.00221096196868,0.0403666666666666,0.8993288590604027,0.014609604519774,0,0.0
517,114,179.1549,180.4333,1.2784000000000049,0.0136463087248322,0.0351666666666666,0.0604026845637583,0.039138418079096,0,0.0
517,115,82.9509,84.5,1.5490999999999957,0.0161778523489932,0.0430666666666666,0.1006711409395973,0.0077870056497175,2,0.8
517,115,179.1661,179.8333,0.6672000000000082,0.0080096196868008,0.0387333333333333,0.4496644295302013,0.0207559322033898,5,2.0
517,116,189.4235,193.9667,4.543200000000013,0.0,0.0,1.0,0.0156446327683615,3,1.2
517,116,254.7093,256.8333,2.1239999999999952,0.0019308724832214,0.0046333333333333,1.0,0.0277988700564971,5,2.0
517,117,79.9385,85.8,5.861499999999992,0.0210140939597315,0.0858666666666666,0.1342281879194631,0.0129683615819209,0,0.0
517,117,151.1193,152.1,0.9806999999999846,0.0169816554809843,0.0595333333333333,0.0335570469798657,0.0433954802259887,10,4.0
517,117,224.586,227.2667,2.680699999999973,0.0211456375838926,0.0755,0.087248322147651,0.0105011299435028,6,2.4
517,117,279.4449,280.1667,0.7217999999999734,0.0,0.0,1.0,0.025731638418079,0,0.0
517,118,22.465,23.5667,1.101700000000001,0.0285313199105145,0.0503333333333333,0.0,0.0398610169491525,10,4.0
517,118,168.3127,170.1333,1.820599999999985,0.0152973154362416,0.0394666666666666,0.0805369127516778,0.0350621468926553,8,3.2
517,118,309.0508,310.4,1.3491999999999962,0.0,0.0,1.0,0.0172604519774011,5,2.0
517,119,0.4742,1.6,1.1258,0.028234899328859,0.1316666666666666,0.0604026845637583,0.031809604519774,0,0.0
517,119,15.4778,19.6667,4.188899999999999,0.020044966442953,0.0692,0.0268456375838926,0.0212564971751412,0,0.0
517,119,128.0228,137.7,9.6772,0.0168022371364653,0.0687333333333333,0.2281879194630872,0.0210135593220338,0,0.0
517,119,201.6208,206.7667,5.145899999999983,0.0,0.0,1.0,0.0163406779661016,3,1.2
517,119,279.6334,282.0667,2.433300000000031,0.0,0.0,1.0,0.0164983050847457,4,1.6
517,119,331.2092,332.3333,1.1240999999999983,0.011807158836689,0.0466,0.2550335570469799,0.0193056497175141,0,0.0
517,120,18.359,19.4667,1.1076999999999977,0.009531096196868,0.0249333333333333,0.2751677852348993,0.0161683615819209,4,1.6
517,120,299.1443,299.9,0.7556999999999903,0.0,0.0,1.0,0.0119954802259887,0,0.0
517,121,2.8289,4.3667,1.5377999999999998,0.0023366890380313,0.0344666666666666,0.8791946308724832,0.0149615819209039,3,1.2
517,121,302.6922,304.4667,1.774499999999989,0.0,0.0,1.0,0.0166079096045197,0,0.0
517,122,14.0444,15.5,1.4556000000000004,0.0027639821029082,0.0133,0.8322147651006712,0.0192734463276836,1,0.4
517,122,27.0098,28.5667,1.5569000000000024,0.0156577181208053,0.0540666666666666,0.1275167785234899,0.0219310734463276,5,2.0
517,122,113.5703,115.1667,1.5964000000000027,0.0123836689038031,0.0652666666666666,0.4093959731543624,0.0217638418079096,11,4.4
517,122,199.0824,200.6333,1.5508999999999844,0.0009116331096196,0.0039666666666666,1.0,0.0187841807909604,3,1.2
517,122,260.6321,263.7,3.0679000000000087,0.0,0.0,1.0,0.0048175141242937,0,0.0
517,122,355.2362,357.0667,1.830500000000029,0.0,0.0,1.0,0.0062666666666666,0,0.0
517,123,46.5101,47.5,0.9898999999999988,0.0,0.0,1.0,0.0054491525423728,0,0.0
517,123,106.2246,113.6667,7.442100000000011,0.0013498881431767,0.0316333333333333,0.906040268456376,0.0191564971751412,7,2.8
517,123,136.2886,138.1,1.811399999999992,0.0120816554809843,0.0338,0.2214765100671141,0.0263559322033898,7,2.8
517,123,240.9832,241.8,0.8168000000000006,0.0012136465324384,0.0087,0.9664429530201344,0.0146084745762711,0,0.0
517,123,287.8948,289.1667,1.2719000000000165,0.007662192393736,0.0372333333333333,0.5302013422818792,0.0174457627118644,6,2.4
517,124,10.7258,14.7,3.9742,0.0038890380313199,0.0145,0.6845637583892618,0.0407983050847457,10,4.0
517,124,48.8378,49.9667,1.1289000000000016,0.0038897091722595,0.0386666666666666,0.8389261744966443,0.0265864406779661,3,1.2
517,124,95.4412,97.3667,1.9254999999999995,0.0041617449664429,0.0103666666666666,0.6375838926174496,0.0124118644067796,8,3.2
517,124,217.5331,219.0667,1.533600000000007,0.0051995525727069,0.0178666666666666,0.5637583892617449,0.0109435028248587,8,3.2
517,125,46.4786,47.8667,1.3881000000000014,0.0,0.0,1.0,0.0121661016949152,0,0.0
517,125,57.4549,58.2333,0.7783999999999978,0.0051503355704697,0.0288666666666666,0.6308724832214765,0.0205423728813559,5,2.0
517,125,188.6538,195.4667,6.812900000000013,0.0,0.0,1.0,0.0080084745762711,9,3.6
517,125,200.8067,204.5667,3.759999999999991,0.0104427293064876,0.0401666666666666,0.3557046979865771,0.0137915254237288,9,3.6
517,125,257.4136,259.9667,2.553100000000029,0.0033782997762863,0.0187666666666666,0.8120805369127517,0.0112519774011299,1,0.4
517,126,24.9882,26.4,1.4117999999999995,0.0054418344519015,0.0241,0.5637583892617449,0.0108141242937853,10,4.0
517,126,60.6592,62.5667,1.9074999999999989,0.0100843400447427,0.0541,0.261744966442953,0.0149254237288135,1,0.4
517,126,66.7035,68.2667,1.5631999999999948,0.0194044742729306,0.0504666666666666,0.1208053691275167,0.0233723163841807,13,5.2
517,126,143.9786,144.4333,0.4547000000000025,0.0035930648769574,0.0117,0.7315436241610739,0.0101999999999999,3,1.2
517,126,230.5982,249.2333,18.635100000000023,0.0120677852348993,0.0372333333333333,0.3422818791946309,0.0051,1,0.4
517,126,334.8757,336.3667,1.4909999999999854,0.0008995525727069,0.0057,0.9865771812080536,0.0037762711864406,1,0.4
517,127,106.8344,108.2,1.3656000000000006,4.47427293064877e-07,3.3333333333333335e-05,1.0,0.0113175141242937,8,3.2
517,128,90.143,91.4,1.257000000000005,0.0007228187919463,0.0073,0.9798657718120806,0.0067920903954802,6,2.4
517,128,202.3877,204.8,2.412300000000016,0.0062492170022371,0.0180333333333333,0.4496644295302013,0.0264322033898305,0,0.0
517,129,59.6295,61.4333,1.8038000000000023,6.487695749440716e-06,0.0001,1.0,0.0193062146892655,1,0.4
517,129,227.9385,228.8,0.8615000000000066,4.921700223713648e-06,0.0001,1.0,0.0106700564971751,2,0.8
517,129,256.0029,258.3667,2.3637999999999693,0.0054872483221476,0.0242,0.5100671140939598,0.0218084745762711,15,6.0
517,129,285.8323,287.4333,1.600999999999999,0.0107991051454138,0.0396666666666666,0.3020134228187919,0.0078491525423728,3,1.2
517,130,40.3786,44.3,3.9213999999999984,0.0008744966442953,0.0037333333333333,1.0,0.003876836158192,1,0.4
517,131,42.2881,43.7667,1.4786,0.0021689038031319,0.0102666666666666,0.8926174496644296,0.0184225988700564,7,2.8
517,131,255.9299,256.8667,0.9367999999999768,1.3422818791946309e-06,0.0001666666666666,1.0,0.0192186440677966,0,0.0
517,136,176.6026,177.6667,1.0640999999999965,0.0020780760626398,0.0212,0.8657718120805369,0.0338559322033898,12,4.8
517,137,305.5477,308.2333,2.6855999999999653,0.0011796420581655,0.01,0.953020134228188,0.0157751412429378,0,0.0
517,138,111.1331,111.9333,0.8002000000000038,1.7897091722595078e-06,6.666666666666667e-05,1.0,0.0079502824858757,2,0.8
517,138,266.4281,267.7,1.2719000000000165,0.0019017897091722,0.0103,0.8859060402684564,0.0130796610169491,6,2.4
517,138,299.9464,301.8333,1.8869000000000256,0.0017409395973154,0.0056333333333333,0.9865771812080536,0.0236056497175141,9,3.6
517,139,174.8867,176.2,1.313299999999998,0.003417673378076,0.0307666666666666,0.8456375838926175,0.0171824858757062,14,5.6
517,139,185.7677,186.7333,0.9656000000000232,0.0025733780760626,0.0133666666666666,0.8657718120805369,0.0191141242937853,1,0.4
517,140,138.0316,138.5333,0.5016999999999996,8.94854586129754e-06,0.0001333333333333,1.0,0.0202915254237288,3,1.2
517,141,81.7122,84.1333,2.42110000000001,0.0017776286353467,0.023,0.8523489932885906,0.0229926553672316,18,7.2
517,141,251.3254,252.0667,0.7412999999999954,0.0023445190156599,0.0136333333333333,0.8657718120805369,0.0101531073446327,7,2.8
517,143,207.9939,210.4667,2.4728000000000065,3.8031319910514536e-06,0.0003,1.0,0.0124067796610169,8,3.2
517,143,280.224,282.1333,1.9093000000000304,0.0070753914988814,0.0287,0.5100671140939598,0.0208711864406779,10,4.0
517,144,94.5077,95.7,1.192300000000003,2.61744966442953e-05,0.0005333333333333,1.0,0.0160254237288135,1,0.4
517,157,222.6832,224.2333,1.550100000000015,1.3870246085011188e-05,0.0004333333333333,1.0,0.0091039548022598,4,1.6
517,159,39.2076,42.3333,3.125700000000002,0.0091116331096196,0.0232,0.2684563758389262,0.0172389830508474,5,2.0
517,159,148.3311,149.4,1.0689000000000135,0.0085619686800894,0.0188666666666666,0.1946308724832214,0.0313118644067796,1,0.4
517,160,241.0922,241.8667,0.7745000000000175,1.946308724832215e-05,0.0001333333333333,1.0,0.012438418079096,12,4.8
517,160,329.3345,332.6667,3.3322000000000003,2.460850111856824e-06,0.0001,1.0,0.0097779661016949,4,1.6
517,161,118.3197,158.0,39.6803,8.098434004474274e-05,0.0013333333333333,1.0,0.0012525423728813,1,0.4
517,162,97.5389,102.1333,4.594400000000007,1.3646532438478746e-05,0.0001333333333333,1.0,0.0219463276836158,4,1.6
517,162,193.7407,195.1667,1.4259999999999875,0.0079868008948545,0.0324333333333333,0.348993288590604,0.0348519774011299,19,7.6
517,163,254.0528,255.6667,1.613900000000001,0.0060581655480984,0.0177333333333333,0.4630872483221476,0.0262282485875706,15,6.0
517,163,256.811,258.4333,1.6222999999999956,0.0134894854586129,0.0561,0.3422818791946309,0.0397079096045197,15,6.0
517,163,339.1374,340.5,1.3625999999999865,0.0016787472035794,0.0077,0.9865771812080536,0.0096073446327683,8,3.2
517,164,200.6719,201.8333,1.1614000000000146,0.0013776286353467,0.0120333333333333,0.8926174496644296,0.0081711864406779,6,2.4
517,164,352.1188,354.2667,2.147899999999993,0.0006747203579418,0.0096666666666666,0.9194630872483222,0.0120350282485875,3,1.2
517,165,137.7595,138.7333,0.9738000000000112,0.0003129753914988,0.0098,0.9865771812080536,0.0132757062146892,9,3.6
517,166,145.0713,146.4667,1.395399999999995,1.2975391498881432e-05,6.666666666666667e-05,1.0,0.0043141242937853,9,3.6
517,167,274.3884,274.8667,0.4782999999999902,0.0001335570469798,0.0019666666666666,1.0,0.0153689265536723,7,2.8
517,169,190.5062,191.4,0.8937999999999988,3.31096196868009e-05,0.0006333333333333,1.0,0.0157536723163841,4,1.6
517,170,161.9672,162.7333,0.7661000000000229,0.0009040268456375,0.0099333333333333,0.953020134228188,0.016722033898305,13,5.2
517,170,276.9272,278.2333,1.306099999999958,0.0006223713646532,0.0038333333333333,1.0,0.0168683615819209,10,4.0
517,171,122.691,130.2,7.508999999999986,0.0042418344519015,0.02,0.6778523489932886,0.0108536723163841,8,3.2
517,173,52.9387,53.3333,0.394600000000004,0.0036404921700223,0.0130333333333333,0.7651006711409396,0.012631638418079,0,0.0
517,174,58.663,60.3,1.6370000000000005,0.004889932885906,0.0299333333333333,0.6577181208053692,0.0159677966101694,2,0.8
517,174,313.5897,315.5,1.9103000000000063,0.000448769574944,0.0021333333333333,1.0,0.0119118644067796,6,2.4
517,175,35.5433,37.4667,1.9234000000000009,0.0016988814317673,0.0071666666666666,0.9395973154362416,0.005076836158192,1,0.4
517,176,222.3919,223.6667,1.274799999999999,0.0017302013422818,0.0112,0.8389261744966443,0.0384090395480226,11,4.4
517,177,102.8194,103.5,0.6805999999999983,0.0002926174496644,0.0067333333333333,0.9798657718120806,0.0136293785310734,6,2.4
517,177,271.5917,272.5,0.908299999999997,0.0006373601789709,0.0088,0.9395973154362416,0.0164598870056497,11,4.4
517,177,310.0108,310.6333,0.6225000000000023,0.0027134228187919,0.0099333333333333,0.825503355704698,0.0181418079096045,2,0.8
517,178,91.9241,93.7667,1.8426000000000045,0.0021885906040268,0.0122,0.9261744966442952,0.0371841807909604,14,5.6
517,178,230.3049,232.1333,1.828399999999988,3.8031319910514553e-06,0.0001,1.0,0.0174954802259887,5,2.0
517,179,17.2456,18.5333,1.287700000000001,3.89261744966443e-05,0.0008,1.0,0.0130694915254237,4,1.6
517,179,147.3321,149.8667,2.534600000000012,2.5503355704697986e-05,0.0013666666666666,1.0,0.0312689265536723,12,4.8
517,179,305.5312,309.1333,3.602100000000007,0.0011527964205816,0.0057,0.9932885906040269,0.0107723163841807,0,0.0
517,180,75.2317,78.1,2.8682999999999907,0.0012076062639821,0.0047,1.0,0.0125514124293785,5,2.0
517,180,111.84,113.0667,1.226699999999994,0.0051527964205816,0.0384333333333333,0.7181208053691275,0.025931638418079,2,0.8
517,180,299.8002,302.8333,3.0330999999999904,3.914988814317674e-05,0.0012666666666666,1.0,0.0039203389830508,1,0.4
517,181,125.1269,131.0333,5.906399999999991,2.393736017897092e-05,0.0004,1.0,0.0117960451977401,8,3.2
517,181,281.8892,282.4333,0.5440999999999576,0.0001418344519015,0.0037666666666666,1.0,0.0130395480225988,6,2.4
517,190,147.0227,149.4,2.3773000000000195,0.0018565995525727,0.0169666666666666,0.87248322147651,0.0133819209039548,0,0.0
517,190,209.9191,211.9,1.98090000000002,0.0028078299776286,0.0099333333333333,0.8657718120805369,0.019202824858757,10,4.0
517,190,299.658,300.9667,1.3086999999999875,0.0013248322147651,0.0078333333333333,0.9731543624161074,0.0170389830508474,7,2.8
517,190,332.9647,333.8,0.8353000000000179,0.0017612975391498,0.0095333333333333,0.959731543624161,0.0247225988700564,19,7.6
517,191,118.6749,120.8333,2.1584000000000003,0.0012288590604026,0.0144666666666666,0.8859060402684564,0.0229638418079096,12,4.8
517,191,168.6126,170.1,1.487400000000008,0.0047977628635346,0.0189,0.610738255033557,0.0178909604519774,2,0.8
517,191,288.7818,294.1667,5.384900000000016,0.0016342281879194,0.0133,0.8926174496644296,0.0257796610169491,10,4.0
517,192,129.1234,130.7333,1.6099000000000103,0.0,0.0,1.0,0.0051717514124293,2,0.8
517,192,180.2968,183.3333,3.036500000000018,0.0018680089485458,0.0079,0.959731543624161,0.0057853107344632,0,0.0
517,192,245.6679,247.1,1.4320999999999913,0.001682774049217,0.0080666666666666,0.9664429530201344,0.0391090395480226,9,3.6
517,192,249.9636,255.2,5.236399999999975,0.0231789709172259,0.0617666666666666,0.2214765100671141,0.0276706214689265,8,3.2
517,193,24.6787,25.9333,1.2546,0.0037389261744966,0.0100333333333333,0.6375838926174496,0.0163265536723163,2,0.8
517,193,121.5676,123.3667,1.7990999999999957,4.47427293064877e-07,3.3333333333333335e-05,1.0,0.0103497175141242,4,1.6
517,193,204.0647,204.9667,0.9020000000000152,2.237136465324385e-07,3.3333333333333335e-05,1.0,0.0196937853107344,7,2.8
517,193,349.8853,352.0,2.114700000000028,2.6845637583892617e-06,3.3333333333333335e-05,1.0,0.0139175141242937,1,0.4
517,194,114.3182,115.1333,0.815100000000001,0.0037516778523489,0.0113333333333333,0.7516778523489933,0.0187338983050847,11,4.4
517,194,170.7246,171.9333,1.2086999999999932,0.0017436241610738,0.0124333333333333,0.959731543624161,0.0148581920903954,4,1.6
517,195,92.1112,92.9,0.788800000000009,0.0058740492170022,0.0612333333333333,0.8590604026845637,0.0088870056497175,3,1.2
517,195,265.0994,266.5333,1.4338999999999942,0.0062051454138702,0.0195666666666666,0.4765100671140939,0.0188457627118644,6,2.4
517,196,41.3851,43.7667,2.381599999999999,2.237136465324385e-07,3.3333333333333335e-05,1.0,0.021612429378531,0,0.0
517,196,86.2252,87.4333,1.2081000000000015,0.0033581655480984,0.0195333333333333,0.7248322147651006,0.0214474576271186,5,2.0
517,196,251.1907,253.2,2.009299999999996,6.711409395973154e-07,3.3333333333333335e-05,1.0,0.0109497175141242,0,0.0
517,196,314.2664,316.5333,2.266900000000021,0.0013807606263982,0.0126,0.8657718120805369,0.0201542372881355,17,6.8
518,0,279.1096,279.9667,0.8571000000000026,0.0138809843400447,0.0602666666666666,0.3288590604026846,0.0322141242937853,13,5.2
518,0,294.1552,295.1333,0.9781000000000404,0.018407158836689,0.0559333333333333,0.1677852348993288,0.0385237288135593,8,3.2
518,1,95.9259,98.3333,2.4073999999999955,0.0011577181208053,0.0238333333333333,0.9395973154362416,0.0118073446327683,4,1.6
518,1,136.6559,137.8,1.1441000000000088,0.0028975391498881,0.0108666666666666,0.8389261744966443,0.0168621468926553,4,1.6
518,1,194.9042,195.9333,1.0290999999999997,0.0033152125279642,0.0368666666666666,0.8456375838926175,0.0214497175141242,13,5.2
518,1,276.8047,278.5667,1.7620000000000005,0.0,0.0,1.0,0.0162898305084745,0,0.0
518,1,284.4609,287.0667,2.6058000000000447,0.0105219239373601,0.0311333333333333,0.2550335570469799,0.02684802259887,2,0.8
518,2,19.9532,21.9,1.9468,0.0,0.0,1.0,0.0184265536723163,0,0.0
518,2,162.4427,163.3667,0.9240000000000066,2.237136465324385e-07,3.3333333333333335e-05,1.0,0.0060853107344632,0,0.0
518,2,190.5426,191.9333,1.3907000000000096,0.0,0.0,1.0,0.0142084745762711,1,0.4
518,2,233.0578,236.1667,3.108900000000005,0.0019478747203579,0.0099666666666666,0.9328859060402684,0.0206864406779661,2,0.8
518,2,321.9041,326.3333,4.42919999999998,0.0045646532438478,0.0347,0.8187919463087249,0.0374225988700565,15,6.0
518,3,101.7214,103.6667,1.9453000000000031,0.0042729306487695,0.0175,0.6778523489932886,0.0148830508474576,10,4.0
518,3,335.9342,337.6333,1.699100000000044,1.3422818791946309e-06,3.3333333333333335e-05,1.0,0.0087525423728813,0,0.0
518,4,54.2332,56.0333,1.8001000000000005,6.97986577181208e-05,0.0041666666666666,1.0,0.0188762711864406,0,0.0
518,5,52.2655,57.6667,5.401199999999996,4.138702460850112e-05,0.0016,1.0,0.0,0,0.0
518,5,82.1768,83.8667,1.6898999999999944,0.0,0.0,1.0,0.0114819209039548,0,0.0
518,5,106.659,107.8,1.1409999999999911,0.0061346756152125,0.0191666666666666,0.4563758389261745,0.0394519774011299,14,5.6
518,5,296.2345,298.1,1.8654999999999973,5.369127516778524e-05,0.0023,1.0,0.0122197740112994,4,1.6
518,5,334.079,335.4667,1.3876999999999953,0.0031156599552572,0.0109666666666666,0.825503355704698,0.0243717514124293,7,2.8
518,6,48.1135,49.4667,1.353200000000001,0.0035532438478747,0.0188666666666666,0.7516778523489933,0.021322033898305,6,2.4
518,6,93.078,94.3667,1.2886999999999915,0.0028738255033557,0.0097666666666666,0.8590604026845637,0.0497864406779661,13,5.2
518,6,127.2973,130.0333,2.73599999999999,0.0187156599552572,0.0371333333333333,0.0335570469798657,0.0232062146892655,7,2.8
518,6,139.5051,140.7667,1.2615999999999872,0.0219785234899328,0.0521,0.0604026845637583,0.0207508474576271,8,3.2
518,7,73.0673,75.5667,2.4993999999999943,5.816554809843401e-06,6.666666666666667e-05,1.0,0.0076677966101694,2,0.8
518,7,109.8893,113.9667,4.077399999999997,1.7897091722595078e-06,3.3333333333333335e-05,1.0,0.0084401129943502,2,0.8
518,7,123.3711,125.0,1.6289000000000016,0.0026082774049217,0.0157666666666666,0.8322147651006712,0.0129474576271186,1,0.4
518,7,276.0346,279.1,3.065400000000011,0.0,0.0,1.0,0.0120779661016949,2,0.8
518,7,339.8667,342.1667,2.300000000000012,0.002142058165548,0.0262,0.8389261744966443,0.0073440677966101,2,0.8
518,8,106.2327,107.1333,0.9006000000000114,0.0024393736017897,0.0221,0.8456375838926175,0.0517344632768361,12,4.8
518,8,196.2823,198.5333,2.2510000000000048,2.237136465324385e-07,3.3333333333333335e-05,1.0,0.019122033898305,0,0.0
518,8,252.0946,253.7667,1.672099999999972,0.0,0.0,1.0,0.0110299435028248,0,0.0
518,8,325.815,327.5,1.6850000000000025,1.0290827740492173e-05,0.0008333333333333,1.0,0.0201655367231638,4,1.6
518,9,27.1306,29.7333,2.6026999999999987,0.0,0.0,1.0,0.0178011299435028,1,0.4
518,9,39.0593,59.7667,20.7074,0.0088608501118568,0.0575666666666666,0.5771812080536913,0.0210005649717514,3,1.2
518,9,100.2038,100.9667,0.7629000000000019,0.0028246085011185,0.0247333333333333,0.8053691275167785,0.0203299435028248,11,4.4
518,11,228.9637,231.6667,2.703000000000003,0.0009035794183445,0.0260333333333333,0.959731543624161,0.0290033898305084,9,3.6
518,13,98.4186,100.1333,1.7147000000000077,4.47427293064877e-07,3.3333333333333335e-05,1.0,0.0130022598870056,0,0.0
518,13,109.8519,111.1333,1.281400000000005,0.0076304250559284,0.0342666666666666,0.4832214765100671,0.0173881355932203,2,0.8
518,13,124.3842,127.3,2.91579999999999,0.0053836689038031,0.0173333333333333,0.5704697986577181,0.0072203389830508,1,0.4
518,13,137.1405,138.2333,1.092800000000011,0.0091118568232662,0.0336333333333333,0.1879194630872483,0.0157101694915254,3,1.2
518,13,162.7519,164.5667,1.814799999999991,0.0164604026845637,0.0421,0.0201342281879194,0.0406050847457627,9,3.6
518,13,199.1426,200.5667,1.42410000000001,0.0138718120805369,0.0594,0.2885906040268456,0.0275824858757062,3,1.2
518,13,224.2669,225.3,1.0331000000000188,0.0099355704697986,0.0189666666666666,0.1140939597315436,0.0236169491525423,12,4.8
518,14,184.4317,185.5,1.0682999999999936,0.0056492170022371,0.0218,0.4697986577181208,0.0222519774011299,3,1.2
518,14,239.7485,241.2,1.4514999999999816,0.0,0.0,1.0,0.0124779661016949,0,0.0
518,16,109.1113,110.1667,1.055400000000006,0.0,0.0,1.0,0.0091158192090395,0,0.0
518,16,154.8586,156.8,1.941400000000016,0.0,0.0,1.0,0.010512429378531,0,0.0
518,16,201.7972,204.3,2.502800000000008,0.0,0.0,1.0,0.0224711864406779,0,0.0
518,16,313.8747,316.7,2.82529999999997,0.0,0.0,1.0,0.0138355932203389,1,0.4
518,17,116.0226,136.2667,20.24409999999999,0.008314317673378,0.0997666666666666,0.7651006711409396,0.0154372881355932,0,0.0
518,17,236.176,237.7333,1.5573000000000263,0.0019599552572706,0.0120333333333333,0.8322147651006712,0.0388564971751412,15,6.0
518,20,67.8036,68.7333,0.9296999999999968,6.711409395973154e-07,0.0001,1.0,0.0062112994350282,0,0.0
518,20,120.8892,122.3,1.4107999999999947,0.0024306487695749,0.0083333333333333,0.8926174496644296,0.0119135593220338,6,2.4
518,20,147.2691,150.8667,3.5976,0.0089505592841163,0.0542,0.5302013422818792,0.0272943502824858,1,0.4
518,20,167.3053,169.2667,1.9613999999999976,0.0075516778523489,0.0264666666666666,0.5906040268456376,0.0132514124293785,1,0.4
518,20,358.0572,359.4333,1.3760999999999513,0.0035427293064876,0.0163666666666666,0.7046979865771812,0.0440529411764705,0,0.0
518,21,56.855,62.0,5.145000000000003,0.0044829977628635,0.0202333333333333,0.7046979865771812,0.009657627118644,5,2.0
518,22,96.7409,98.4,1.6591000000000091,0.0016796420581655,0.0184666666666666,0.9328859060402684,0.0274988700564971,9,3.6
518,22,311.0094,311.9333,0.9238999999999464,0.0025505592841163,0.0068333333333333,0.8859060402684564,0.0094237288135593,6,2.4
518,23,48.5496,50.2,1.6504000000000048,0.0119270693512304,0.0414333333333333,0.3557046979865771,0.0343197740112994,6,2.4
518,23,200.5105,205.2333,4.722800000000007,0.0044630872483221,0.0125333333333333,0.6241610738255033,0.0135039548022598,5,2.0
518,23,282.4554,287.9667,5.511300000000006,0.000410514541387,0.0081666666666666,0.9664429530201344,0.0070621468926553,6,2.4
518,24,81.2712,82.3667,1.0955000000000013,0.0050939597315436,0.0198333333333333,0.610738255033557,0.021622033898305,6,2.4
518,24,273.9581,275.8333,1.8752000000000064,0.0020532438478747,0.0058333333333333,0.9664429530201344,0.0163655367231638,6,2.4
519,0,211.8062,212.5333,0.7271000000000072,0.0041677852348993,0.0182333333333333,0.7114093959731543,0.0243971751412429,1,0.4
519,1,197.7692,200.9333,3.1640999999999906,0.0107550335570469,0.0369666666666666,0.3221476510067114,0.0166960451977401,4,1.6
519,2,150.0466,151.0667,1.0200999999999851,0.0074673378076062,0.0339333333333333,0.4899328859060403,0.042676836158192,13,5.2
519,2,254.8639,256.5667,1.7028000000000247,0.0,0.0,1.0,0.014083615819209,2,0.8
519,2,336.6001,341.3,4.699900000000014,0.0039796420581655,0.0115333333333333,0.7181208053691275,0.0336242937853107,10,4.0
519,3,253.4726,254.9667,1.494100000000003,0.0023608501118568,0.0122333333333333,0.8120805369127517,0.0143728813559322,8,3.2
519,3,323.3141,324.9333,1.619199999999978,0.0006053691275167,0.0054666666666666,0.9932885906040269,0.0176841807909604,1,0.4
519,4,55.004,56.1667,1.162700000000001,0.0001541387024608,0.0013666666666666,1.0,0.0139203389830508,12,4.8
519,5,230.3545,233.7333,3.3788000000000125,7.38255033557047e-06,0.0001,1.0,0.0119807909604519,6,2.4
519,5,325.3479,326.6333,1.2854000000000383,0.0023863534675615,0.0144666666666666,0.8389261744966443,0.0123429378531073,6,2.4
519,6,193.4946,195.7667,2.2720999999999947,5.503355704697986e-05,0.0034666666666666,1.0,0.0125016949152542,10,4.0
519,7,193.6055,195.2,1.5944999999999825,1.8568232662192395e-05,0.0004333333333333,1.0,0.0188367231638418,7,2.8
519,14,89.7825,95.6667,5.884200000000007,3.60178970917226e-05,0.0019,1.0,0.0126943502824858,2,0.8
519,14,268.4973,270.6,2.102700000000027,6.912751677852349e-05,0.0006666666666666,1.0,0.016583615819209,6,2.4
519,16,242.3874,243.6333,1.2458999999999776,0.0078,0.0444666666666666,0.610738255033557,0.0164158192090395,4,1.6
519,16,336.3968,339.8667,3.4698999999999955,0.0062534675615212,0.0238,0.4697986577181208,0.0237395480225988,6,2.4
519,17,194.074,196.8667,2.7926999999999964,0.0002738255033557,0.0051,0.9932885906040269,0.0102870056497175,5,2.0
519,17,346.1932,349.3667,3.17349999999999,0.0002087248322147,0.0099333333333333,0.9798657718120806,0.0118796610169491,4,1.6
519,19,96.8952,100.1333,3.238100000000003,0.0001823266219239,0.0053,0.9932885906040269,0.0093559322033898,5,2.0
519,19,177.0271,177.7333,0.7062000000000239,0.0002297539149888,0.0067,0.9798657718120806,0.0198158192090395,11,4.4
519,19,249.0818,250.3,1.2182000000000244,0.0059805369127516,0.0257,0.4832214765100671,0.0244502824858757,6,2.4
519,19,357.8001,359.3333,1.533200000000022,0.0038219239373601,0.0207,0.6778523489932886,0.015385,0,0.0
519,23,291.537,295.7667,4.229700000000037,0.000124384787472,0.003,1.0,0.0132728813559322,8,3.2
519,24,107.6869,108.3,0.6131000000000029,0.0009232662192393,0.0162,0.9395973154362416,0.0108067796610169,0,0.0
519,27,209.1063,211.5,2.3936999999999955,6.442953020134228e-05,0.0012666666666666,1.0,0.0116813559322033,4,1.6
519,28,30.8502,32.2333,1.3830999999999989,7.67337807606264e-05,0.0006333333333333,1.0,0.0213214689265536,6,2.4
519,28,262.8989,264.6,1.7010999999999967,1.767337807606264e-05,0.0001666666666666,1.0,0.004702824858757,6,2.4
519,36,145.9283,146.7667,0.8383999999999787,0.0019706935123042,0.008,0.8791946308724832,0.0114762711864406,1,0.4
519,36,261.2635,262.7,1.4364999999999668,0.0068572706935123,0.0206,0.4161073825503356,0.0193745762711864,6,2.4
519,37,14.2329,15.0,0.7670999999999992,0.0099136465324384,0.0203,0.0805369127516778,0.0251615819209039,11,4.4
519,37,229.7907,233.5667,3.7760000000000105,4.47427293064877e-07,6.666666666666667e-05,1.0,0.009028813559322,6,2.4
519,37,341.7891,345.0,3.210899999999981,0.0006272930648769,0.0057333333333333,0.9798657718120806,0.0133689265536723,0,0.0
519,38,189.3707,190.3667,0.9960000000000092,0.0267380313199105,0.0657,0.0604026845637583,0.0558661016949152,16,6.4
519,38,317.5916,318.9,1.3083999999999492,0.0179467561521252,0.0484666666666666,0.1140939597315436,0.0184435028248587,5,2.0
519,39,34.1539,35.0,0.8460999999999999,0.0132803131991051,0.0407,0.087248322147651,0.0359451977401129,15,6.0
519,39,35.8044,36.5333,0.7288999999999959,0.0193040268456375,0.0553,0.0939597315436241,0.0377107344632768,23,9.2
519,39,156.2324,162.6667,6.434299999999979,0.0123442953020134,0.0368666666666666,0.1677852348993288,0.0397898305084745,3,1.2
519,39,263.4838,264.8,1.3162000000000376,0.0150791946308724,0.0505333333333333,0.2281879194630872,0.0480519774011299,12,4.8
519,41,51.2847,53.8667,2.5820000000000007,4.47427293064877e-06,6.666666666666667e-05,1.0,0.0070542372881355,0,0.0
519,41,149.2575,153.6,4.342500000000001,0.002572706935123,0.0083666666666666,0.8859060402684564,0.0139423728813559,5,2.0
519,41,323.0235,323.5,0.4764999999999872,5.1454138702460855e-06,0.0001,1.0,0.0110819209039548,0,0.0
519,42,168.8595,172.6667,3.8071999999999946,1.3422818791946307e-05,0.0006,1.0,0.0071841807909604,0,0.0
519,42,203.7549,207.0667,3.311800000000005,0.0034344519015659,0.0106666666666666,0.7785234899328859,0.0149254237288135,1,0.4
519,43,48.2111,48.7,0.488900000000001,5.100671140939597e-05,0.0032,1.0,0.0069350282485875,5,2.0
519,43,83.7563,88.8667,5.110399999999999,0.0003548098434004,0.0125,0.9731543624161074,0.0087463276836158,2,0.8
519,55,73.4921,75.9333,2.441200000000009,2.8187919463087248e-05,0.0015666666666666,1.0,0.0140079096045197,8,3.2
519,55,228.0815,229.4333,1.3517999999999972,3.736017897091723e-05,0.0003,1.0,0.0498412429378531,15,6.0
519,55,266.9958,270.0,3.0042000000000257,0.0329818791946308,0.0787,0.0402684563758389,0.0320802259887005,13,5.2
519,56,209.9784,211.9667,1.9883000000000093,0.0014328859060402,0.0090666666666666,0.8926174496644296,0.0246045197740112,12,4.8
519,56,279.6849,289.7333,10.048399999999958,0.0027208053691275,0.0138333333333333,0.7986577181208053,0.026912429378531,0,0.0
519,57,75.814,80.6,4.786000000000001,3.131991051454139e-06,6.666666666666667e-05,1.0,0.0250610169491525,5,2.0
519,57,84.6866,86.0667,1.3800999999999988,0.0160740492170022,0.0417666666666666,0.2013422818791946,0.0259864406779661,14,5.6
519,58,11.8111,13.2,1.3888999999999996,0.0014230425055928,0.0064666666666666,0.9865771812080536,0.0167564971751412,6,2.4
519,58,41.9637,56.6333,14.669599999999996,0.0166753914988814,0.0420333333333333,0.0604026845637583,0.0195271186440677,6,2.4
519,58,105.2435,109.3,4.0565,0.0062720357941834,0.0199666666666666,0.4899328859060403,0.0190468926553672,7,2.8
519,58,163.5709,172.4667,8.895800000000008,0.0041677852348993,0.013,0.6912751677852349,0.0089807909604519,2,0.8
519,58,208.6437,209.6,0.9562999999999988,0.0032776286353467,0.0183666666666666,0.7986577181208053,0.0235265536723163,0,0.0
519,68,181.9453,185.0667,3.121399999999994,7.0917225950783e-05,0.0024333333333333,1.0,0.0204067796610169,8,3.2
519,78,235.057,240.3667,5.309700000000021,0.0015181208053691,0.0263333333333333,0.9194630872483222,0.0088423728813559,0,0.0
519,78,267.7358,269.2667,1.530900000000031,0.016748769574944,0.0509333333333333,0.1140939597315436,0.0444909604519774,15,6.0
519,79,182.8351,183.9333,1.0981999999999914,0.0,0.0,1.0,0.0180062146892655,5,2.0
519,79,286.4541,287.6,1.14590000000004,0.0013930648769574,0.0061666666666666,0.9865771812080536,0.0457135593220339,14,5.6
519,80,20.0866,23.1667,3.080099999999998,0.0192062639821029,0.0702,0.2348993288590604,0.0350802259887005,4,1.6
519,80,147.0413,149.2,2.158699999999982,0.0084127516778523,0.0293666666666666,0.3892617449664429,0.0243401129943502,16,6.4
519,80,172.3064,173.5667,1.2603000000000009,0.0169803131991051,0.0504666666666666,0.1140939597315436,0.0200943502824858,4,1.6
519,80,296.7228,301.6,4.877200000000016,0.0147984340044742,0.0352666666666666,0.0201342281879194,0.0130949152542372,6,2.4
519,80,320.5826,323.1667,2.584099999999978,0.0075033557046979,0.0329333333333333,0.3020134228187919,0.0232237288135593,7,2.8
519,80,335.2978,336.9333,1.635499999999979,0.0229362416107382,0.0724333333333333,0.0,0.031664406779661,5,2.0
519,82,41.406,48.2333,6.827300000000001,4.47427293064877e-07,3.3333333333333335e-05,1.0,0.0109005649717514,0,0.0
519,82,111.7337,115.5,3.766300000000001,0.0001568232662192,0.0097,0.9798657718120806,0.0110429378531073,4,1.6
519,82,217.7454,226.1667,8.421300000000002,0.0102986577181208,0.0781666666666666,0.6241610738255033,0.014312429378531,5,2.0
519,82,273.9567,275.5667,1.6100000000000136,0.0076539149888143,0.0309,0.3892617449664429,0.0401977401129943,16,6.4
519,83,260.9305,261.8,0.8695000000000164,3.3557046979865773e-06,6.666666666666667e-05,1.0,0.0092457627118644,4,1.6
519,83,292.8008,294.1,1.2992000000000417,0.0018968680089485,0.0118333333333333,0.912751677852349,0.0123971751412429,6,2.4
519,84,27.5135,28.0333,0.5198,0.00178322147651,0.0063333333333333,0.9261744966442952,0.0134327683615819,0,0.0
519,84,212.2921,213.5667,1.2745999999999924,0.0002116331096196,0.0017666666666666,1.0,0.0109587570621468,8,3.2
519,84,345.1045,347.8667,2.762200000000007,0.0033704697986577,0.0275,0.8053691275167785,0.0171813559322033,8,3.2
519,85,161.0143,162.1667,1.1524,9.619686800894856e-06,0.0001,1.0,0.0098129943502824,3,1.2
519,85,237.7806,246.7333,8.952700000000021,0.0004436241610738,0.0047666666666666,1.0,0.0160813559322033,0,0.0
519,87,179.4866,180.2667,0.780099999999976,0.0029154362416107,0.0122333333333333,0.7718120805369127,0.0110909604519773,8,3.2
519,88,162.6295,163.5,0.8704999999999927,0.0006512304250559,0.0166,0.959731543624161,0.0050745762711864,0,0.0
519,88,219.185,220.0667,0.881699999999995,0.0010006711409395,0.0113,0.9328859060402684,0.0194248587570621,9,3.6
519,90,92.3827,95.9667,3.584000000000003,0.0017107382550335,0.0199,0.8926174496644296,0.0126531073446327,0,0.0
519,90,108.7767,114.0667,5.289999999999992,0.0043183445190156,0.0214333333333333,0.6778523489932886,0.0171485875706214,1,0.4
519,90,159.8025,162.2,2.3974999999999795,0.0032682326621923,0.0159,0.785234899328859,0.0074983050847457,0,0.0
519,90,199.4177,202.2,2.782299999999992,0.0019422818791946,0.0157333333333333,0.8187919463087249,0.0260497175141242,10,4.0
519,90,266.9963,268.0,1.0036999999999807,0.0107979865771812,0.0330666666666666,0.1812080536912751,0.0147378531073446,5,2.0
519,91,111.3062,115.8667,4.560499999999991,0.012134899328859,0.0583666666666666,0.2080536912751678,0.010419209039548,0,0.0
519,92,76.8715,78.6667,1.7952000000000083,0.0018485458612975,0.0056666666666666,0.959731543624161,0.0223983050847457,3,1.2
519,93,201.3786,206.4667,5.088099999999997,3.1319910514541398e-06,0.0002333333333333,1.0,0.0109977401129943,6,2.4
519,96,34.4128,35.7,1.2872000000000057,0.0043456375838926,0.0127,0.6040268456375839,0.0111310734463276,5,2.0
519,96,150.815,154.1667,3.351699999999994,2.6398210290827744e-05,0.0004,1.0,0.0336225988700565,6,2.4
519,98,12.9742,13.9667,0.9924999999999996,0.0005742729306487,0.0119666666666666,0.9463087248322148,0.0267203389830508,7,2.8
519,98,140.9775,143.0,2.022500000000008,2.013422818791946e-06,6.666666666666667e-05,1.0,0.0359723163841807,18,7.2
519,98,313.6572,320.0667,6.409500000000037,0.0054378076062639,0.0159333333333333,0.5100671140939598,0.0319564971751412,5,2.0
519,99,293.6918,297.1667,3.474899999999991,0.0036519015659955,0.0109333333333333,0.7114093959731543,0.0155694915254237,2,0.8
519,100,171.5709,172.9,1.329100000000011,0.0019158836689038,0.0145333333333333,0.8523489932885906,0.0197926553672316,0,0.0
519,101,39.7834,40.5667,0.783299999999997,0.0002217002237136,0.0031333333333333,1.0,0.0076960451977401,0,0.0
519,101,80.3364,83.0333,2.6968999999999994,0.0106921700223713,0.0502,0.3154362416107382,0.0357344632768361,7,2.8
519,110,156.621,158.2667,1.6456999999999766,0.0025255033557046,0.0177333333333333,0.7583892617449665,0.0127474576271186,1,0.4
519,110,250.0395,251.2667,1.227199999999982,2.237136465324385e-07,3.3333333333333335e-05,1.0,0.0171870056497175,8,3.2
519,110,293.4353,297.7333,4.298000000000002,0.004103803131991,0.0200333333333333,0.6510067114093959,0.0199779661016949,3,1.2
519,111,234.3085,235.3667,1.0581999999999994,0.0,0.0,1.0,0.0101802259887005,4,1.6
519,111,316.7648,318.6667,1.901900000000012,0.0012675615212527,0.0042666666666666,1.0,0.0499960451977401,10,4.0
519,112,260.4536,262.3,1.846400000000017,0.0,0.0,1.0,0.0095372881355932,0,0.0
519,112,305.5781,308.4,2.821899999999971,0.0002069351230425,0.0040333333333333,1.0,0.012383615819209,4,1.6
519,113,23.1492,24.6,1.450800000000001,0.0004127516778523,0.0060333333333333,0.9932885906040269,0.0085785310734463,0,0.0
519,114,21.793,22.7667,0.9737000000000008,0.0,0.0,1.0,0.0176169491525423,4,1.6
519,114,69.8919,90.3,20.40809999999999,0.0005163310961968,0.0158333333333333,0.9731543624161074,0.0100502824858757,6,2.4
519,114,218.1432,219.7333,1.5901000000000067,0.0081167785234899,0.0318666666666666,0.3959731543624161,0.0232909604519774,9,3.6
519,115,11.9458,12.6667,0.7209000000000003,6.711409395973154e-07,3.3333333333333335e-05,1.0,0.0095926553672316,1,0.4
519,115,208.7132,209.3667,0.6535000000000082,1.1185682326621925e-06,6.666666666666667e-05,1.0,0.0087723163841807,0,0.0
519,116,38.9107,40.2667,1.3560000000000016,5.592841163310962e-06,0.0001,1.0,0.0315045197740113,9,3.6
519,116,274.1987,275.2667,1.0680000000000405,0.0068337807606263,0.0176,0.2483221476510067,0.0161418079096045,5,2.0
519,117,159.3593,162.3333,2.974000000000018,0.0049351230425055,0.0205666666666666,0.5302013422818792,0.0146853107344632,0,0.0
519,117,334.0737,340.3333,6.2596000000000345,1.3199105145413872e-05,0.0001,1.0,0.0125016949152542,0,0.0
519,118,66.5543,87.0,20.4457,0.0002393736017897,0.0047,1.0,0.0099853107344632,0,0.0
519,118,296.4666,298.6333,2.166699999999992,4.541387024608501e-05,0.0018333333333333,1.0,0.0107807909604519,2,0.8
519,118,307.2916,310.3667,3.0750999999999635,0.005217673378076,0.0246,0.6040268456375839,0.021483615819209,11,4.4
519,119,146.1256,147.4,1.2744000000000142,0.0049158836689038,0.0274666666666666,0.6375838926174496,0.0156412429378531,11,4.4
519,119,161.7219,163.6333,1.9113999999999864,0.0040093959731543,0.0248333333333333,0.7785234899328859,0.0210762711864406,7,2.8
519,119,268.423,270.2,1.7769999999999868,0.004548769574944,0.0257666666666666,0.7248322147651006,0.0204892655367231,3,1.2
519,120,210.7736,212.6667,1.893100000000004,0.0,0.0,1.0,0.019367231638418,3,1.2
519,120,347.224,350.0333,2.8093000000000075,0.0056758389261744,0.0319666666666666,0.6778523489932886,0.0247971751412429,14,5.6
519,121,20.8389,28.3,7.461100000000002,0.0022154362416107,0.0164666666666666,0.9261744966442952,0.0156305084745762,1,0.4
519,121,166.8928,168.2333,1.34050000000002,0.0012979865771812,0.0238333333333333,0.906040268456376,0.0512395480225988,11,4.4
519,121,213.7767,224.1,10.323299999999987,0.0120389261744966,0.0256666666666666,0.046979865771812,0.0240186440677966,6,2.4
519,121,337.7534,341.5333,3.779899999999998,0.0,0.0,1.0,0.0166107344632768,0,0.0
519,122,171.8035,178.2667,6.463199999999972,0.0039684563758389,0.0283,0.6845637583892618,0.0223887005649717,0,0.0
519,123,193.2795,194.6667,1.387199999999979,0.0,0.0,1.0,0.0152062146892655,3,1.2
519,124,128.6705,130.8333,2.1628000000000043,0.0068657718120805,0.0535666666666666,0.6375838926174496,0.0219745762711864,11,4.4
519,124,139.6125,154.3333,14.720799999999995,0.0223995525727069,0.1142,0.0,0.0433593220338983,0,0.0
519,124,206.4056,221.6667,15.2611,0.0118246085011185,0.0670333333333333,0.4563758389261745,0.0197966101694915,0,0.0
519,124,227.4629,239.9,12.437100000000015,0.011631543624161,0.0388,0.2885906040268456,0.0290248587570621,0,0.0
519,125,55.0737,55.7667,0.6929999999999978,0.016314317673378,0.0484333333333333,0.0671140939597315,0.0191536723163841,0,0.0
519,125,184.9795,201.4,16.420500000000004,0.0,0.0,1.0,0.0122615819209039,0,0.0
519,125,220.3662,222.5667,2.200500000000005,0.0092181208053691,0.0636,0.5838926174496645,0.0190745762711864,0,0.0
519,125,317.4265,321.2,3.7735000000000127,0.0,0.0,1.0,0.0074898305084745,0,0.0
519,125,333.3015,341.4,8.098500000000001,0.0048872483221476,0.0212333333333333,0.6912751677852349,0.0248491525423728,0,0.0
519,126,213.524,214.4,0.8760000000000048,0.0,0.0,1.0,0.0101751412429378,0,0.0
519,126,260.0345,261.2667,1.2322000000000344,0.0090711409395973,0.0350333333333333,0.3557046979865771,0.0219717514124293,0,0.0
519,126,295.2293,300.1667,4.937399999999968,0.0079234899328859,0.0418666666666666,0.6040268456375839,0.0289915254237288,3,1.2
519,127,2.7043,4.5333,1.829,0.0147308724832214,0.0528666666666666,0.0738255033557047,0.0208062146892655,0,0.0
519,127,22.7923,31.2667,8.4744,0.010231543624161,0.0305333333333333,0.2953020134228188,0.0175299435028248,7,2.8
519,127,261.2674,269.4667,8.199299999999994,0.0136664429530201,0.0574666666666666,0.0268456375838926,0.0200016949152542,4,1.6
519,127,355.2111,357.1,1.888900000000035,0.0188346756152125,0.0493666666666666,0.1409395973154362,0.0357350282485875,0,0.0
519,128,2.8431,12.4667,9.6236,0.0238011185682326,0.0738,0.0,0.0403858757062146,2,0.8
519,128,43.8392,48.9333,5.0941000000000045,0.0235890380313199,0.0487,0.0671140939597315,0.0275525423728813,4,1.6
519,128,222.2601,223.8667,1.6066000000000145,0.0,0.0,1.0,0.015583615819209,1,0.4
519,128,293.1191,304.4,11.280899999999974,0.0051319910514541,0.0211666666666666,0.6577181208053692,0.0512378531073446,3,1.2
519,129,157.9712,170.8667,12.895499999999998,0.0197463087248322,0.0571666666666666,0.1879194630872483,0.0247090395480225,3,1.2
519,129,325.3687,326.6,1.231300000000033,0.0,0.0,1.0,0.0155677966101694,2,0.8
519,130,52.3531,54.2,1.846900000000005,0.0,0.0,1.0,0.013493220338983,0,0.0
519,130,97.2449,99.3333,2.088399999999993,0.0066346756152125,0.0238,0.3557046979865771,0.0289898305084745,1,0.4
519,130,178.9066,181.0667,2.1601,0.0,0.0,1.0,0.0105841807909604,0,0.0
519,130,236.806,238.1,1.2939999999999827,0.0,0.0,1.0,0.0060559322033898,2,0.8
519,130,255.2112,267.2,11.988799999999998,0.0032192393736017,0.0193666666666666,0.8120805369127517,0.0130050847457627,0,0.0
519,131,114.7761,118.2,3.4239000000000037,0.0,0.0,1.0,0.0085344632768361,0,0.0
519,131,206.6205,215.2,8.579499999999996,0.0147744966442953,0.0731666666666666,0.3691275167785235,0.0278728813559322,0,0.0
519,131,335.2397,339.6667,4.426999999999964,0.0,0.0,1.0,0.0054819209039548,0,0.0
519,132,228.4805,232.1667,3.686199999999985,0.0,0.0,1.0,0.0138338983050847,0,0.0
519,135,34.2134,39.3667,5.1533000000000015,0.0137993288590604,0.0457333333333333,0.261744966442953,0.0180610169491525,7,2.8
519,135,93.5152,95.0333,1.518100000000004,0.0042657718120805,0.0550333333333333,0.8120805369127517,0.0168627118644067,6,2.4
519,135,145.7283,147.7333,2.005000000000024,0.008134899328859,0.0388,0.4899328859060403,0.0238785310734463,0,0.0
519,135,287.9137,289.9,1.9862999999999715,0.0119324384787472,0.0780333333333333,0.1879194630872483,0.0268180790960451,0,0.0
519,135,315.5411,323.9,8.358900000000006,0.0301590604026845,0.0550333333333333,0.0,0.0502355932203389,2,0.8
519,136,153.0676,167.4333,14.365700000000004,0.0066024608501118,0.0319333333333333,0.3624161073825503,0.0192666666666666,5,2.0
519,136,247.182,249.4,2.2180000000000177,0.0234149888143176,0.0455,0.0,0.0364519774011299,8,3.2
519,136,258.3143,262.9667,4.6524,0.0230559284116331,0.0549,0.0,0.0485395480225988,15,6.0
519,137,7.4944,8.9,1.4056000000000006,0.0169829977628635,0.0419,0.0,0.0312389830508474,15,6.0
519,137,355.9968,358.2667,2.269900000000007,0.0075369127516778,0.0231666666666666,0.4026845637583892,0.0206647058823529,0,0.0
519,138,8.4067,25.5667,17.16,0.0077941834451901,0.0472333333333333,0.5704697986577181,0.0155553672316384,0,0.0
519,138,50.4707,53.7333,3.262599999999999,0.0048695749440715,0.0272,0.6510067114093959,0.014309604519774,0,0.0
519,138,133.7111,134.6333,0.9222000000000036,0.0124192393736017,0.0433333333333333,0.0939597315436241,0.0371293785310734,4,1.6
519,138,214.924,217.5333,2.6092999999999904,0.0077127516778523,0.0282,0.348993288590604,0.0254497175141242,7,2.8
519,139,18.6192,21.0,2.3808000000000007,0.033945413870246,0.0925333333333333,0.0,0.0317994350282485,5,2.0
519,139,128.0613,130.3667,2.30540000000002,0.0107691275167785,0.0359666666666666,0.2348993288590604,0.0250830508474576,1,0.4
519,139,332.4412,334.0333,1.5921000000000165,0.0083203579418344,0.0234333333333333,0.3355704697986577,0.0167971751412429,1,0.4
519,140,127.4486,129.4333,1.984700000000004,0.0043879194630872,0.0331666666666666,0.7181208053691275,0.0197310734463276,10,4.0
519,140,143.9734,144.9667,0.993300000000005,0.0142299776286353,0.0366,0.1409395973154362,0.0239271186440678,4,1.6
519,140,244.0352,254.3333,10.298100000000003,0.0059751677852349,0.0244,0.5637583892617449,0.0195248587570621,4,1.6
519,141,180.6242,182.4,1.7758000000000038,0.003293736017897,0.0087333333333333,0.738255033557047,0.0237344632768361,1,0.4
519,142,59.6915,63.2,3.508500000000005,0.0021046979865771,0.0070666666666666,0.912751677852349,0.050631638418079,0,0.0
519,142,222.9653,228.5333,5.567999999999984,0.0138505592841163,0.0553666666666666,0.0805369127516778,0.0303892655367231,7,2.8
519,143,101.8786,102.7333,0.854699999999994,1.2080536912751678e-05,0.0003,1.0,0.0292689265536723,0,0.0
519,143,120.8192,126.0667,5.247500000000002,0.0112749440715883,0.0363333333333333,0.0402684563758389,0.030183615819209,2,0.8
519,143,127.8696,128.3667,0.4971000000000032,0.0195957494407158,0.0645,0.046979865771812,0.0433627118644067,9,3.6
519,144,161.2764,162.8333,1.556900000000013,3.355704697986577e-05,0.0003666666666666,1.0,0.0137847457627118,0,0.0
519,144,302.5567,304.2667,1.7100000000000364,0.0054525727069351,0.0284,0.6308724832214765,0.0563254237288135,4,1.6
519,145,57.6153,62.3333,4.718000000000004,0.0087812080536912,0.0271,0.2818791946308724,0.0140186440677966,7,2.8
519,145,176.399,177.9,1.5010000000000048,5.592841163310963e-06,0.0002666666666666,1.0,0.014422033898305,0,0.0
519,146,108.8627,112.2,3.337299999999999,7.38255033557047e-06,6.666666666666667e-05,1.0,0.0164327683615819,0,0.0
519,146,220.1972,221.5,1.3027999999999906,0.0045031319910514,0.0252333333333333,0.7114093959731543,0.0458197740112994,12,4.8
519,147,235.8319,237.1333,1.301400000000001,0.0320762863534675,0.0649333333333333,0.0,0.0331971751412429,2,0.8
519,148,139.5918,140.4667,0.8748999999999967,0.0059230425055928,0.0166,0.4765100671140939,0.0112350282485875,5,2.0
519,149,17.7991,19.0667,1.2676000000000016,0.0017158836689038,0.0223,0.8791946308724832,0.0098067796610169,2,0.8
519,150,136.2174,140.8667,4.649300000000011,1.0290827740492173e-05,0.0004666666666666,1.0,0.0038412429378531,1,0.4
519,150,354.0459,356.0667,2.0208000000000084,0.0045035794183445,0.0132,0.610738255033557,0.0216717514124293,0,0.0
519,151,143.1912,145.2,2.0087999999999795,0.0089756152125279,0.0264333333333333,0.3288590604026846,0.0231141242937853,11,4.4
519,151,238.6339,241.6667,3.0327999999999804,0.0070552572706935,0.0277333333333333,0.436241610738255,0.0223401129943502,9,3.6
519,151,287.0471,290.9333,3.886199999999974,0.0001740492170022,0.0037666666666666,1.0,0.0060666666666666,0,0.0
519,152,58.2239,62.5667,4.342799999999997,0.0099928411633109,0.0284666666666666,0.261744966442953,0.0196033898305084,14,5.6
519,152,173.6689,174.5667,0.8977999999999895,0.008896644295302,0.0227,0.3154362416107382,0.0103870056497175,6,2.4
519,152,337.5863,339.0333,1.4470000000000027,0.0103530201342281,0.0483666666666666,0.1543624161073825,0.0209824858757062,1,0.4
519,153,65.4329,68.2,2.7670999999999992,0.0130639821029082,0.0302333333333333,0.1342281879194631,0.0250203389830508,7,2.8
519,153,317.5961,320.8333,3.23720000000003,0.0061360178970917,0.0327,0.4295302013422818,0.0220632768361581,11,4.4
519,154,118.7761,121.6,2.8238999999999947,0.003728187919463,0.0099666666666666,0.7248322147651006,0.0117090395480226,1,0.4
519,155,174.6428,190.9667,16.32390000000001,0.0005055928411633,0.0048333333333333,1.0,0.0101570621468926,0,0.0
519,164,135.6146,136.5,0.8854000000000042,0.0001317673378076,0.0088666666666666,0.9865771812080536,0.0311638418079096,7,2.8
519,175,242.4709,255.4333,12.962400000000002,9.597315436241612e-05,0.0005666666666666,1.0,0.0075158192090395,2,0.8
519,176,267.4668,268.2,0.7332000000000107,0.0052847874720357,0.0184333333333333,0.5704697986577181,0.0350689265536723,15,6.0
519,176,294.0871,296.5667,2.479600000000005,0.0111973154362416,0.0365,0.2416107382550335,0.0263033898305084,5,2.0
519,177,151.5811,152.4,0.8189000000000135,0.0003279642058165,0.0031666666666666,1.0,0.0173254237288135,10,4.0
519,177,274.6082,275.5,0.8917999999999893,8.948545861297539e-07,3.3333333333333335e-05,1.0,0.013276836158192,11,4.4
519,177,289.2029,291.0667,1.863800000000026,0.0138230425055928,0.0322,0.1140939597315436,0.0309474576271186,1,0.4
519,187,317.1626,319.5,2.3374000000000024,1.3422818791946309e-06,6.666666666666667e-05,1.0,0.0136677966101694,3,1.2
519,187,350.81,352.0333,1.2232999999999947,0.0013125279642058,0.0104666666666666,0.9328859060402684,0.0108694915254237,0,0.0
519,188,107.1494,108.1,0.9505999999999944,0.0089908277404921,0.0258666666666666,0.1812080536912751,0.0362350282485875,13,5.2
519,189,0.7623,2.9667,2.2044,0.0185344519015659,0.0429666666666666,0.0738255033557047,0.0261528735632183,16,6.4
519,189,338.7171,340.0,1.2828999999999835,0.0002418344519015,0.0038666666666666,1.0,0.0149954802259886,1,0.4
519,190,165.881,166.9,1.0190000000000057,0.0023127516778523,0.0156333333333333,0.8859060402684564,0.0244553672316384,23,9.2
519,191,10.3193,11.4667,1.1473999999999993,0.0252208053691275,0.0609666666666666,0.0,0.035119209039548,6,2.4
519,191,113.9122,116.2,2.2878000000000043,0.0011771812080536,0.0087,0.9194630872483222,0.0184474576271186,0,0.0
519,191,313.9182,315.3,1.3817999999999984,6.711409395973154e-07,6.666666666666667e-05,1.0,0.0145779661016949,4,1.6
519,191,342.5882,345.5,2.911800000000028,0.0,0.0,1.0,0.0157728813559322,2,0.8
519,192,189.6993,194.1,4.4007000000000005,6.711409395973154e-07,6.666666666666667e-05,1.0,0.0062141242937853,0,0.0
519,192,260.9923,262.2333,1.2409999999999854,0.0011664429530201,0.0076666666666666,0.9731543624161074,0.0265514124293785,12,4.8
519,193,51.9308,54.2,2.269200000000005,0.0009800894854586,0.0108333333333333,0.9798657718120806,0.010754802259887,5,2.0
519,193,151.0622,151.8,0.7378000000000213,0.0013111856823266,0.0099,0.9731543624161074,0.0240367231638418,14,5.6
519,193,288.7843,289.5333,0.7490000000000236,0.0111290827740492,0.0295666666666666,0.2147651006711409,0.015583615819209,11,4.4
519,195,155.176,160.6,5.424000000000007,0.0061709172259507,0.0436333333333333,0.6845637583892618,0.0109039548022598,0,0.0
519,195,193.7429,201.6,7.857100000000003,0.0127624161073825,0.0312666666666666,0.0536912751677852,0.0195887005649717,5,2.0
519,197,34.3236,36.1333,1.8096999999999996,0.0014959731543624,0.0184666666666666,0.8859060402684564,0.0214039548022598,0,0.0
519,197,47.0434,51.9333,4.889900000000004,0.0164680089485458,0.0411666666666666,0.087248322147651,0.0302604519774011,8,3.2
519,197,91.6949,130.1,38.40509999999999,0.0069058165548098,0.0220666666666666,0.2953020134228188,0.0184706214689265,4,1.6
519,198,107.377,108.5333,1.1563000000000017,1.3422818791946309e-06,3.3333333333333335e-05,1.0,0.0137423728813559,11,4.4
519,200,311.9363,312.8,0.8636999999999944,4.026845637583893e-06,6.666666666666667e-05,1.0,0.0267983050847457,16,6.4
519,201,101.8471,102.8333,0.9861999999999966,0.0083644295302013,0.0205333333333333,0.2818791946308724,0.0190858757062146,5,2.0
519,204,182.708,184.5,1.7920000000000016,0.0,0.0,1.0,0.0184971751412429,1,0.4
519,204,237.2116,238.9,1.6884000000000017,0.0060317673378076,0.0432666666666666,0.5704697986577181,0.034528813559322,13,5.2
519,205,93.1979,96.6333,3.4354000000000013,0.0020192393736017,0.0138333333333333,0.9194630872483222,0.0307338983050847,9,3.6
519,205,117.8031,118.6667,0.8636000000000053,0.0053425055928411,0.0168,0.5033557046979866,0.013567231638418,4,1.6
519,206,135.029,136.7667,1.7376999999999896,1.7897091722595078e-06,0.0001,1.0,0.0189621468926553,0,0.0
519,206,293.3612,294.7667,1.4055000000000175,8.501118568232662e-06,0.0001,1.0,0.0181435028248587,0,0.0
519,206,297.5982,302.4667,4.868499999999983,0.0126505592841163,0.0549333333333333,0.3355704697986577,0.0295231638418079,0,0.0
519,206,344.9464,351.8333,6.886900000000026,0.0025418344519015,0.0097333333333333,0.8590604026845637,0.0195327683615819,4,1.6
519,207,41.2277,44.5,3.2723000000000013,0.0054744966442953,0.0152666666666666,0.4832214765100671,0.0189276836158192,3,1.2
519,207,164.2885,166.1333,1.844799999999992,0.0312644295302013,0.0692333333333333,0.0,0.0370073446327683,4,1.6
519,207,178.3625,180.4,2.0374999999999943,0.0306854586129753,0.0725666666666666,0.0134228187919463,0.0439355932203389,2,0.8
519,207,192.8745,194.2333,1.3588000000000022,0.0118744966442953,0.0327666666666666,0.1677852348993288,0.0273412429378531,11,4.4
520,0,202.9889,204.1667,1.1777999999999906,0.0,0.0,1.0,0.0132050847457627,6,2.4
520,1,145.4411,150.2667,4.82559999999998,0.0002178970917225,0.0082,0.9798657718120806,0.0,0,0.0
520,1,265.2792,267.4333,2.1540999999999717,0.0,0.0,1.0,0.0137785310734463,0,0.0
520,2,247.2789,249.8333,2.5544000000000158,4.47427293064877e-07,3.3333333333333335e-05,1.0,0.0183107344632768,1,0.4
520,3,5.8207,10.0,4.1793,6.487695749440716e-06,0.0001,1.0,0.0123723163841807,0,0.0
520,3,125.4421,127.8333,2.3911999999999978,0.0035384787472035,0.0109666666666666,0.6778523489932886,0.0227858757062146,5,2.0
520,3,282.0458,285.3667,3.320899999999994,0.0015181208053691,0.0134666666666666,0.8926174496644296,0.0120355932203389,0,0.0
520,4,35.5728,37.7667,2.1938999999999997,7.158836689038031e-06,6.666666666666667e-05,1.0,0.0129841807909604,0,0.0
520,4,182.8691,184.3333,1.4642000000000053,4.47427293064877e-07,3.3333333333333335e-05,1.0,0.0155367231638418,2,0.8
520,4,293.1477,295.8333,2.685600000000022,0.0111872483221476,0.0297,0.0604026845637583,0.0280423728813559,2,0.8
520,4,328.7084,331.6,2.8916000000000395,0.013793288590604,0.0374666666666666,0.087248322147651,0.0332412429378531,14,5.6
520,5,168.6941,170.0333,1.3392000000000053,0.0028261744966442,0.0100333333333333,0.8456375838926175,0.0432519774011299,14,5.6
520,5,186.1898,189.4667,3.276900000000012,0.0047789709172259,0.0142333333333333,0.6241610738255033,0.0267163841807909,0,0.0
520,6,213.314,214.1,0.7860000000000014,1.5659955257270697e-06,3.3333333333333335e-05,1.0,0.0169367231638418,1,0.4
520,13,265.7741,269.7333,3.95920000000001,0.0207069351230425,0.0564,0.3087248322147651,0.0326847457627118,2,0.8
520,14,345.4953,346.1667,0.6714000000000055,0.0158040268456375,0.0348333333333333,0.1006711409395973,0.0152864406779661,0,0.0
521,0,77.3765,81.6333,4.256800000000013,0.0007096196868008,0.0138666666666666,0.9463087248322148,0.0270536723163841,8,3.2
521,0,248.82,251.4333,2.613300000000009,0.0002628635346756,0.0035666666666666,1.0,0.0140734463276836,5,2.0
521,1,30.5708,31.5333,0.962500000000002,0.0,0.0,1.0,0.0164643678160919,4,1.6
521,1,122.2116,125.1,2.88839999999999,0.0018440715883668,0.0105333333333333,0.9194630872483222,0.0152,5,2.0
521,1,182.0446,183.0,0.9553999999999974,0.0015190156599552,0.0092,0.953020134228188,0.0433683615819209,16,6.4
521,1,197.3006,204.5,7.199399999999997,0.0114583892617449,0.0353666666666666,0.2885906040268456,0.0276418079096045,10,4.0
521,1,353.1144,355.2667,2.152300000000025,0.0026221476510067,0.0183,0.8322147651006712,0.030767231638418,7,2.8
521,2,8.4511,15.0333,6.5822,0.0083906040268456,0.0510666666666666,0.5033557046979866,0.0205909604519774,0,0.0
521,2,159.9978,164.3,4.302199999999999,0.0070049217002237,0.0274,0.5033557046979866,0.0525785310734463,2,0.8
521,3,58.9625,60.1,1.1375000000000028,0.0115044742729306,0.0372666666666666,0.1946308724832214,0.0301683615819209,17,6.8
521,3,84.3208,87.9333,3.612499999999997,0.0146451901565995,0.0603666666666666,0.2348993288590604,0.0320423728813559,1,0.4
521,3,103.5832,110.7333,7.150099999999995,0.0170780760626398,0.0503,0.0335570469798657,0.0435553672316384,0,0.0
521,4,70.8692,71.8,0.9307999999999907,0.0125306487695749,0.0786333333333333,0.2550335570469799,0.0181807909604519,5,2.0
521,5,159.0696,163.4667,4.397099999999995,2.237136465324385e-07,3.3333333333333335e-05,1.0,0.025557627118644,9,3.6
521,6,137.4369,141.5333,4.0963999999999885,0.0018306487695749,0.0156333333333333,0.8791946308724832,0.0185971751412429,2,0.8
521,6,211.8504,215.5333,3.682899999999989,0.0112738255033557,0.0302333333333333,0.2684563758389262,0.0399209039548022,2,0.8
521,7,290.9422,293.5,2.557799999999986,0.0115919463087248,0.0425,0.3758389261744966,0.0286231638418079,5,2.0
521,7,316.8425,320.1,3.25750000000005,0.0078657718120805,0.0633,0.6174496644295302,0.0215039548022598,3,1.2
521,8,311.0124,314.9333,3.920899999999961,0.026610514541387,0.0517333333333333,0.0067114093959731,0.02484802259887,9,3.6
521,8,326.4351,328.8667,2.431600000000003,0.0212568232662192,0.0716,0.2416107382550335,0.0383564971751412,0,0.0
521,9,13.333,17.1333,3.8002999999999982,0.0178715883668903,0.0430333333333333,0.0067114093959731,0.031564406779661,0,0.0
521,9,228.4069,230.1,1.693099999999987,0.0105478747203579,0.0289666666666666,0.1140939597315436,0.0273847457627118,8,3.2
521,10,117.5831,118.3333,0.7501999999999924,0.0013214765100671,0.0076333333333333,0.912751677852349,0.0155887005649717,0,0.0
521,10,141.6167,143.1,1.4832999999999856,0.0215715883668903,0.0525,0.0536912751677852,0.0196807909604519,6,2.4
521,10,163.9114,165.7667,1.8553,0.0062796420581655,0.0177333333333333,0.4630872483221476,0.0315536723163841,1,0.4
521,10,272.603,277.6,4.997000000000014,0.0193328859060402,0.058,0.0536912751677852,0.0364045197740113,5,2.0
521,12,97.0641,101.2667,4.202600000000004,0.007803803131991,0.023,0.2751677852348993,0.0202915254237288,8,3.2
521,12,163.3287,166.3333,3.0046000000000106,0.0003091722595078,0.0044,1.0,0.0166723163841807,0,0.0
521,13,24.462,26.4333,1.9712999999999996,0.0123881431767337,0.0419666666666666,0.1677852348993288,0.0167514124293785,3,1.2
521,13,246.0321,247.0333,1.001199999999983,0.0014194630872483,0.0057666666666666,0.9865771812080536,0.0240570621468926,0,0.0
521,15,48.5407,49.9,1.3592999999999975,1.1409395973154363e-05,0.0001,1.0,0.0144655367231638,0,0.0
521,16,302.0194,321.1333,19.1139,0.0086653243847874,0.042,0.3557046979865771,0.051445197740113,6,2.4
521,17,85.524,91.6667,6.142700000000005,0.0188393736017897,0.0409,0.0536912751677852,0.0241728813559322,1,0.4
521,17,115.9546,119.8333,3.878699999999995,0.0148196868008948,0.0385666666666666,0.1543624161073825,0.0426819209039548,7,2.8
521,18,129.1853,130.7667,1.5813999999999735,0.0097411633109619,0.0308333333333333,0.2684563758389262,0.0351225988700565,0,0.0
521,19,46.3947,55.5333,9.138599999999997,0.0081993288590604,0.0936,0.825503355704698,0.0221338983050847,0,0.0
521,19,218.7304,221.8,3.0696000000000083,4.004474272930648e-05,0.0018333333333333,1.0,0.0262112994350282,0,0.0
521,20,107.8758,116.1,8.224199999999996,0.0067789709172259,0.0353333333333333,0.6241610738255033,0.0153559322033898,2,0.8
521,20,129.2377,134.8333,5.595600000000019,0.0084897091722595,0.0420333333333333,0.3691275167785235,0.0202214689265536,0,0.0
521,20,337.1134,339.2333,2.119899999999973,0.0039357941834451,0.0201,0.6778523489932886,0.023331638418079,6,2.4
521,20,344.2837,346.3333,2.049599999999998,0.0139212527964205,0.0452333333333333,0.261744966442953,0.0271186440677966,3,1.2
521,29,356.4229,357.1333,0.7103999999999928,0.000372706935123,0.0064,0.9731543624161074,0.0108920903954802,0,0.0
521,38,197.6117,214.6,16.98829999999998,0.0280852348993288,0.0477666666666666,0.0,0.0193649717514124,3,1.2
521,45,250.2548,256.3667,6.111899999999992,8.523489932885905e-05,0.0017333333333333,1.0,0.0196553672316384,4,1.6
521,49,325.352,328.0667,2.7147000000000503,0.0,0.0,1.0,0.0295090395480226,10,4.0
521,50,106.8609,108.9333,2.072400000000002,0.0026642058165548,0.0136666666666666,0.8590604026845637,0.0129915254237288,0,0.0
521,50,123.9752,125.0667,1.0914999999999964,0.0055901565995525,0.0368,0.6711409395973155,0.0378118644067796,14,5.6
521,50,146.2145,147.6,1.3855000000000075,0.0118523489932885,0.0284,0.1677852348993288,0.0145581920903954,9,3.6
521,50,248.5848,250.9333,2.3485000000000014,0.0020252796420581,0.0104666666666666,0.8993288590604027,0.0077463276836158,3,1.2
521,50,290.2103,291.5333,1.322999999999979,0.0055957494407158,0.0188,0.6241610738255033,0.0334225988700565,18,7.2
521,51,106.9864,108.0333,1.0468999999999935,0.0030496644295302,0.0094333333333333,0.8456375838926175,0.0159898305084745,3,1.2
521,52,29.2294,31.0,1.7706000000000015,0.0136015659955257,0.0664,0.2885906040268456,0.0187779661016949,7,2.8
521,52,84.5724,86.4,1.827600000000004,0.0059458612975391,0.0358333333333333,0.6644295302013423,0.0207118644067796,1,0.4
521,52,134.0752,137.6,3.524799999999999,2.9082774049217005e-06,3.3333333333333335e-05,1.0,0.0053887005649717,2,0.8
521,52,142.8194,146.1,3.2805999999999926,0.0064657718120805,0.0185666666666666,0.4496644295302013,0.0164581920903954,5,2.0
521,53,17.2572,19.7333,2.476099999999999,0.0005241610738255,0.0117333333333333,0.953020134228188,0.0086581920903954,0,0.0
521,53,33.373,35.3333,1.960300000000004,0.0031391498881431,0.0152333333333333,0.7919463087248322,0.0281163841807909,1,0.4
521,53,202.8939,211.5667,8.672799999999995,0.0035064876957494,0.036,0.7516778523489933,0.0267559322033898,0,0.0
521,53,266.8874,272.7,5.812599999999975,0.0,0.0,1.0,0.0174853107344632,1,0.4
521,54,81.8796,82.9,1.0204000000000093,0.0128995525727069,0.0402666666666666,0.261744966442953,0.044931638418079,14,5.6
521,54,98.2909,122.5,24.209100000000007,0.0162536912751677,0.0444666666666666,0.2348993288590604,0.0196937853107344,0,0.0
522,0,28.38,32.1,3.7200000000000015,0.005282774049217,0.0223333333333333,0.6711409395973155,0.0127474576271186,12,4.8
522,8,274.659,275.8667,1.2076999999999884,0.0012445190156599,0.0075333333333333,0.959731543624161,0.0144610169491525,2,0.8
522,8,287.7462,288.5333,0.7871000000000095,0.0234570469798657,0.0518666666666666,0.0536912751677852,0.0261152542372881,6,2.4
522,9,108.3261,110.4,2.073900000000009,0.0,0.0,1.0,0.0218310734463276,0,0.0
522,9,170.1442,172.1,1.9557999999999824,0.0068492170022371,0.0286333333333333,0.4228187919463087,0.0214259887005649,1,0.4
522,9,235.1794,242.1667,6.987300000000005,0.0038393736017897,0.0271,0.7516778523489933,0.027912429378531,10,4.0
522,9,243.0148,245.7333,2.718500000000006,0.0156199105145413,0.0506666666666666,0.2483221476510067,0.0220926553672316,6,2.4
522,9,290.9956,291.5333,0.5376999999999725,0.0114617449664429,0.0350666666666666,0.2416107382550335,0.0301293785310734,8,3.2
522,9,355.8507,358.3,2.449299999999994,0.0206364653243847,0.0565,0.2281879194630872,0.0293406666666666,0,0.0
522,10,281.1305,296.1667,15.036200000000008,0.0051691275167785,0.0721333333333333,0.8389261744966443,0.0124,3,1.2
522,11,40.8274,45.7,4.872600000000006,2.237136465324385e-07,3.3333333333333335e-05,1.0,0.0156367231638418,6,2.4
522,11,131.1036,132.0,0.8963999999999999,0.0203653243847874,0.0619,0.0,0.0292271186440677,11,4.4
522,12,211.1804,212.3,1.1196000000000197,0.0190239373601789,0.0514,0.046979865771812,0.0296847457627118,10,4.0
522,12,341.8529,346.7667,4.9138000000000375,0.0032706935123042,0.0078666666666666,0.8120805369127517,0.0159186440677966,4,1.6
522,13,116.1792,119.3,3.1208000000000027,0.0041859060402684,0.0156,0.6510067114093959,0.0330988700564971,8,3.2
522,13,142.1192,145.9,3.7807999999999993,0.019565548098434,0.0452666666666666,0.2214765100671141,0.0359723163841807,6,2.4
522,14,48.5092,51.4667,2.957500000000003,0.0143590604026845,0.0449,0.1275167785234899,0.0234209039548022,0,0.0
522,14,103.5415,108.1,4.558499999999995,0.0056720357941834,0.0287,0.5838926174496645,0.0305666666666666,12,4.8
522,14,184.7784,218.2333,33.45490000000001,0.0070297539149888,0.0205666666666666,0.3288590604026846,0.0330864406779661,1,0.4
522,14,298.5838,299.7,1.116199999999992,0.0056107382550335,0.0243666666666666,0.5570469798657718,0.0352632768361581,7,2.8
525,0,19.1923,20.4,1.207699999999999,0.0162467561521252,0.0455333333333333,0.0671140939597315,0.041402824858757,11,4.4
525,0,222.7177,224.6667,1.948999999999984,1.1633109619686804e-05,0.0002666666666666,1.0,0.0315395480225988,3,1.2
525,1,224.9073,227.1,2.192700000000002,2.371364653243848e-05,0.0007,1.0,0.0338412429378531,13,5.2
525,2,181.6922,182.4333,0.7410999999999888,0.0034834451901565,0.0170333333333333,0.6845637583892618,0.0265525423728813,0,0.0
525,3,218.3424,232.6,14.257599999999996,0.0081881431767337,0.0446333333333333,0.436241610738255,0.0297107344632768,3,1.2
525,3,250.0277,251.3,1.272300000000001,0.0,0.0,1.0,0.0185271186440678,0,0.0
525,4,97.8341,108.2667,10.432599999999994,0.0059637583892617,0.0286333333333333,0.5906040268456376,0.0217870056497175,4,1.6
525,4,173.4651,174.2333,0.7682000000000073,0.0,0.0,1.0,0.0151711864406779,0,0.0
525,4,194.5666,208.2667,13.700099999999992,0.0064127516778523,0.0217,0.4899328859060403,0.0123056497175141,0,0.0
525,4,270.409,282.9,12.490999999999984,0.0126923937360178,0.0436333333333333,0.1275167785234899,0.0196604519774011,1,0.4
525,4,311.6385,312.4667,0.8281999999999812,0.0052208053691275,0.0736333333333333,0.87248322147651,0.0158401129943502,0,0.0
525,4,323.6663,327.7,4.03370000000001,0.0078422818791946,0.0323,0.348993288590604,0.0285062146892655,4,1.6
525,5,74.9678,90.2667,15.298900000000003,0.0307237136465324,0.0877,0.0,0.043509604519774,0,0.0
525,5,147.2839,155.6,8.316100000000006,0.023548769574944,0.0531,0.0,0.0256101694915254,2,0.8
525,6,200.8155,204.2667,3.4512,0.0,0.0,1.0,0.0120118644067796,1,0.4
525,6,226.1092,227.5667,1.4575000000000102,4.47427293064877e-07,3.3333333333333335e-05,1.0,0.0360022598870056,0,0.0
525,6,255.9651,256.8667,0.9015999999999736,0.0101091722595078,0.0669,0.5033557046979866,0.0226163841807909,0,0.0
525,7,41.8112,47.5333,5.7220999999999975,0.010658836689038,0.0522333333333333,0.5167785234899329,0.0214751412429378,6,2.4
525,7,70.1786,77.5667,7.388099999999994,0.0098465324384787,0.0328,0.2953020134228188,0.0194056497175141,0,0.0
525,7,258.0525,259.2333,1.1807999999999763,0.0220158836689038,0.0595,0.1140939597315436,0.0286864406779661,1,0.4
525,8,60.6234,61.6667,1.043300000000002,0.0088219239373601,0.0305333333333333,0.4026845637583892,0.0381225988700564,1,0.4
525,8,275.9832,291.8333,15.850099999999998,0.0056503355704697,0.0237333333333333,0.4899328859060403,0.0434655367231638,5,2.0
525,8,330.3412,330.5,0.1587999999999851,0.0051313199105145,0.0372,0.7718120805369127,0.0234915254237288,0,0.0
525,9,291.0069,294.2333,3.2264000000000124,0.0069635346756152,0.0339666666666666,0.6644295302013423,0.0480282485875706,12,4.8
525,10,190.8189,193.5,2.6810999999999865,0.0110695749440715,0.0515666666666666,0.3020134228187919,0.0457497175141242,9,3.6
525,10,250.5691,253.5,2.9309000000000083,0.005113870246085,0.025,0.610738255033557,0.0305988700564971,1,0.4
525,11,135.8236,139.1,3.2763999999999958,7.38255033557047e-06,0.0002333333333333,1.0,0.0069728813559322,0,0.0
525,11,183.0353,193.1333,10.097999999999985,6.711409395973154e-07,6.666666666666667e-05,1.0,0.0192926553672316,1,0.4
525,11,197.2586,199.8,2.54140000000001,0.0210362416107382,0.0481666666666666,0.0134228187919463,0.0261175141242937,4,1.6
525,12,42.5038,44.7333,2.2295000000000016,0.0027407158836689,0.0114,0.8993288590604027,0.0136785310734463,0,0.0
525,12,73.4255,74.8,1.3744999999999976,0.0083342281879194,0.0295333333333333,0.436241610738255,0.0276079096045197,18,7.2
525,12,213.6467,217.9333,4.286599999999993,0.0198637583892617,0.0632,0.0,0.0374677966101694,4,1.6
525,13,136.6728,138.7667,2.0938999999999908,8.277404921700225e-06,0.0001,1.0,0.0187011299435028,0,0.0
525,13,197.3704,211.1,13.729600000000003,0.0191194630872483,0.053,0.174496644295302,0.0219158192090395,0,0.0
525,15,294.4146,298.9333,4.518699999999967,0.0095279642058165,0.0226333333333333,0.2416107382550335,0.0274271186440678,0,0.0
525,15,307.1271,313.3667,6.239599999999996,0.0113729306487695,0.0357666666666666,0.1476510067114094,0.0342853107344632,0,0.0
525,16,245.4224,264.1333,18.71090000000001,0.0104953020134228,0.0404666666666666,0.2416107382550335,0.0261553672316384,3,1.2
525,16,316.6846,318.4333,1.7486999999999853,0.0010447427293064,0.0182333333333333,0.9261744966442952,0.0164954802259887,0,0.0
525,16,324.6195,329.6333,5.013800000000003,0.0108270693512304,0.0340666666666666,0.1879194630872483,0.0271440677966101,1,0.4
526,0,12.6657,15.6667,3.001000000000001,4.519015659955257e-05,0.0055333333333333,0.9932885906040269,0.0144885057471264,4,1.6
526,0,98.2759,100.3,2.024100000000004,0.0119062639821029,0.0359,0.1208053691275167,0.0329661016949152,15,6.0
526,0,110.1995,112.1333,1.933800000000005,0.0130812080536912,0.0447,0.2885906040268456,0.0227638418079096,2,0.8
526,0,237.5451,240.4333,2.888200000000012,0.0064825503355704,0.0324333333333333,0.5503355704697986,0.0348717514124293,6,2.4
526,0,261.3993,264.9333,3.533999999999992,0.0358355704697986,0.1037666666666666,0.0134228187919463,0.0334107344632768,3,1.2
526,1,210.6134,211.9667,1.3532999999999902,0.0040427293064876,0.02,0.6711409395973155,0.0220757062146892,0,0.0
526,1,254.3668,256.6,2.2332000000000107,0.0072885906040268,0.0349333333333333,0.5100671140939598,0.0230915254237288,0,0.0
526,1,311.1061,313.3,2.193899999999985,0.0219008948545861,0.0947666666666666,0.1275167785234899,0.0413084745762711,11,4.4
526,2,37.9445,42.7,4.755500000000005,0.020065548098434,0.1024,0.2080536912751678,0.0191299435028248,3,1.2
526,2,114.7753,118.0667,3.291399999999996,0.0054872483221476,0.0235666666666666,0.5973154362416108,0.0275322033898305,4,1.6
526,3,18.4366,19.8667,1.430100000000003,0.0,0.0,1.0,0.0283152542372881,0,0.0
526,3,299.0159,301.6333,2.617400000000032,0.0027682326621923,0.0213,0.87248322147651,0.0459169491525423,0,0.0
526,4,129.4381,130.3333,0.8952000000000169,0.0092062639821029,0.0375,0.4563758389261745,0.0171700564971751,8,3.2
526,4,220.5919,222.1333,1.5413999999999817,0.004948322147651,0.047,0.7785234899328859,0.0914881355932203,0,0.0
526,5,1.3326,4.9,3.5674,0.0017762863534675,0.0279,0.8993288590604027,0.0234915254237288,4,1.6
526,5,174.9385,176.7,1.761499999999984,4.161073825503356e-05,0.0006,1.0,0.0253203389830508,6,2.4
526,5,197.701,199.8667,2.1657000000000157,1.7225950782997762e-05,0.0001333333333333,1.0,0.0254553672316384,3,1.2
526,5,221.3621,224.0667,2.7045999999999992,8.277404921700225e-06,0.0001,1.0,0.0119774011299435,0,0.0
526,6,143.4332,144.2667,0.8334999999999866,0.0083749440715883,0.0403666666666666,0.4899328859060403,0.0264446327683615,0,0.0
526,6,210.9659,212.9667,2.000799999999998,0.0140805369127516,0.0335666666666666,0.1275167785234899,0.0306401129943502,4,1.6
526,6,227.3263,229.4333,2.1069999999999998,0.0192272930648769,0.0796666666666666,0.1543624161073825,0.0299875706214689,1,0.4
526,7,154.5067,156.8667,2.3600000000000136,0.000638255033557,0.0086,0.9731543624161074,0.0269276836158192,0,0.0
526,7,178.6332,180.9,2.2668000000000177,2.237136465324385e-07,3.3333333333333335e-05,1.0,0.0237581920903954,0,0.0
526,7,228.4517,237.8667,9.41500000000002,0.0255780760626398,0.0877,0.0536912751677852,0.0263598870056497,4,1.6
526,8,187.7448,189.9333,2.1885000000000048,0.0036183445190156,0.0218,0.7651006711409396,0.0502824858757062,0,0.0
526,9,17.3235,18.6333,1.3097999999999992,0.0,0.0,1.0,0.0259231638418079,0,0.0
526,9,106.898,108.6333,1.7353000000000094,0.0,0.0,1.0,0.0105406779661016,0,0.0
526,9,197.5686,198.2333,0.6647000000000105,0.0,0.0,1.0,0.0060344632768361,0,0.0
526,9,253.4045,255.7333,2.328800000000001,0.0022548098434004,0.0152333333333333,0.8590604026845637,0.0382804597701149,2,0.8
526,10,98.3306,100.8667,2.5360999999999905,4.519015659955257e-05,0.0011,1.0,0.0226903954802259,0,0.0
526,10,176.4966,178.0,1.5033999999999992,0.0123237136465324,0.0392666666666666,0.1006711409395973,0.0135841807909604,3,1.2
526,10,189.4879,190.5333,1.0454000000000008,0.0152136465324384,0.0472,0.0268456375838926,0.0303401129943502,0,0.0
526,11,297.8312,300.0,2.168799999999976,0.0008550335570469,0.0131666666666666,0.9261744966442952,0.0181661016949152,1,0.4
526,11,329.4826,333.6667,4.184100000000001,1.3422818791946309e-06,3.3333333333333335e-05,1.0,0.0122,0,0.0
526,12,1.6699,3.4333,1.7634,0.0062120805369127,0.0256666666666666,0.6040268456375839,0.0173700564971751,0,0.0
526,12,46.5332,53.0333,6.500099999999996,0.0,0.0,1.0,0.0299819209039548,3,1.2
526,12,116.9154,120.7333,3.8178999999999945,0.0068597315436241,0.0305666666666666,0.5302013422818792,0.0258282485875706,0,0.0
526,12,179.3488,182.3333,2.984499999999997,0.0015194630872483,0.0080333333333333,0.9463087248322148,0.0183661016949152,0,0.0
526,12,202.1176,206.1333,4.015699999999981,0.0090583892617449,0.0419333333333333,0.3758389261744966,0.0105355932203389,0,0.0
526,13,213.8083,215.8667,2.058400000000006,0.0146791946308724,0.0432,0.2281879194630872,0.0226819209039548,7,2.8
526,13,275.419,279.4667,4.04770000000002,0.0247731543624161,0.0735,0.0604026845637583,0.0433418079096045,2,0.8
526,14,142.6429,150.2667,7.623799999999989,0.0114413870246085,0.0459666666666666,0.1073825503355704,1.6949152542372882e-06,0,0.0
526,14,171.5436,173.9,2.356400000000008,2.237136465324385e-07,3.3333333333333335e-05,1.0,0.0263271186440677,0,0.0
526,14,207.4204,209.8,2.3796000000000106,0.0,0.0,1.0,0.02394802259887,0,0.0
526,14,237.4605,239.3667,1.9062000000000128,4.47427293064877e-07,3.3333333333333335e-05,1.0,0.0232621468926553,0,0.0
526,15,34.8662,36.8,1.933799999999998,1.655480984340045e-05,0.0008666666666666,1.0,0.0233101694915254,0,0.0
526,15,107.5487,109.4667,1.9180000000000064,3.8031319910514553e-06,0.0001333333333333,1.0,0.0167593220338983,0,0.0
526,15,185.6381,187.1667,1.528599999999983,5.1454138702460855e-06,6.666666666666667e-05,1.0,0.0277175141242937,0,0.0
526,15,203.3784,211.9,8.521600000000007,0.0172651006711409,0.0812666666666666,0.0939597315436241,0.0240050847457627,3,1.2
526,16,75.9926,77.5,1.507400000000004,5.838926174496645e-05,0.0002333333333333,1.0,0.0233655367231638,0,0.0
526,16,203.9092,206.7333,2.824100000000016,0.0,0.0,1.0,0.0202536723163841,0,0.0
526,16,227.6442,231.5667,3.922499999999985,6.711409395973154e-07,3.3333333333333335e-05,1.0,0.0125649717514124,0,0.0
526,16,299.9498,301.9333,1.9834999999999925,0.0,0.0,1.0,0.0178146892655367,0,0.0
526,18,42.0328,46.1667,4.133899999999997,0.0197060402684563,0.0565666666666666,0.2147651006711409,0.0313830508474576,3,1.2
526,18,80.0041,84.8333,4.8292,0.0062514541387024,0.0238333333333333,0.5503355704697986,0.0156429378531073,0,0.0
526,18,352.6227,355.7,3.07729999999998,0.009362192393736,0.0284333333333333,0.2080536912751678,0.0378457627118644,3,1.2
526,19,188.1241,193.8667,5.74260000000001,0.0104279642058165,0.0514,0.3221476510067114,0.018274011299435,0,0.0
526,19,304.4049,307.4,2.9950999999999794,0.0,0.0,1.0,0.0253209039548022,0,0.0
526,20,28.8683,31.1667,2.2983999999999973,2.237136465324385e-07,3.3333333333333335e-05,1.0,0.0259276836158192,0,0.0
526,20,108.9569,110.5667,1.6097999999999928,0.0,0.0,1.0,0.0167237288135593,0,0.0
526,20,127.6533,129.9667,2.313400000000001,0.0038237136465324,0.0451,0.8590604026845637,0.0145666666666666,0,0.0
526,20,245.7957,246.8333,1.0375999999999976,2.237136465324385e-07,3.3333333333333335e-05,1.0,0.0201954802259887,0,0.0
526,20,345.0238,346.5,1.4762000000000055,0.0105400447427293,0.0282666666666666,0.046979865771812,0.0140774011299435,2,0.8
526,24,53.6186,58.4667,4.848100000000002,0.0,0.0,1.0,0.0118728813559322,1,0.4
526,24,62.1853,66.6667,4.481400000000008,0.0079076062639821,0.0303333333333333,0.4697986577181208,0.0158463276836158,1,0.4
526,24,146.5833,151.4667,4.883399999999995,0.0,0.0,1.0,0.0420570621468926,2,0.8
526,24,176.8184,179.6333,2.8148999999999944,0.0,0.0,1.0,0.0136497175141242,0,0.0
526,24,219.7903,224.9,5.109700000000004,0.0,0.0,1.0,0.0177141242937853,0,0.0
526,29,191.9102,200.9667,9.0565,0.0,0.0,1.0,0.0147604519774011,0,0.0
526,30,291.2338,297.2,5.966200000000015,1.1185682326621925e-06,6.666666666666667e-05,1.0,0.013883615819209,0,0.0
526,31,40.0239,42.3667,2.342800000000004,4.47427293064877e-07,3.3333333333333335e-05,1.0,0.0141661016949152,0,0.0
526,31,153.6771,156.7333,3.0562000000000182,2.237136465324385e-07,3.3333333333333335e-05,1.0,0.0103960451977401,0,0.0
526,31,225.6234,227.2667,1.6432999999999822,0.0,0.0,1.0,0.0114039548022598,0,0.0
526,31,331.8908,348.8,16.9092,0.0,0.0,1.0,0.0104615819209039,0,0.0
526,32,277.8972,281.5333,3.636099999999999,0.0,0.0,1.0,0.0083367231638418,0,0.0
526,33,83.5539,95.7,12.146100000000004,0.0,0.0,1.0,0.0128485875706214,0,0.0
526,33,282.8176,301.3,18.482399999999984,0.0141619686800894,0.0406,0.3422818791946309,0.0212457627118644,0,0.0
526,34,143.9873,147.5667,3.5793999999999926,8.232662192393737e-05,0.0018,1.0,0.0243468926553672,9,3.6
526,36,322.036,327.6667,5.63069999999999,0.0057360178970917,0.0348333333333333,0.5637583892617449,0.0272146892655367,1,0.4
526,37,27.1351,37.6333,10.498199999999995,0.0111684563758389,0.0557333333333333,0.610738255033557,0.0127497175141242,0,0.0
526,37,108.2353,111.4333,3.1980000000000075,0.0060096196868008,0.0581666666666666,0.8053691275167785,0.0001858757062146,0,0.0
526,37,130.2561,135.1,4.843899999999991,4.519015659955257e-05,0.0014,1.0,0.0086728813559322,0,0.0
526,37,315.7398,320.0667,4.326900000000023,0.0,0.0,1.0,0.0095045197740112,0,0.0
526,38,126.1421,132.2667,6.124599999999987,0.0149850111856823,0.1257666666666666,0.5973154362416108,0.0824779661016949,0,0.0
526,38,149.0404,151.6,2.559599999999989,0.0,0.0,1.0,0.0189949152542372,0,0.0
526,38,169.7937,177.0,7.206299999999999,0.0128986577181208,0.0404,0.087248322147651,0.0217203389830508,1,0.4
526,38,246.6335,252.1667,5.533199999999994,0.0072859060402684,0.0325666666666666,0.5436241610738255,0.0397615819209039,1,0.4
526,39,30.2858,33.6333,3.3475,4.47427293064877e-07,3.3333333333333335e-05,1.0,0.0190045197740113,0,0.0
526,39,50.4741,54.9,4.425899999999999,0.0175346756152125,0.0740333333333333,0.1879194630872483,0.0704813559322034,0,0.0
526,39,146.9108,156.0667,9.155900000000004,0.0158422818791946,0.0458,0.1006711409395973,0.0346638418079096,3,1.2
526,39,196.6122,198.7,2.087799999999987,0.0,0.0,1.0,0.0160282485875706,0,0.0
526,40,173.9438,180.7,6.756199999999978,0.0,0.0,1.0,0.0159536723163841,0,0.0
526,40,205.7694,211.0333,5.263900000000007,0.0,0.0,1.0,0.0208531073446327,0,0.0
526,41,215.2672,216.0333,0.7660999999999945,0.0148463087248322,0.0484333333333333,0.1543624161073825,0.0537598870056497,4,1.6
526,41,242.0759,247.7667,5.690799999999996,0.0190829977628635,0.0462666666666666,0.087248322147651,0.0217847457627118,0,0.0
526,42,7.8852,11.7,3.814799999999999,0.0172123042505592,0.0667,0.2281879194630872,0.0194627118644067,0,0.0
526,42,49.7527,51.7667,2.014000000000003,2.237136465324385e-07,3.3333333333333335e-05,1.0,0.0268118644067796,0,0.0
526,42,96.2918,99.2667,2.974900000000005,0.0009736017897091,0.0178,0.9261744966442952,0.0168440677966101,0,0.0
526,42,137.9315,145.3,7.368500000000012,0.0026503355704697,0.0335,0.8523489932885906,0.032083615819209,5,2.0
526,42,189.8295,190.8667,1.0372000000000128,0.0098651006711409,0.0364,0.4161073825503356,0.0194242937853107,6,2.4
526,43,86.9021,95.3,8.397899999999993,0.0078040268456375,0.0750666666666666,0.7449664429530202,0.0173875706214689,0,0.0
526,43,105.7836,110.8667,5.083099999999988,0.0150935123042505,0.0436333333333333,0.0805369127516778,0.0324141242937853,3,1.2
526,43,163.6095,167.6333,4.023799999999994,0.0060583892617449,0.0313333333333333,0.6040268456375839,0.0223954802259887,0,0.0
526,49,313.1271,314.0,0.8729000000000156,0.0133418344519015,0.0378,0.174496644295302,0.0130333333333333,15,6.0
526,50,208.4451,211.9,3.454900000000009,0.0262485458612975,0.0623,0.0134228187919463,0.0186502824858757,6,2.4
526,53,208.5127,210.3333,1.820600000000013,6.107382550335571e-05,0.0004666666666666,1.0,0.0104864406779661,10,4.0
526,62,12.0581,18.4333,6.3752,0.0091711409395973,0.0274,0.3825503355704698,0.0041757062146892,9,3.6
526,69,158.0175,167.2,9.182499999999976,0.0062838926174496,0.0399,0.5838926174496645,0.0240022598870056,12,4.8
526,70,90.9093,97.3333,6.423999999999992,0.0017953020134228,0.0075333333333333,0.8187919463087249,0.0060389830508474,2,0.8
526,70,189.3864,193.2667,3.880299999999977,2.237136465324385e-06,3.3333333333333335e-05,1.0,0.0065033898305084,6,2.4
526,71,60.5583,65.3,4.7416999999999945,0.0017637583892617,0.009,0.8791946308724832,0.0111559322033898,10,4.0
526,74,182.234,202.5333,20.299299999999988,7.38255033557047e-06,0.0001333333333333,1.0,0.0153870056497175,2,0.8
526,79,240.2584,242.2,1.941599999999994,0.0071221476510067,0.0383666666666666,0.5906040268456376,0.0150858757062146,12,4.8
526,80,118.7756,119.4333,0.6577000000000055,0.0004302013422818,0.0065333333333333,0.9798657718120806,0.0117299435028248,3,1.2
526,80,175.6133,176.6333,1.0199999999999818,0.0038,0.0117666666666666,0.6442953020134228,0.0105706214689265,9,3.6
526,82,302.7031,306.0,3.2968999999999937,0.0080064876957494,0.0356,0.4295302013422818,0.024054802259887,2,0.8
526,88,156.6709,160.6667,3.9958000000000022,0.0004912751677852,0.0030333333333333,1.0,0.0034101694915254,5,2.0
526,89,74.917,77.7,2.7830000000000013,0.0167731543624161,0.0362,0.087248322147651,0.0227468926553672,9,3.6
526,89,164.9706,168.8667,3.8961000000000174,0.0092011185682326,0.0248666666666666,0.261744966442953,0.0189474576271186,2,0.8
526,89,291.8967,293.5667,1.670000000000016,0.0252724832214765,0.0617333333333333,0.0,0.0412259887005649,3,1.2
526,89,316.5815,318.8333,2.251800000000003,0.0099326621923937,0.0471,0.261744966442953,0.023728813559322,4,1.6
526,90,28.6138,33.0333,4.419499999999996,0.0023279642058165,0.0342,0.9328859060402684,0.0223231638418079,0,0.0
526,90,93.2213,94.4333,1.2120000000000033,0.0015961968680089,0.0043333333333333,1.0,0.0218112994350282,0,0.0
526,90,185.8795,188.6333,2.753799999999984,0.0137684563758389,0.0465333333333333,0.1610738255033557,0.0227079096045197,2,0.8
526,90,216.8405,218.5667,1.7262000000000055,0.013196644295302,0.0466666666666666,0.2483221476510067,0.0223163841807909,4,1.6
526,91,78.8166,81.1,2.2834000000000003,0.0046418344519015,0.0231666666666666,0.6375838926174496,0.023693220338983,5,2.0
526,91,123.3092,125.2667,1.957499999999996,0.0068742729306487,0.0310666666666666,0.5033557046979866,0.0144112994350282,0,0.0
526,92,222.2148,229.4,7.185200000000009,0.0134496644295302,0.0489333333333333,0.1476510067114094,0.016564406779661,3,1.2
526,93,45.0728,47.7667,2.6938999999999997,0.0076527964205816,0.0428666666666666,0.6442953020134228,0.0229723163841807,13,5.2
526,93,88.6775,99.7333,11.055800000000003,0.0028823266219239,0.0177,0.7516778523489933,0.0339649717514124,5,2.0
526,93,198.6238,199.3667,0.7429000000000201,7.829977628635348e-06,0.0002,1.0,0.0175305084745762,2,0.8
526,93,235.7955,240.4667,4.671199999999999,0.0009838926174496,0.0108666666666666,0.9261744966442952,0.0236892655367231,3,1.2
526,93,315.7631,323.4667,7.703599999999994,5.369127516778524e-06,0.0002666666666666,1.0,0.0361847457627118,1,0.4
526,94,84.8499,86.0333,1.1833999999999918,0.0001988814317673,0.0066,0.9731543624161074,0.005867231638418,7,2.8
526,94,291.761,296.5667,4.805700000000002,0.0033342281879194,0.021,0.8389261744966443,0.0075180790960451,10,4.0
526,95,3.2853,7.5,4.214700000000001,0.0010818791946308,0.0045,1.0,0.0098649717514124,3,1.2
526,95,40.4983,42.3333,1.8350000000000009,0.0113194630872483,0.044,0.3154362416107382,0.0145350282485875,3,1.2
526,95,159.257,162.4333,3.1762999999999977,0.0326228187919463,0.1287666666666666,0.3355704697986577,0.0272090395480226,1,0.4
526,95,322.3398,322.4333,0.093499999999949,0.0044395973154362,0.0459666666666666,0.7986577181208053,0.013876836158192,4,1.6
526,97,92.8753,97.0667,4.191400000000002,0.0003615212527964,0.0091666666666666,0.959731543624161,0.0079293785310734,12,4.8
526,97,193.2211,196.6,3.378899999999988,1.1185682326621926e-05,0.0002,1.0,0.0159525423728813,10,4.0
526,106,84.9207,88.3667,3.445999999999998,0.0019548098434004,0.0072333333333333,0.8993288590604027,0.014112429378531,9,3.6
526,106,108.7561,112.7667,4.010599999999997,0.0139914988814317,0.0439666666666666,0.1208053691275167,0.0093542372881355,2,0.8
526,106,147.3898,150.7667,3.376899999999978,0.0132458612975391,0.0666,0.1946308724832214,0.0250807909604519,7,2.8
526,108,174.0865,179.9667,5.880200000000002,0.0125156599552572,0.0597666666666666,0.4496644295302013,0.0374638418079096,9,3.6
527,0,126.3328,128.0333,1.700499999999991,0.0022507829977628,0.0127,0.959731543624161,0.0159802259887005,4,1.6
527,0,129.5726,130.5667,0.9941000000000032,0.0067102908277404,0.0355666666666666,0.5771812080536913,0.0098632768361581,5,2.0
527,2,157.4981,158.3667,0.8686000000000149,0.0030628635346756,0.0141,0.7986577181208053,0.0223209039548022,11,4.4
527,2,204.9911,205.8667,0.8756000000000199,0.0058729306487695,0.0234,0.5369127516778524,0.0164045197740113,5,2.0
527,2,243.0529,252.0333,8.980400000000003,0.0026583892617449,0.0092,0.8389261744966443,0.0059632768361581,2,0.8
527,3,176.647,178.7,2.0529999999999973,0.0008975391498881,0.0134,0.9395973154362416,0.0161994350282485,9,3.6
527,4,281.665,294.6667,13.001699999999971,0.0088565995525727,0.0356,0.4161073825503356,0.007267231638418,0,0.0
527,8,34.1551,56.6,22.444900000000004,0.0012583892617449,0.0115666666666666,0.8791946308724832,0.0093711864406779,0,0.0
527,9,154.8607,158.7,3.83929999999998,0.0001628635346756,0.0025,1.0,0.009338418079096,10,4.0
527,10,135.1229,137.5333,2.41040000000001,0.0023539149888143,0.0073333333333333,0.9261744966442952,0.0133016949152542,5,2.0
527,11,164.0178,173.2333,9.21550000000002,0.0018362416107382,0.0144333333333333,0.912751677852349,0.0159570621468926,15,6.0
527,13,5.7539,6.9,1.1461000000000006,0.0088078299776286,0.0702333333333333,0.6442953020134228,0.042802824858757,3,1.2
527,13,323.3454,327.3333,3.9879000000000246,0.0086740492170022,0.0320666666666666,0.4765100671140939,0.0235152542372881,7,2.8
527,15,289.9824,293.5,3.517600000000016,0.0046814317673378,0.0207333333333333,0.697986577181208,0.0091909604519774,4,1.6
527,18,129.9166,139.4333,9.516700000000014,0.0171733780760626,0.0514333333333333,0.2013422818791946,0.0319661016949152,2,0.8
527,22,262.6984,296.0,33.30160000000001,0.0272686800894854,0.0625333333333333,0.0805369127516778,0.0218265536723163,9,3.6
529,3,333.79,345.1333,11.3433,4.675615212527965e-05,0.0008333333333333,1.0,0.0384875706214689,4,1.6
529,4,155.9018,172.6667,16.764899999999983,0.0388610738255033,0.1015666666666666,0.0067114093959731,0.0416197740112994,0,0.0
529,8,241.5537,243.8667,2.3130000000000166,0.0036156599552572,0.0131,0.6644295302013423,0.0239983050847457,3,1.2
529,10,19.5439,20.8667,1.3228000000000009,0.0112366890380313,0.0402666666666666,0.1946308724832214,0.0149508474576271,6,2.4
529,10,167.865,169.0333,1.168299999999988,0.0169275167785234,0.0586333333333333,0.0402684563758389,0.0249581920903954,6,2.4
529,10,227.243,241.0667,13.823700000000002,0.0073550335570469,0.0319666666666666,0.3221476510067114,0.0158118644067796,6,2.4
529,13,71.4544,94.6,23.145599999999988,0.0001270693512304,0.0010333333333333,1.0,0.0212751412429378,0,0.0
530,2,262.916,264.5,1.5840000000000032,2.460850111856824e-06,0.0001,1.0,0.0156508474576271,3,1.2
530,3,7.4853,10.5667,3.081400000000001,2.6845637583892617e-06,0.0001,1.0,0.0089338983050847,6,2.4
530,3,70.2505,71.9333,1.6828000000000003,0.0026127516778523,0.0114666666666666,0.906040268456376,0.0242135593220339,0,0.0
530,3,351.3044,354.8,3.4956000000000245,0.0026991051454138,0.0165,0.825503355704698,0.0214327683615819,2,0.8
530,7,99.3818,101.2667,1.8849000000000016,2.908277404921701e-06,0.0002,1.0,0.009922033898305,0,0.0
530,7,131.3372,135.9,4.56280000000001,3.3557046979865773e-06,0.0001666666666666,1.0,0.0074802259887005,2,0.8
530,9,57.8194,61.0667,3.247299999999996,0.003572706935123,0.0261666666666666,0.7718120805369127,0.0123813559322033,4,1.6
530,9,150.3325,151.6333,1.300799999999981,0.003762192393736,0.0180333333333333,0.7583892617449665,0.0331508474576271,4,1.6
530,9,211.8891,213.3,1.410899999999998,0.0001114093959731,0.0016,1.0,0.0134694915254237,0,0.0
530,9,254.0767,255.3,1.2233000000000231,0.0062935123042505,0.0183,0.4429530201342282,0.011793220338983,10,4.0
530,9,313.2598,315.7333,2.4735000000000014,0.0055881431767337,0.0181333333333333,0.5369127516778524,0.0499666666666666,3,1.2
530,9,321.0192,323.3667,2.347499999999968,0.0200460850111856,0.1203333333333333,0.5704697986577181,0.0112135593220338,0,0.0
530,10,63.4045,66.4667,3.0622000000000043,2.0581655480984346e-05,0.0005333333333333,1.0,0.0256587570621468,10,4.0
530,10,275.7787,321.4333,45.65459999999996,0.0087017897091722,0.0270333333333333,0.261744966442953,0.0205079096045197,13,5.2
530,11,163.2122,169.3333,6.121100000000013,3.131991051454139e-06,0.0001,1.0,0.017719209039548,0,0.0
530,16,307.384,309.4667,2.0826999999999884,2.0357941834451905e-05,0.0004,1.0,0.0251723163841807,0,0.0
532,2,44.2196,52.3667,8.147100000000002,0.0003597315436241,0.0025,1.0,0.0242169491525423,0,0.0
532,2,214.3586,215.0667,0.7081000000000017,0.0026022371364653,0.0109,0.8322147651006712,0.0242525423728813,0,0.0
532,5,246.9227,256.7333,9.810599999999994,0.0164,0.0591333333333333,0.174496644295302,0.0413084745762711,13,5.2
534,3,91.1408,98.5333,7.392499999999998,0.0002532438478747,0.0025,1.0,0.0326960451977401,1,0.4
534,3,169.9414,181.0333,11.09190000000001,0.0006590604026845,0.0041333333333333,1.0,0.0411435028248587,7,2.8
534,3,339.7807,341.6,1.8192999999999984,0.0009514541387024,0.0040333333333333,1.0,0.0332677966101694,0,0.0
534,4,153.8186,155.9333,2.114699999999999,0.0005398210290827,0.0052666666666666,0.9932885906040269,0.0232045197740113,0,0.0
534,4,177.7546,178.8,1.0454000000000008,0.0170055928411633,0.1933,0.4295302013422818,0.0089186440677966,1,0.4
534,4,185.3522,186.9667,1.6144999999999925,0.0417729306487695,0.2060666666666666,0.3355704697986577,0.1416310734463277,0,0.0
534,4,228.9869,264.9667,35.97980000000001,0.0003749440715883,0.0028666666666666,1.0,0.1029943502824858,1,0.4
534,4,298.1121,299.4333,1.3211999999999762,9.395973154362418e-05,0.0020666666666666,1.0,0.0138361581920903,0,0.0
534,4,319.2104,323.5667,4.356300000000033,0.0001651006711409,0.0025666666666666,1.0,0.0286632768361581,1,0.4
534,4,352.2731,355.7667,3.493600000000015,0.0001617449664429,0.0027333333333333,1.0,0.0067259887005649,2,0.8
534,6,172.8923,176.5333,3.640999999999991,0.0003098434004474,0.0043666666666666,1.0,0.0160802259887005,6,2.4
534,6,234.0823,235.4333,1.350999999999999,0.000789932885906,0.0057666666666666,0.9865771812080536,0.0077158192090395,0,0.0
534,7,180.1923,186.4333,6.241000000000014,0.0056850111856823,0.0197666666666666,0.4630872483221476,0.0257016949152542,5,2.0
534,7,193.1366,194.5667,1.43010000000001,0.0251829977628635,0.0689333333333333,0.0335570469798657,0.0514841807909604,6,2.4
534,8,190.8208,193.0,2.1792000000000087,0.0031946308724832,0.0341,0.8590604026845637,0.0223559322033898,2,0.8
534,9,186.4161,189.9667,3.550600000000003,0.0273049217002237,0.0907,0.0335570469798657,0.036009604519774,8,3.2
534,9,222.7986,228.9333,6.134700000000009,0.0271789709172259,0.0919333333333333,0.1006711409395973,0.0315248587570621,5,2.0
534,10,44.5747,51.4333,6.858600000000003,0.000265995525727,0.0029333333333333,1.0,0.0678971751412429,2,0.8
534,10,111.7776,113.3667,1.5890999999999875,0.0109944071588366,0.0525333333333333,0.3892617449664429,0.0427785310734463,0,0.0
534,10,167.2791,168.8333,1.554200000000009,0.0260494407158836,0.0945,0.1610738255033557,0.0332892655367231,2,0.8
534,10,193.0468,193.7333,0.6865000000000236,0.0266451901565995,0.1145666666666666,0.0335570469798657,0.0566536723163841,2,0.8
534,10,210.8242,211.7667,0.9424999999999956,0.023342058165548,0.0939666666666666,0.261744966442953,0.0549435028248587,0,0.0
534,10,236.8868,237.4667,0.5799000000000092,0.0149548098434004,0.0752333333333333,0.1073825503355704,0.0368819209039548,1,0.4
534,10,305.4797,321.6333,16.15360000000004,0.0140308724832214,0.0496666666666666,0.0805369127516778,0.0245338983050847,2,0.8
534,11,101.4812,103.9333,2.452100000000001,0.0042749440715883,0.0766,0.8523489932885906,0.0294717514124293,4,1.6
534,11,128.4826,129.2667,0.7840999999999951,0.0416635346756152,0.1145333333333333,0.1073825503355704,0.0368864406779661,2,0.8
534,12,116.2753,118.1667,1.8914000000000044,6.711409395973154e-07,6.666666666666667e-05,1.0,0.0242615819209039,0,0.0
534,12,119.8804,121.0667,1.1863000000000028,0.0096013422818791,0.0734666666666666,0.6510067114093959,0.0393203389830508,5,2.0
534,12,355.6811,357.4,1.7188999999999623,0.0075982102908277,0.0381666666666666,0.3221476510067114,0.0371802259887005,0,0.0
534,13,68.8094,69.5,0.6906000000000034,0.0004680089485458,0.0057,0.9932885906040269,0.0142875706214689,0,0.0
534,14,299.4948,300.9,1.4051999999999794,0.0080673378076062,0.0827,0.7785234899328859,0.027274011299435,0,0.0
534,14,318.2209,320.1333,1.912400000000048,0.0469208053691275,0.1098,0.0,0.0279536723163841,2,0.8
534,15,42.9872,44.1333,1.146099999999997,0.0033463087248322,0.0128666666666666,0.7583892617449665,0.0428361581920904,0,0.0
534,23,67.857,79.5,11.643,0.0099637583892617,0.0279,0.2013422818791946,0.0133401129943502,4,1.6
535,0,225.3254,226.0333,0.7078999999999951,0.0,0.0,1.0,0.0123361581920903,7,2.8
535,1,23.1248,23.8333,0.7085000000000008,1.7225950782997762e-05,0.0002666666666666,1.0,0.0055158192090395,0,0.0
535,1,280.3122,292.4,12.08779999999996,1.1185682326621926e-05,0.0004,1.0,0.0053915254237288,4,1.6
535,7,311.0402,313.7667,2.7264999999999877,0.0011541387024608,0.0117,0.9463087248322148,0.0071248587570621,6,2.4
535,7,333.5641,343.3333,9.769200000000012,0.0053029082774049,0.0280333333333333,0.6308724832214765,0.0198593220338983,3,1.2
535,8,201.3878,202.5333,1.1454999999999984,0.0050425055928411,0.0224666666666666,0.6174496644295302,0.0181638418079096,2,0.8
535,10,262.6817,264.6,1.9183000000000447,5.05592841163311e-05,0.0018666666666666,1.0,0.0151203389830508,1,0.4
535,13,33.5193,43.4333,9.914,0.0003116331096196,0.0036,1.0,0.0433881355932203,0,0.0
535,13,149.7996,169.8,20.000400000000013,0.0007136465324384,0.0114333333333333,0.959731543624161,0.034064406779661,4,1.6
535,14,13.3658,31.4667,18.1009,0.0001400447427293,0.0016,1.0,0.0207610169491525,3,1.2
535,23,305.9404,306.2,0.2595999999999776,0.0117275167785234,0.0547333333333333,0.5033557046979866,0.008812429378531,5,2.0
535,24,166.6688,179.5667,12.897899999999993,0.0170527964205816,0.0526666666666666,0.046979865771812,0.0127310734463276,11,4.4
535,25,148.9931,149.5667,0.573599999999999,0.00095548098434,0.0067,0.9798657718120806,0.0204158192090395,0,0.0
535,27,109.8968,110.4667,0.5699000000000041,0.00025548098434,0.0013666666666666,1.0,0.0087531073446327,1,0.4
535,27,136.1816,137.0333,0.8516999999999939,0.0003883668903803,0.0061333333333333,0.9932885906040269,0.023112429378531,3,1.2
535,27,194.7966,195.3333,0.5366999999999962,8.344519015659956e-05,0.0017666666666666,1.0,0.0164163841807909,2,0.8
535,27,302.5689,303.6667,1.0978000000000063,4.384787472035794e-05,0.0013666666666666,1.0,0.006038418079096,5,2.0
541,2,252.9484,257.4,4.451599999999985,0.0039845637583892,0.0202,0.6510067114093959,0.0220943502824858,2,0.8
541,3,19.0365,27.7333,8.6968,0.0003008948545861,0.0028333333333333,1.0,9.6045197740113e-06,1,0.4
541,3,99.329,108.5333,9.204300000000003,1.6107382550335573e-05,0.0006,1.0,0.0109248587570621,7,2.8
541,3,194.7872,195.4333,0.6460999999999899,1.812080536912752e-05,0.0002,1.0,0.0201361581920903,13,5.2
541,3,219.5629,223.3,3.737099999999998,0.0175076062639821,0.0365333333333333,0.0201342281879194,0.0226638418079096,7,2.8
541,4,112.2441,114.1333,1.8892000000000024,4.899328859060403e-05,0.0005,1.0,0.0178333333333333,4,1.6
541,4,174.9948,177.3333,2.3385000000000105,0.0005024608501118,0.0063,0.9865771812080536,0.0082491525423728,2,0.8
541,4,308.4567,309.6333,1.1766000000000076,0.0053149888143176,0.0723333333333333,0.8053691275167785,0.0237988700564971,13,5.2
541,5,29.3981,39.6333,10.2352,0.0039682326621923,0.0108333333333333,0.6644295302013423,0.0196785310734463,9,3.6
541,5,54.2292,55.8,1.5707999999999984,0.0115709172259507,0.0280333333333333,0.0604026845637583,0.039128813559322,2,0.8
541,5,107.4051,109.3,1.8948999999999927,0.0017398210290827,0.0082,0.9395973154362416,0.0098,1,0.4
541,5,128.1358,130.5,2.364200000000011,0.0054604026845637,0.0264333333333333,0.5973154362416108,0.0266056497175141,9,3.6
541,6,3.0582,10.0333,6.975100000000001,8.456375838926175e-05,0.0009666666666666,1.0,0.026767231638418,0,0.0
541,6,28.5779,36.0,7.4221,0.0001255033557046,0.0013,1.0,0.0245073446327683,3,1.2
541,6,99.02,103.1333,4.1133000000000095,0.0159263982102908,0.1762666666666666,0.3892617449664429,0.0109988700564971,6,2.4
541,6,148.1739,150.2,2.0260999999999854,0.0005805369127516,0.0034,1.0,0.0053999999999999,7,2.8
541,6,157.7279,158.8,1.072100000000006,0.0179123042505592,0.0718,0.1946308724832214,0.0319926553672316,8,3.2
541,6,229.9919,233.7333,3.741400000000027,0.0018192393736017,0.0097,0.8926174496644296,0.0206661016949152,6,2.4
541,7,129.3769,130.8667,1.4898000000000025,0.0011337807606263,0.0052,0.9932885906040269,0.0046214689265536,7,2.8
541,7,133.9056,140.4,6.494400000000013,0.0039706935123042,0.0173666666666666,0.7046979865771812,0.0181401129943502,6,2.4
541,7,329.6195,331.3667,1.747199999999964,0.0097838926174496,0.1218666666666666,0.785234899328859,0.0130446327683615,0,0.0
541,7,340.879,341.9333,1.0542999999999552,0.0191525727069351,0.0586,0.0939597315436241,0.0302887005649717,5,2.0
541,8,145.1923,149.4667,4.274400000000014,0.0097550335570469,0.0534333333333333,0.4093959731543624,0.0824485875706214,0,0.0
541,8,204.4414,207.2667,2.8252999999999986,0.0098888143176733,0.0623666666666666,0.3422818791946309,0.0156497175141242,6,2.4
541,8,303.745,305.6667,1.921699999999987,5.369127516778524e-06,0.0001333333333333,1.0,0.0094960451977401,6,2.4
541,8,357.2367,358.6333,1.396600000000035,0.0109997762863534,0.0342,0.2416107382550335,0.0396479674796748,0,0.0
541,9,67.7978,84.3667,16.5689,0.0006044742729306,0.0077666666666666,0.9463087248322148,0.012631638418079,1,0.4
541,9,94.0156,94.8,0.7843999999999909,0.0003532438478747,0.0087,0.959731543624161,0.0117999999999999,0,0.0
541,9,195.2265,197.5333,2.3068000000000097,9.30648769574944e-05,0.0009666666666666,1.0,0.0119536723163841,0,0.0
541,12,86.2682,88.0,1.731800000000007,0.000110514541387,0.0015,1.0,0.0393180790960452,1,0.4
541,13,213.4271,215.4333,2.006200000000007,0.0133472035794183,0.0639,0.3959731543624161,0.0243796610169491,3,1.2
541,18,182.7159,184.8667,2.150800000000004,0.0005894854586129,0.0049666666666666,1.0,0.0129649717514124,5,2.0
541,19,91.6648,94.5333,2.8684999999999974,0.0009353467561521,0.0037666666666666,1.0,0.0058429378531073,2,0.8
541,19,245.9668,247.8,1.833200000000005,4.697986577181208e-05,0.0006,1.0,0.0141237288135593,0,0.0
541,19,314.738,316.9333,2.1952999999999747,5.1454138702460855e-06,6.666666666666667e-05,1.0,0.0114112994350282,0,0.0
541,19,350.57,352.3,1.7300000000000182,3.1096196868008944e-05,0.0005666666666666,1.0,0.0177333333333333,0,0.0
543,0,300.0438,303.4667,3.422900000000027,0.0106552572706935,0.0578333333333333,0.4899328859060403,0.0199254237288135,10,4.0
544,6,191.0963,194.5,3.4036999999999864,0.0356223713646532,0.0971666666666666,0.0201342281879194,0.0262033898305084,5,2.0
544,6,199.3972,201.3667,1.969500000000011,0.020259284116331,0.1318,0.3020134228187919,0.0318909604519774,0,0.0
544,7,154.1028,156.8,2.6972000000000094,0.0084894854586129,0.0823666666666666,0.5906040268456376,0.036638418079096,5,2.0
544,7,269.5796,273.3333,3.7536999999999807,4.026845637583892e-05,0.0003666666666666,1.0,0.0349305084745762,0,0.0
544,7,307.1291,333.2333,26.10419999999999,0.0075272930648769,0.0248333333333333,0.5436241610738255,0.009119209039548,5,2.0
544,9,159.5703,170.8333,11.263000000000003,1.45413870246085e-05,0.0002666666666666,1.0,0.0262655367231638,0,0.0
544,10,127.1735,178.1667,50.99319999999999,0.0021818791946308,0.0161666666666666,0.8926174496644296,0.0671790960451977,0,0.0
544,11,52.705,57.2333,4.5283000000000015,0.0051778523489932,0.1082,0.8791946308724832,0.0144468926553672,0,0.0
544,11,267.2855,273.4,6.114499999999964,0.0008854586129753,0.0036,1.0,0.0386519774011299,0,0.0
544,12,155.4656,159.8333,4.3677000000000135,0.0104516778523489,0.0414666666666666,0.5100671140939598,0.0007615819209039,1,0.4
544,12,164.5594,165.6333,1.0738999999999803,0.0006695749440715,0.0078,0.9731543624161074,0.030802824858757,0,0.0
544,13,45.766,49.6667,3.900700000000001,0.0003776286353467,0.0047,1.0,0.0191689265536723,0,0.0
544,13,75.4211,76.3,0.8789000000000016,0.0004465324384787,0.0036666666666666,1.0,0.026812429378531,2,0.8
544,13,100.7051,101.4333,0.7282000000000011,1.5883668903803133e-05,0.0010666666666666,1.0,0.0245271186440677,0,0.0
544,13,116.9668,117.7,0.7331999999999965,0.0,0.0,1.0,0.0175790960451977,0,0.0
544,13,134.1863,134.8333,0.6470000000000198,4.697986577181209e-06,6.666666666666667e-05,1.0,0.0329169491525423,0,0.0
544,13,181.7618,182.4333,0.6715000000000089,0.0,0.0,1.0,0.0224502824858757,0,0.0
544,13,204.8674,205.9333,1.0658999999999992,4.47427293064877e-07,3.3333333333333335e-05,1.0,0.0224214689265536,0,0.0
544,13,226.2264,227.0667,0.840299999999985,4.47427293064877e-07,3.3333333333333335e-05,1.0,0.0146779661016949,0,0.0
544,17,309.2975,315.3667,6.069199999999967,0.0054230425055928,0.0489,0.6577181208053692,3.3333333333333335e-05,0,0.0
544,18,81.6968,87.3667,5.669899999999998,0.0008395973154362,0.0053333333333333,0.9932885906040269,0.0120915254237288,0,0.0
544,18,259.6968,265.3667,5.669899999999984,0.0006610738255033,0.0053333333333333,0.9932885906040269,0.0099892655367231,0,0.0
545,3,102.3031,111.5667,9.263599999999997,1.633109619686801e-05,0.0002,1.0,0.0234593220338983,0,0.0
545,13,3.3322,10.4333,7.101099999999999,0.0008953020134228,0.0057333333333333,0.9932885906040269,0.024819209039548,3,1.2
545,15,176.9851,181.8333,4.84820000000002,0.0001807606263982,0.0012333333333333,1.0,0.0075175141242937,5,2.0
545,28,18.2676,19.9,1.632399999999997,3.579418344519015e-05,0.0017666666666666,1.0,0.0092299435028248,6,2.4
545,28,227.9056,232.9667,5.06110000000001,0.0149413870246085,0.0483333333333333,0.3020134228187919,0.0309819209039548,10,4.0
545,28,279.5871,282.5333,2.946199999999976,0.0009583892617449,0.0069333333333333,0.9865771812080536,0.0168824858757062,0,0.0
545,29,7.3244,8.3,0.9756000000000008,0.0020076062639821,0.0087666666666666,0.953020134228188,0.0129819209039548,5,2.0
545,29,126.6305,140.2333,13.602800000000016,0.0008123042505592,0.0064333333333333,0.9865771812080536,0.0353355932203389,1,0.4
545,29,179.1755,183.5,4.3245000000000005,0.0068228187919463,0.0143333333333333,0.3557046979865771,0.0262621468926553,5,2.0
545,35,161.5019,179.0333,17.53139999999999,3.691275167785235e-05,0.0006,1.0,0.024376836158192,12,4.8
545,59,0.5905,1.6,1.0095,0.0202610738255033,0.0431666666666666,0.2483221476510067,0.0272677966101694,7,2.8
545,72,304.4462,308.4,3.953800000000001,8.948545861297539e-07,6.666666666666667e-05,1.0,0.0085915254237288,5,2.0
545,73,29.9633,31.7333,1.7699999999999996,0.0011709172259507,0.009,0.9664429530201344,0.0112101694915254,16,6.4
545,73,81.8784,84.1667,2.2883000000000067,0.0072709172259507,0.0251666666666666,0.5302013422818792,0.0215293785310734,9,3.6
545,73,100.773,101.5,0.7270000000000039,0.0057729306487695,0.0199666666666666,0.5234899328859061,0.0158276836158192,1,0.4
545,73,146.4508,147.2333,0.7825000000000273,0.0001722595078299,0.0135,0.9865771812080536,0.0162305084745762,4,1.6
545,73,203.8498,205.5,1.6502000000000123,0.0017689038031319,0.0142666666666666,0.9328859060402684,0.008954802259887,4,1.6
545,73,218.0241,219.2,1.1758999999999844,0.0009328859060402,0.0142666666666666,0.9328859060402684,0.0027655367231638,3,1.2
545,73,334.4461,335.0667,0.6206000000000245,0.0070633109619686,0.018,0.2818791946308724,0.014922033898305,4,1.6
545,74,92.8733,94.4667,1.5934000000000026,0.0197930648769574,0.0430666666666666,0.0335570469798657,0.0430016949152542,6,2.4
545,74,222.1741,227.0667,4.892599999999987,0.0023154362416107,0.0107333333333333,0.906040268456376,0.0113994350282485,2,0.8
545,74,318.3994,321.0333,2.633899999999983,0.007979865771812,0.0312666666666666,0.436241610738255,0.0383536723163841,9,3.6
545,75,53.5375,56.5,2.9624999999999986,0.0010022371364653,0.0067333333333333,0.9664429530201344,0.0066282485875706,7,2.8
545,75,67.8877,75.8,7.912300000000002,0.0015434004474272,0.0071,0.9731543624161074,0.0123395480225988,13,5.2
545,75,242.717,247.6333,4.916299999999978,0.0016800894854586,0.0057666666666666,0.9798657718120806,0.0118977401129943,6,2.4
545,75,297.5267,299.9,2.373299999999972,0.0037731543624161,0.0145333333333333,0.738255033557047,0.0485988700564971,14,5.6
545,79,204.1987,229.3333,25.13460000000001,0.0073467561521252,0.0264333333333333,0.3892617449664429,0.0416898305084745,6,2.4
545,81,353.425,358.6667,5.24169999999998,7.404921700223714e-05,0.0012,1.0,0.0395658119658119,0,0.0
545,82,86.0029,87.5667,1.5638000000000003,7.248322147651007e-05,0.0012666666666666,1.0,0.0335254237288135,0,0.0
545,82,125.0588,126.0667,1.0078999999999922,0.0073718120805369,0.0778333333333333,0.7449664429530202,0.0363542372881355,7,2.8
545,82,198.748,199.7667,1.0186999999999955,2.61744966442953e-05,0.001,1.0,0.0197553672316384,0,0.0
545,83,39.1197,40.1,0.9802999999999996,1.812080536912752e-05,0.0002333333333333,1.0,0.0315536723163841,2,0.8
545,83,149.1167,149.8333,0.7165999999999997,2.9530201342281877e-05,0.0008666666666666,1.0,0.0314570621468926,0,0.0
545,84,99.3309,100.7333,1.4024,0.0034467561521252,0.0251666666666666,0.7583892617449665,0.0429655367231638,2,0.8
545,84,186.7747,191.7,4.925299999999993,0.0186876957494407,0.0528333333333333,0.0134228187919463,0.0208807909604519,8,3.2
545,84,234.4258,242.9667,8.540899999999993,0.0343402684563758,0.1024333333333333,0.0134228187919463,0.0559214689265536,1,0.4
545,84,294.7745,299.4,4.625499999999988,0.0066451901565995,0.0195666666666666,0.4026845637583892,0.0578666666666666,1,0.4
545,85,49.1618,61.8,12.638199999999998,0.000682774049217,0.0132,0.9463087248322148,0.034954802259887,10,4.0
545,86,176.4021,180.1667,3.7646000000000015,0.0020718120805369,0.0138,0.87248322147651,0.0162813559322033,2,0.8
545,94,215.2855,237.2667,21.981199999999973,0.0003134228187919,0.0022666666666666,1.0,0.013376836158192,0,0.0
545,106,281.6773,289.3333,7.656000000000006,0.0018389261744966,0.0043333333333333,1.0,0.0078045197740112,4,1.6
545,108,53.1918,56.6667,3.474899999999998,0.0001378076062639,0.0027333333333333,1.0,0.0306225988700565,0,0.0
545,108,172.694,175.2667,2.572699999999997,0.0002017897091722,0.0015,1.0,0.0364706214689265,0,0.0
545,108,216.7789,233.3,16.52110000000002,0.0002953020134228,0.0043333333333333,1.0,0.0303531073446327,4,1.6
545,108,257.7886,262.0,4.211400000000026,0.0002642058165548,0.0032,1.0,0.025783615819209,2,0.8
545,109,72.6343,74.5667,1.9324000000000008,2.237136465324385e-06,0.0001,1.0,0.0094926553672316,0,0.0
545,110,296.1186,317.2333,21.11469999999997,1.1185682326621925e-06,0.0001,1.0,0.0228983050847457,0,0.0
545,113,122.7325,136.2667,13.534199999999984,1.5659955257270697e-06,6.666666666666667e-05,1.0,0.0167937853107344,0,0.0
545,123,64.6391,68.7333,4.094200000000001,0.0022545861297539,0.0059,0.9731543624161074,0.0107983050847457,0,0.0
545,123,139.1521,140.5667,1.4146000000000072,0.0005384787472035,0.0037666666666666,1.0,0.0312999999999999,0,0.0
545,123,163.2627,170.9667,7.704000000000008,0.0014780760626398,0.0207333333333333,0.8859060402684564,0.0155429378531073,6,2.4
545,124,170.508,173.4333,2.925299999999993,2.237136465324385e-07,3.3333333333333335e-05,1.0,0.0306677966101695,0,0.0
545,126,321.3374,323.6,2.2626000000000204,0.0093140939597315,0.0967,0.4899328859060403,9.6045197740113e-06,0,0.0
545,127,15.8276,16.6,0.7724000000000011,3.3557046979865773e-06,6.666666666666667e-05,1.0,0.0262915254237288,1,0.4
545,127,66.0547,67.9,1.8453000000000088,0.0003778523489932,0.0078,0.9798657718120806,0.0134920903954802,0,0.0
545,128,328.5159,338.1333,9.617400000000032,3.982102908277404e-05,0.0024666666666666,1.0,0.0158237288135593,14,5.6
545,132,93.27,125.9,32.63000000000001,0.0003525727069351,0.0011666666666666,1.0,0.0296209039548022,2,0.8
545,143,293.4516,316.5,23.04840000000001,0.0005950782997762,0.0038333333333333,1.0,0.0101254237288135,1,0.4
545,145,86.3823,142.4667,56.0844,2.550335570469799e-05,0.0003333333333333,1.0,0.018293220338983,0,0.0
545,153,33.7173,35.5667,1.849399999999996,2.4608501118568237e-05,0.0003666666666666,1.0,0.0360344632768361,0,0.0
545,153,251.4857,253.1333,1.6475999999999829,0.0,0.0,1.0,0.0421604519774011,0,0.0
545,154,69.7244,71.5667,1.8422999999999945,0.0056127516778523,0.0647333333333333,0.8322147651006712,0.0294677966101694,0,0.0
545,154,111.9017,129.2,17.298299999999983,0.0481637583892617,0.0907,0.0,0.0378581920903954,11,4.4
545,155,4.7372,7.8333,3.0961000000000007,0.0142939597315436,0.0666,0.3221476510067114,0.0212022598870056,4,1.6
545,163,117.1774,121.0667,3.889299999999992,0.0008476510067114,0.0145333333333333,0.912751677852349,0.0042276836158192,3,1.2
545,164,118.1149,120.2333,2.118399999999994,0.0019228187919463,0.0109666666666666,0.9261744966442952,0.0199892655367231,4,1.6
545,164,347.9387,353.2667,5.328000000000031,0.0093275167785234,0.0230666666666666,0.174496644295302,0.0162694915254237,5,2.0
545,165,59.1471,60.5667,1.4195999999999955,0.0026778523489932,0.0055333333333333,0.9865771812080536,0.0210655367231638,4,1.6
545,168,67.9855,70.4333,2.447800000000001,0.0181217002237136,0.0417666666666666,0.0604026845637583,0.0295474576271186,8,3.2
545,168,326.7121,330.2667,3.554599999999993,0.0005577181208053,0.0033333333333333,1.0,0.0159067796610169,14,5.6
545,169,31.9563,34.3333,2.3770000000000024,0.000917673378076,0.0091333333333333,0.953020134228188,0.0318790960451977,0,0.0
545,169,79.5886,83.2333,3.6447,0.0010185682326621,0.0127333333333333,0.8791946308724832,0.0253429378531073,4,1.6
545,169,138.0524,143.7333,5.680900000000008,5.92841163310962e-05,0.0028666666666666,1.0,0.0264666666666666,0,0.0
545,169,190.6128,192.0,1.387200000000007,0.0005747203579418,0.0109333333333333,0.953020134228188,0.0298757062146892,5,2.0
545,169,255.5925,258.8,3.2075000000000102,8.43400447427293e-05,0.0011333333333333,1.0,0.0281796610169491,4,1.6
545,169,297.6693,301.6333,3.963999999999999,0.0002098434004474,0.0017666666666666,1.0,0.0356717514124293,1,0.4
545,169,349.6045,352.8667,3.262200000000007,4.921700223713647e-06,0.0002666666666666,1.0,0.0324711864406779,5,2.0
545,170,46.3878,49.0333,2.6454999999999984,6.80089485458613e-05,0.0003666666666666,1.0,0.0253627118644067,4,1.6
545,170,93.27,95.4,2.1300000000000097,0.0013201342281879,0.0164,0.8993288590604027,0.027012429378531,2,0.8
545,170,166.4141,168.4,1.985900000000015,0.0035695749440715,0.0181333333333333,0.7785234899328859,0.0249937853107344,0,0.0
545,170,219.2843,221.6333,2.348999999999989,0.001082774049217,0.0058333333333333,0.9932885906040269,0.0267378531073446,0,0.0
545,170,281.858,282.6667,0.8086999999999875,0.000959284116331,0.0135333333333333,0.9395973154362416,0.0383169491525423,10,4.0
545,171,141.0505,143.1,2.0494999999999948,0.0001684563758389,0.0007333333333333,1.0,0.0298463276836158,13,5.2
545,171,181.4609,182.8667,1.4057999999999993,0.001086577181208,0.0102333333333333,0.9395973154362416,0.0366903954802259,10,4.0
545,171,233.8029,234.9,1.0971000000000115,0.0006035794183445,0.0124333333333333,0.9664429530201344,0.036890395480226,8,3.2
545,172,48.073,48.8667,0.7937000000000012,0.0001266219239373,0.0051,0.9865771812080536,0.0309683615819209,3,1.2
545,172,103.8338,104.7667,0.9329000000000036,7.38255033557047e-06,0.0010333333333333,1.0,0.0210971751412429,2,0.8
545,172,145.2917,146.3,1.0083000000000195,2.8411633109619688e-05,0.0022,1.0,0.012664406779661,1,0.4
545,172,249.0105,250.5,1.4894999999999925,6.711409395973154e-07,3.3333333333333335e-05,1.0,0.011954802259887,2,0.8
545,174,66.2075,67.0667,0.8592000000000013,0.0018060402684563,0.0105666666666666,0.8657718120805369,0.0127536723163841,1,0.4
545,175,199.949,206.5333,6.584299999999985,0.0005744966442953,0.0019666666666666,1.0,0.0068435028248587,4,1.6
545,175,231.5605,233.6333,2.072800000000001,0.0001512304250559,0.0010333333333333,1.0,0.0075621468926553,10,4.0
545,175,267.2783,270.3333,3.055000000000007,0.0020427293064876,0.0140666666666666,0.8523489932885906,0.00734802259887,7,2.8
545,175,274.3317,276.4,2.068299999999965,0.018682774049217,0.1023666666666666,0.1879194630872483,0.026438418079096,10,4.0
545,175,344.9202,347.1667,2.246499999999969,0.013079865771812,0.0298,0.0604026845637583,0.0341683615819209,3,1.2
545,176,92.5897,96.3,3.710300000000004,0.0055653243847874,0.0156666666666666,0.4563758389261745,0.010054802259887,1,0.4
545,176,159.3246,160.4667,1.1420999999999992,0.0078568232662192,0.0193666666666666,0.2550335570469799,0.0180101694915254,1,0.4
545,176,228.3394,232.4,4.060599999999994,0.0067250559284116,0.0256666666666666,0.4026845637583892,0.0087632768361581,4,1.6
545,176,301.3479,306.0667,4.718800000000044,0.0026704697986577,0.0106333333333333,0.8859060402684564,0.0036423728813559,6,2.4
545,176,317.0227,319.7,2.6773000000000025,0.0052666666666666,0.0142333333333333,0.5369127516778524,0.0069960451977401,10,4.0
545,176,323.9383,326.0,2.061699999999973,0.0183881431767337,0.1068,0.3221476510067114,0.048764406779661,7,2.8
545,177,132.9911,140.4333,7.442200000000014,0.0023013422818791,0.0105666666666666,0.906040268456376,0.0240401129943502,5,2.0
545,177,221.5741,226.6667,5.0926000000000045,0.0026789709172259,0.011,0.7718120805369127,0.0233525423728813,1,0.4
545,177,295.6193,298.5333,2.9139999999999877,0.0001456375838926,0.0008,1.0,0.0258485875706214,1,0.4
545,178,75.6688,76.6,0.9311999999999898,2.8635346756152125e-05,0.0008333333333333,1.0,0.0178587570621468,1,0.4
545,178,166.5724,171.0333,4.460900000000009,0.0027082774049217,0.0086333333333333,0.912751677852349,0.0072677966101694,3,1.2
545,178,229.5989,232.3,2.701100000000025,0.0064973154362416,0.0371666666666666,0.5503355704697986,0.0189039548022598,8,3.2
545,178,325.4337,328.5333,3.099600000000009,0.000131543624161,0.0005333333333333,1.0,0.0170265536723163,8,3.2
545,179,15.1553,21.4667,6.311399999999999,0.0005610738255033,0.0028333333333333,1.0,0.0135909604519774,8,3.2
545,179,34.5881,36.5667,1.9786,0.0027957494407158,0.0127,0.912751677852349,0.0113073446327683,4,1.6
545,179,145.0541,149.4333,4.379199999999997,0.0128194630872483,0.1076333333333333,0.4026845637583892,0.0089700564971751,4,1.6
545,180,93.7924,96.5333,2.7408999999999963,2.5055928411633108e-05,0.0005333333333333,1.0,0.0083011299435028,4,1.6
545,180,177.4949,183.3333,5.838400000000007,0.0013434004474272,0.0039,1.0,0.0013570621468926,4,1.6
545,180,193.2497,197.1,3.850300000000004,0.0008460850111856,0.0036333333333333,1.0,0.0055717514124293,7,2.8
546,1,139.4852,148.2,8.714799999999997,0.0005519015659955,0.0031666666666666,1.0,0.0192022598870056,3,1.2
548,0,234.1154,234.9667,0.851300000000009,0.0024201342281879,0.0519333333333333,0.9261744966442952,0.0104593220338983,0,0.0
548,1,7.5693,9.5667,1.9974000000000007,0.0031393736017897,0.0206333333333333,0.8389261744966443,0.0146310734463276,4,1.6
548,1,79.5487,80.3667,0.8179999999999978,4.921700223713647e-06,0.0001333333333333,1.0,0.0087858757062146,0,0.0
548,1,297.1165,298.1333,1.016800000000046,0.0075841163310961,0.0418,0.6174496644295302,0.0087355932203389,0,0.0
548,2,45.7156,46.3,0.5843999999999951,3.579418344519016e-06,0.0002,1.0,0.0081197740112994,0,0.0
548,2,142.2775,146.4,4.122500000000002,0.0018673378076062,0.0478333333333333,0.9328859060402684,0.0309819209039548,7,2.8
548,2,219.7884,227.9,8.11160000000001,0.0131042505592841,0.0873,0.2953020134228188,0.0242242937853107,14,5.6
548,2,342.2333,346.4,4.166699999999992,0.0001961968680089,0.0021,1.0,0.0063361581920903,1,0.4
548,3,53.9883,55.4667,1.4784000000000006,2.416107382550336e-05,0.0012,1.0,0.0092152542372881,2,0.8
548,3,185.4327,187.2333,1.8006000000000029,0.0031995525727069,0.0855333333333333,0.912751677852349,0.0413271186440678,9,3.6
548,3,341.0859,343.8667,2.7807999999999997,0.0282456375838926,0.0879333333333333,0.046979865771812,0.0378903954802259,2,0.8
548,4,202.9609,205.7667,2.8057999999999765,3.5123042505592845e-05,0.0012,1.0,0.0151101694915254,0,0.0
548,4,243.819,297.6,53.781000000000034,0.0002398210290827,0.0031666666666666,1.0,0.00594802259887,0,0.0
548,10,13.909,27.9333,14.024299999999998,3.221476510067114e-05,0.0018666666666666,1.0,0.0149734463276836,3,1.2
548,14,285.3784,293.7667,8.388300000000015,1.0290827740492173e-05,6.666666666666667e-05,1.0,0.0080621468926553,0,0.0
548,17,36.4574,42.7333,6.2759,0.0002389261744966,0.0117,0.9798657718120806,0.0126762711864406,1,0.4
548,17,57.2248,60.1667,2.941899999999997,0.004142058165548,0.0125333333333333,0.6711409395973155,0.0109062146892655,3,1.2
548,20,152.5906,174.3667,21.77610000000001,7.606263982102909e-05,0.0006333333333333,1.0,0.0185491525423728,1,0.4
548,22,215.2042,225.9,10.69580000000002,8.948545861297539e-07,6.666666666666667e-05,1.0,0.0345514124293785,0,0.0
548,26,92.79,103.9333,11.143299999999996,0.0144982102908277,0.0335666666666666,0.1275167785234899,0.0120423728813559,2,0.8
548,32,206.6386,210.3667,3.728100000000012,0.0320102908277404,0.0922,0.0,0.0246858757062146,4,1.6
548,34,25.0683,30.0,4.931699999999999,0.032821029082774,0.1047,0.2751677852348993,0.0646813559322034,0,0.0
548,34,286.4003,293.6667,7.266399999999976,0.035100447427293,0.0915666666666666,0.0,0.059902824858757,1,0.4
548,84,171.4692,177.0,5.530799999999999,0.0046170022371364,0.0241333333333333,0.7516778523489933,0.0097700564971751,2,0.8
548,86,9.948,13.4333,3.4852999999999987,0.0011178970917225,0.0124,0.9261744966442952,0.057312429378531,1,0.4
548,90,68.3376,72.6,4.2624,0.0037163310961968,0.0278666666666666,0.738255033557047,0.0118135593220338,0,0.0
548,90,116.4056,118.8333,2.4276999999999878,0.0038691275167785,0.0777666666666666,0.8926174496644296,0.0293853107344632,1,0.4
548,90,133.9964,144.0,10.003600000000006,0.0144131991051454,0.0493333333333333,0.0335570469798657,0.021283615819209,2,0.8
548,90,162.8829,175.9,13.0171,0.01378322147651,0.0529333333333333,0.0805369127516778,0.015412429378531,2,0.8
548,90,204.4842,206.1,1.6158000000000072,0.0019217002237136,0.0217666666666666,0.8993288590604027,0.0199785310734463,2,0.8
548,90,228.0738,236.5333,8.459499999999991,0.009162192393736,0.0353,0.2751677852348993,0.0110293785310734,4,1.6
548,113,79.6018,88.5667,8.9649,2.6398210290827744e-05,0.0006666666666666,1.0,0.0080875706214689,1,0.4
548,113,108.3666,110.5,2.133399999999994,0.0227337807606263,0.0533666666666666,0.1006711409395973,0.0235649717514124,5,2.0
548,113,342.7157,345.4,2.6842999999999506,0.0003373601789709,0.0053,0.9932885906040269,0.0195717514124293,5,2.0
548,114,11.508,15.7333,4.225300000000001,0.0238903803131991,0.0519333333333333,0.0,0.0353796610169491,11,4.4
548,114,42.3478,46.4667,4.118900000000004,0.0267583892617449,0.1321,0.3691275167785235,0.0317711864406779,2,0.8
548,114,132.3414,136.3,3.9586000000000174,0.0007067114093959,0.0027666666666666,1.0,0.0118508474576271,11,4.4
548,114,186.2837,189.4333,3.1495999999999924,0.0005689038031319,0.0023666666666666,1.0,0.0141005649717514,0,0.0
548,114,196.6475,197.4667,0.819199999999995,0.0151881431767337,0.032,0.1342281879194631,0.0228463276836158,8,3.2
548,114,291.7055,296.0333,4.327800000000025,0.0238814317673378,0.0768333333333333,0.174496644295302,0.0358457627118644,4,1.6
548,114,332.2759,340.2667,7.990800000000036,6.196868008948547e-05,0.0014,1.0,0.0272338983050847,1,0.4
548,115,32.3541,35.5333,3.1791999999999945,0.0149154362416107,0.1157333333333333,0.7986577181208053,0.0100971751412429,2,0.8
548,115,49.633,67.2,17.567,0.0,0.0,1.0,0.0242903954802259,0,0.0
548,115,136.4101,137.0667,0.6565999999999974,0.0098203579418344,0.0355333333333333,0.3020134228187919,0.0345327683615819,9,3.6
548,115,164.8718,166.5333,1.6614999999999895,6.935123042505593e-06,0.0004666666666666,1.0,0.0078129943502824,0,0.0
548,115,174.8957,175.6333,0.7375999999999863,0.0049395973154362,0.0227333333333333,0.6442953020134228,0.0673435028248587,2,0.8
548,115,219.7227,222.0667,2.343999999999994,0.0003228187919463,0.0047333333333333,1.0,0.031112429378531,1,0.4
548,115,247.853,248.7,0.84699999999998,0.0002042505592841,0.0026,1.0,0.0234994350282485,4,1.6
548,115,250.2381,255.9333,5.6952,0.0074286353467561,0.0538333333333333,0.6644295302013423,0.0210790960451977,4,1.6
548,115,257.5378,258.1667,0.6288999999999874,0.0072040268456375,0.092,0.6912751677852349,0.040212429378531,2,0.8
548,115,271.3011,271.8667,0.5655999999999608,0.0002263982102908,0.0014,1.0,0.0259468926553672,0,0.0
548,115,284.2469,284.8,0.553100000000029,1.498881431767338e-05,0.0005,1.0,0.021,0,0.0
548,115,299.8951,300.4333,0.5381999999999607,8.053691275167787e-06,0.0002,1.0,0.0160129943502824,2,0.8
548,115,349.2175,349.7667,0.5492000000000417,4.47427293064877e-07,3.3333333333333335e-05,1.0,0.0139531073446327,0,0.0
548,116,37.3689,44.5667,7.197800000000001,3.355704697986577e-05,0.0005333333333333,1.0,0.0212870056497175,0,0.0
548,116,65.7277,75.0,9.2723,3.8031319910514553e-06,0.0001,1.0,0.0249355932203389,1,0.4
548,116,97.0503,97.5667,0.5164000000000044,2.6398210290827744e-05,0.0005666666666666,1.0,0.0120039548022598,0,0.0
548,116,105.8399,109.5333,3.693399999999997,0.0145199105145413,0.0362,0.1275167785234899,0.041,11,4.4
548,116,132.2424,132.7667,0.5242999999999824,0.0088843400447427,0.0301666666666666,0.4563758389261745,0.0205847457627118,6,2.4
548,116,148.6829,149.6,0.9171000000000048,1.1185682326621925e-06,6.666666666666667e-05,1.0,0.0174745762711864,0,0.0
548,116,259.9408,263.6333,3.692499999999996,0.0177778523489932,0.0400333333333333,0.1476510067114094,0.0486655367231638,3,1.2
548,116,298.2473,304.7667,6.519400000000019,0.0081246085011185,0.0300666666666666,0.2953020134228188,0.0275610169491525,0,0.0
548,116,340.4578,342.3,1.8421999999999912,7.673378076062641e-05,0.001,1.0,0.0152158192090395,0,0.0
548,117,77.6717,81.9,4.228300000000004,0.0296069351230425,0.0723333333333333,0.1543624161073825,0.0291864406779661,12,4.8
548,117,107.2056,112.9667,5.761099999999999,0.0272677852348993,0.0526666666666666,0.0,0.0369514124293785,5,2.0
548,118,23.5165,24.2667,0.7501999999999995,0.0434340044742729,0.1206,0.0,0.0688903954802259,4,1.6
548,118,44.4439,48.7333,4.2894000000000005,0.0375002237136465,0.1128333333333333,0.0536912751677852,0.0309242937853107,4,1.6
548,118,52.7452,54.7333,1.9881000000000029,0.0353299776286353,0.0822666666666666,0.0067114093959731,0.0694457627118644,5,2.0
548,118,60.9909,66.4333,5.442399999999999,0.0392469798657718,0.0940666666666666,0.0402684563758389,0.0437333333333333,2,0.8
548,118,107.7394,108.4667,0.7272999999999996,0.0177742729306487,0.0922333333333333,0.4563758389261745,0.0272926553672316,4,1.6
548,118,136.007,137.1333,1.1262999999999863,0.0364906040268456,0.0885,0.0,0.064328813559322,7,2.8
548,118,157.4472,159.4667,2.0194999999999936,0.0172149888143176,0.0542,0.1073825503355704,0.0476655367231638,0,0.0
548,118,253.4372,258.2,4.762799999999999,0.0216776286353467,0.0689,0.1140939597315436,0.0386536723163841,10,4.0
548,118,285.7395,288.9667,3.227199999999982,0.0116619686800894,0.0471,0.3758389261744966,0.0453610169491525,6,2.4
548,118,316.5922,317.9333,1.341099999999983,0.0424843400447427,0.1238666666666666,0.0067114093959731,0.0695158192090395,3,1.2
548,118,342.9871,345.7333,2.7461999999999875,0.0503733780760626,0.0896333333333333,0.0,0.0486355932203389,0,0.0
548,119,12.457,13.4333,0.9762999999999984,0.0128335570469798,0.0708666666666666,0.5302013422818792,0.0322966101694915,1,0.4
548,119,72.3531,72.9667,0.6136000000000053,0.0244953020134228,0.0732333333333333,0.0,0.0371062146892655,3,1.2
548,119,90.8025,91.3667,0.5641999999999996,0.0288892617449664,0.1128666666666666,0.0,0.0308005649717514,1,0.4
548,119,109.6006,110.1667,0.5661000000000058,0.0211590604026845,0.0833,0.0,0.0232016949152542,2,0.8
548,119,142.3398,143.4667,1.1269000000000062,0.0177870246085011,0.0552,0.1275167785234899,0.026954802259887,0,0.0
548,119,172.033,172.7333,0.700300000000027,0.0357380313199105,0.1422,0.0671140939597315,0.0424683615819209,2,0.8
548,120,42.1808,43.7667,1.5859000000000023,0.0297161073825503,0.0881,0.0,0.0420299435028248,11,4.4
548,120,131.1305,134.0,2.869499999999988,0.0162,0.0391,0.0134228187919463,0.0349237288135593,0,0.0
548,121,178.1142,178.7,0.5857999999999777,0.027800447427293,0.0943,0.1476510067114094,0.0339858757062146,2,0.8
548,121,201.6386,202.2,0.5613999999999919,0.0075120805369127,0.0519666666666666,0.6778523489932886,0.0296412429378531,5,2.0
548,121,227.3036,228.5,1.1964000000000112,3.131991051454139e-06,0.0001,1.0,0.0060909604519774,0,0.0
548,121,230.6045,231.2,0.595499999999987,0.003600447427293,0.0228333333333333,0.7583892617449665,0.0240954802259887,3,1.2
548,121,242.3779,243.1667,0.7887999999999806,0.0086921700223713,0.0357666666666666,0.3355704697986577,0.0334977401129943,1,0.4
548,121,247.0464,250.0,2.9535999999999945,0.0219161073825503,0.1205666666666666,0.1006711409395973,0.0277525423728813,7,2.8
548,121,285.1956,285.7667,0.5711000000000013,0.0041344519015659,0.0254333333333333,0.7046979865771812,0.0478757062146892,6,2.4
548,122,116.9085,128.2667,11.358199999999982,0.0011821029082774,0.01,0.9261744966442952,0.0257022598870056,2,0.8
548,123,154.6687,157.2333,2.564600000000013,0.0085275167785234,0.0308666666666666,0.3087248322147651,0.0216949152542372,0,0.0
548,127,303.5255,305.2667,1.741199999999992,1.1185682326621925e-05,0.0002666666666666,1.0,0.0201915254237288,0,0.0
548,127,318.2323,333.4,15.167699999999968,0.0001375838926174,0.0033,1.0,0.0235305084745762,0,0.0
548,128,19.4283,32.2,12.771700000000004,0.0062064876957494,0.064,0.825503355704698,0.0185395480225988,0,0.0
548,128,74.4885,76.4333,1.9448000000000008,8.948545861297539e-07,3.3333333333333335e-05,1.0,0.0164706214689265,0,0.0
548,130,21.4284,22.8,1.3716000000000008,2.8635346756152125e-05,0.0006333333333333,1.0,0.0071689265536723,1,0.4
548,148,256.9517,259.9667,3.0149999999999864,0.0030322147651006,0.0124333333333333,0.8389261744966443,0.0245824858757062,7,2.8
548,151,135.1296,143.4333,8.303699999999992,0.0010458612975391,0.0120333333333333,0.906040268456376,0.0278073446327683,5,2.0
548,152,152.6661,159.0,6.3339,1.5659955257270692e-06,6.666666666666667e-05,1.0,0.0163949152542372,11,4.4
548,153,79.6472,86.8,7.152799999999999,1.1185682326621925e-06,6.666666666666667e-05,1.0,0.0095666666666666,11,4.4
548,153,93.7568,95.3667,1.609899999999996,0.0035874720357941,0.0179666666666666,0.7114093959731543,0.0259711864406779,13,5.2
548,153,284.0791,289.5,5.420900000000017,0.0004008948545861,0.0076333333333333,0.9664429530201344,0.0130502824858757,15,6.0
548,153,309.6261,314.4,4.773899999999969,1.2975391498881432e-05,0.0005,1.0,0.0115949152542372,9,3.6
548,154,140.9391,192.4667,51.52760000000001,4.384787472035794e-05,0.0017333333333333,1.0,0.0055983050847457,7,2.8
548,155,40.8539,57.7333,16.879399999999997,0.0090194630872483,0.0405333333333333,0.3624161073825503,0.0133440677966101,0,0.0
548,155,212.3911,216.0333,3.6422000000000025,1.7897091722595078e-06,6.666666666666667e-05,1.0,0.0085536723163841,7,2.8
548,155,275.7384,278.1,2.36160000000001,0.0035914988814317,0.0242666666666666,0.7785234899328859,0.009738418079096,9,3.6
548,155,286.255,295.6333,9.378300000000024,0.0057308724832214,0.0363,0.6442953020134228,0.0205983050847457,4,1.6
548,155,338.2229,345.4667,7.243800000000021,0.000741610738255,0.0030333333333333,1.0,0.0078254237288135,9,3.6
548,156,112.0833,123.4667,11.383400000000009,0.0063881431767337,0.0388,0.610738255033557,0.0145333333333333,13,5.2
548,156,217.6565,220.3333,2.6768000000000143,0.0001232662192393,0.0015333333333333,1.0,0.0044683615819209,0,0.0
548,156,313.8078,315.6667,1.858900000000005,0.0044196868008948,0.0308333333333333,0.7449664429530202,0.012257627118644,7,2.8
548,157,24.2463,24.8667,0.6204000000000001,0.0016859060402684,0.0114333333333333,0.912751677852349,0.009319209039548,2,0.8
548,157,134.9355,139.0,4.0645000000000095,0.0250324384787472,0.1009333333333333,0.0201342281879194,0.0156197740112994,10,4.0
548,157,140.0864,141.8333,1.7469000000000108,0.0114581655480984,0.0330333333333333,0.1140939597315436,0.0355141242937853,10,4.0
548,157,218.9269,221.6333,2.706400000000002,0.0008787472035794,0.0038,1.0,0.0079649717514124,3,1.2
548,157,282.513,284.4333,1.9202999999999972,0.0006501118568232,0.0038666666666666,1.0,0.0056847457627118,0,0.0
548,157,309.5649,311.4667,1.90179999999998,0.0170098434004474,0.0594,0.2147651006711409,0.0587271186440678,6,2.4
548,158,33.8605,36.6,2.7395,0.0002953020134228,0.0013666666666666,1.0,0.0209966101694915,2,0.8
548,158,196.2195,199.0,2.7804999999999893,0.0035091722595078,0.0207,0.8657718120805369,0.0129062146892655,2,0.8
548,158,267.4323,269.2333,1.8009999999999875,0.0098002237136465,0.0308333333333333,0.2348993288590604,0.0306830508474576,7,2.8
548,158,276.2775,277.2667,0.9892000000000394,0.031748322147651,0.1739333333333333,0.2214765100671141,0.0383412429378531,8,3.2
548,159,0.4375,4.4,3.9625,0.005017673378076,0.0509333333333333,0.8187919463087249,0.0216316384180791,1,0.4
548,159,142.1721,145.3333,3.161200000000008,0.0001026845637583,0.0011,1.0,0.0163005649717514,0,0.0
548,160,158.8036,163.0333,4.229700000000008,0.0001653243847874,0.0008333333333333,1.0,0.016138418079096,0,0.0
548,163,95.5701,100.3333,4.763199999999998,0.0034404921700223,0.0320666666666666,0.8590604026845637,0.0043141242937853,8,3.2
548,169,100.9362,104.0,3.0638000000000005,0.0064228187919463,0.1249666666666666,0.7046979865771812,0.006876836158192,5,2.0
549,3,140.1574,150.4667,10.309300000000007,0.0033217002237136,0.028,0.8053691275167785,0.0060435028248587,0,0.0
549,3,315.3261,317.5,2.1739000000000037,1.498881431767338e-05,0.0002666666666666,1.0,0.0057112994350282,2,0.8
549,4,251.8742,254.9,3.025800000000004,0.0005953020134228,0.0030333333333333,1.0,0.0301097701149425,8,3.2
549,5,100.5849,102.6333,2.048400000000001,2.5055928411633108e-05,0.0008333333333333,1.0,0.0250022598870056,4,1.6
549,5,194.9953,201.4667,6.471400000000017,0.0008776286353467,0.0154666666666666,0.9463087248322148,0.0260355932203389,8,3.2
549,6,89.1784,90.7,1.5216000000000065,0.0001413870246085,0.0038666666666666,1.0,0.02584802259887,8,3.2
549,14,174.0921,175.1,1.0079000000000065,0.0031270693512304,0.0302,0.7986577181208053,0.0125468926553672,13,5.2
549,14,299.5213,300.5,0.9787000000000036,1.208053691275168e-05,0.0002333333333333,1.0,0.0277282485875706,18,7.2
549,15,158.4648,159.4333,0.968500000000006,0.0243152125279642,0.0553333333333333,0.1140939597315436,0.0359237288135593,8,3.2
549,15,207.2814,208.6,1.3186000000000035,0.0002720357941834,0.0014333333333333,1.0,0.0185463276836158,4,1.6
549,15,274.7889,277.2333,2.4443999999999733,0.0021879194630872,0.0115666666666666,0.87248322147651,0.0164435028248587,1,0.4
549,15,321.7816,323.3,1.5183999999999855,0.0008608501118568,0.0055666666666666,0.9865771812080536,0.0153661016949152,0,0.0
549,16,41.6506,43.1333,1.4827000000000012,0.0018145413870246,0.006,0.9664429530201344,0.0329389830508474,4,1.6
549,16,328.2562,329.2,0.9438000000000102,0.0057550335570469,0.0409,0.7449664429530202,0.0262406779661016,1,0.4
549,17,110.5965,111.7667,1.170199999999994,0.0055953020134228,0.0337666666666666,0.6174496644295302,0.0323468926553672,1,0.4
549,17,273.672,275.3667,1.6946999999999548,0.0005064876957494,0.0084333333333333,0.9731543624161074,0.0265293785310734,8,3.2
549,17,355.3411,356.1667,0.8256000000000085,6.04026845637584e-06,0.0003,1.0,0.0167079096045197,0,0.0
549,18,48.3601,49.2,0.8399000000000001,3.579418344519016e-06,0.0002333333333333,1.0,0.0086745762711864,0,0.0
549,18,115.9203,134.6333,18.712999999999997,0.0181058165548098,0.1045,0.2953020134228188,0.0418435028248587,7,2.8
550,0,183.4006,190.2667,6.866099999999989,0.019724384787472,0.1239666666666666,0.4429530201342282,0.0297909604519774,10,4.0
550,0,256.2702,259.0667,2.7965000000000373,0.0083203579418344,0.0198666666666666,0.2818791946308724,0.039557627118644,2,0.8
550,0,262.4156,264.2667,1.8511000000000308,0.030151677852349,0.1233666666666666,0.2214765100671141,0.025264406779661,13,5.2
550,1,58.0053,63.8667,5.861400000000003,0.0033557046979865,0.0431666666666666,0.8523489932885906,0.0240983050847457,12,4.8
550,1,134.2899,136.5667,2.2768000000000086,0.0056170022371364,0.0246666666666666,0.6510067114093959,0.0239519774011299,5,2.0
550,1,143.419,145.3667,1.947699999999997,0.0147364653243847,0.0484,0.1610738255033557,0.0595649717514124,4,1.6
550,1,216.1411,217.4667,1.3256000000000083,0.0011800894854586,0.0078333333333333,0.9865771812080536,0.0179282485875706,5,2.0
550,1,227.8552,232.5,4.644800000000004,0.0050979865771812,0.0127666666666666,0.5436241610738255,0.0430841807909604,13,5.2
550,1,327.8884,332.6,4.711600000000033,0.0027427293064876,0.0099666666666666,0.8859060402684564,0.0236514124293785,2,0.8
550,4,240.9375,245.3667,4.429200000000009,0.0001702460850111,0.0023333333333333,1.0,0.0381333333333333,12,4.8
550,6,62.5486,66.0667,3.518099999999997,0.0143666666666666,0.0392333333333333,0.0671140939597315,0.0234926553672316,5,2.0
550,7,10.2057,15.5,5.2943,0.0003335570469798,0.0018333333333333,1.0,0.0293016949152542,8,3.2
550,10,275.2034,295.1333,19.929900000000032,0.0048988814317673,0.0204333333333333,0.697986577181208,0.0182841807909604,6,2.4
550,16,227.1484,232.3667,5.218299999999999,0.0009644295302013,0.0126666666666666,0.959731543624161,0.0395406779661016,10,4.0
550,19,147.0402,159.3,12.259800000000013,3.131991051454139e-06,0.0002333333333333,1.0,0.0128960451977401,7,2.8
550,22,164.4837,168.3333,3.8496000000000095,0.0014270693512304,0.0048666666666666,1.0,0.0330203389830508,2,0.8
550,33,233.8943,241.7667,7.872399999999999,0.0016548098434004,0.0067,0.953020134228188,0.0013807909604519,7,2.8
550,36,35.5558,41.2667,5.710900000000002,0.0082782997762863,0.0506333333333333,0.5436241610738255,0.0004870056497175,2,0.8
550,36,47.6543,48.4667,0.8124000000000038,0.0004248322147651,0.0054333333333333,0.9932885906040269,0.0126694915254237,12,4.8
550,37,124.0813,131.9667,7.885400000000004,0.0038498881431767,0.0233666666666666,0.7785234899328859,0.0074864406779661,11,4.4
550,37,245.7224,248.4,2.6776000000000124,0.0011293064876957,0.0050666666666666,0.9932885906040269,0.0099813559322033,0,0.0
550,37,311.0105,312.3667,1.3562000000000012,0.0024666666666666,0.0440333333333333,0.9463087248322148,0.0103892655367231,0,0.0
550,38,14.799,24.9667,10.1677,0.0065872483221476,0.0337666666666666,0.6040268456375839,0.0099152542372881,4,1.6
550,40,17.8075,24.0333,6.2258,0.0092552572706935,0.0494,0.6174496644295302,0.0099807909604519,2,0.8
550,46,155.4634,159.5667,4.10329999999999,0.0053543624161073,0.0527666666666666,0.7449664429530202,0.0106485875706214,0,0.0
550,46,175.4491,177.5333,2.08420000000001,0.0173782997762863,0.1359666666666666,0.7181208053691275,0.0126146892655367,2,0.8
550,46,275.7165,278.4333,2.716799999999978,0.0028375838926174,0.0519666666666666,0.8926174496644296,0.010183615819209,0,0.0
550,47,6.7504,9.6,2.8496,0.0296516778523489,0.1606,0.1073825503355704,0.0136271186440677,3,1.2
550,47,350.6815,352.8,2.118499999999983,0.0049668903803131,0.0778,0.8120805369127517,0.0126564971751412,0,0.0
550,48,322.3528,327.4667,5.113900000000001,2.237136465324385e-07,3.3333333333333335e-05,1.0,0.0125491525423728,0,0.0
550,49,29.5014,37.1333,7.631899999999998,0.0005335570469798,0.0052333333333333,0.9932885906040269,0.0197677966101694,0,0.0
552,2,240.8727,246.6,5.727299999999985,4.608501118568233e-05,0.0005666666666666,1.0,0.035357627118644,14,5.6
552,4,32.3125,47.8333,15.5208,0.0005812080536912,0.0039666666666666,1.0,0.0246305084745762,1,0.4
552,6,90.2495,102.9333,12.683800000000003,0.0240217002237136,0.0702333333333333,0.0402684563758389,0.0133282485875706,0,0.0
552,7,69.0065,71.4667,2.4602000000000004,0.0015067114093959,0.0045333333333333,1.0,0.0054079096045197,0,0.0
552,7,77.0134,113.7333,36.7199,0.0036040268456375,0.0128,0.7315436241610739,0.0259039548022598,1,0.4
552,10,193.5881,197.1,3.511899999999997,0.0254519015659955,0.0671666666666666,0.0134228187919463,0.0270254237288135,2,0.8
552,37,93.6767,96.8,3.1233000000000004,0.0278306487695749,0.0586666666666666,0.0201342281879194,0.0272960451977401,3,1.2
552,40,270.0148,273.4667,3.4519000000000237,2.393736017897092e-05,0.0002,1.0,0.0031118644067796,4,1.6
552,61,65.9909,67.0,1.0091000000000037,0.0001187919463087,0.0025666666666666,1.0,0.0248062146892655,18,7.2
552,68,77.1678,78.9333,1.765500000000003,0.0304534675615212,0.0509333333333333,0.0201342281879194,0.0367005649717514,14,5.6
552,69,138.5684,139.4667,0.8983000000000061,0.0426272930648769,0.0764,0.0,0.0466677966101694,20,8.0
552,69,273.4489,279.6333,6.184400000000039,0.0095957494407158,0.0224,0.2483221476510067,0.0294457627118644,8,3.2
552,70,77.2266,84.7,7.473399999999998,0.0061102908277404,0.0285333333333333,0.5838926174496645,0.0308225988700565,9,3.6
552,70,154.7273,156.5,1.7726999999999862,0.0070069351230425,0.0290666666666666,0.6040268456375839,0.0220180790960451,14,5.6
552,70,239.2436,260.3,21.056400000000025,0.0038744966442953,0.0214,0.7516778523489933,0.0193276836158192,9,3.6
552,70,286.8208,287.5333,0.7124999999999773,0.0099744966442953,0.0275,0.1610738255033557,0.0270045197740112,14,5.6
552,71,105.6348,106.2667,0.6319000000000017,0.0145979865771812,0.0559333333333333,0.1946308724832214,0.0283853107344632,8,3.2
552,71,187.3761,188.6667,1.2905999999999835,0.0160733780760626,0.0312333333333333,0.0805369127516778,0.0458372881355932,8,3.2
552,71,307.8405,311.2667,3.4261999999999944,0.0117510067114093,0.0233,0.1409395973154362,0.0598361581920903,4,1.6
552,71,330.8368,332.8667,2.029899999999998,0.0061369127516778,0.0208666666666666,0.4093959731543624,0.0109045197740113,1,0.4
552,72,190.0458,191.0333,0.987499999999983,0.02992774049217,0.0633,0.0067114093959731,0.0317519774011299,5,2.0
552,72,262.2782,269.0333,6.75509999999997,0.0066140939597315,0.0431,0.6778523489932886,0.0371813559322033,3,1.2
552,72,337.6157,341.4333,3.8175999999999695,0.0024935123042505,0.0124666666666666,0.7516778523489933,0.0231960451977401,8,3.2
552,74,181.9311,186.4333,4.502200000000016,0.0042196868008948,0.0237333333333333,0.6644295302013423,0.0305203389830508,8,3.2
552,75,138.6391,161.9667,23.32759999999999,4.47427293064877e-07,3.3333333333333335e-05,1.0,0.0285468926553672,2,0.8
552,76,300.6119,309.0,8.388100000000009,0.0009456375838926,0.0070666666666666,0.9798657718120806,0.0035559322033898,0,0.0
552,78,45.1299,52.2333,7.103400000000001,0.0047033557046979,0.0225333333333333,0.6308724832214765,0.0061418079096045,0,0.0
552,78,123.1772,125.4667,2.289500000000004,0.0253628635346756,0.129,0.0335570469798657,0.0236977401129943,3,1.2
552,78,190.8205,196.9667,6.146199999999993,0.0103874720357941,0.0424333333333333,0.348993288590604,0.0137401129943502,4,1.6
552,79,11.635,13.5667,1.931700000000001,0.0176458612975391,0.0709333333333333,0.0402684563758389,0.0333039548022598,8,3.2
552,79,34.1623,37.1333,2.9709999999999965,0.0016326621923937,0.0104333333333333,0.8791946308724832,0.0142440677966101,0,0.0
552,79,58.2378,66.6333,8.395500000000006,0.0147557046979865,0.0811,0.6241610738255033,0.0333237288135593,7,2.8
552,79,114.9588,117.9667,3.0079000000000065,0.0041796420581655,0.014,0.6375838926174496,0.0429214689265536,7,2.8
552,84,301.6941,312.8667,11.172599999999989,0.0329648769574944,0.0622333333333333,0.0,0.0473457627118644,8,3.2
552,87,194.2457,202.6,8.354299999999995,0.0009147651006711,0.0051666666666666,0.9865771812080536,0.0124841807909604,7,2.8
552,89,307.4715,310.1667,2.6952,0.0271740492170022,0.1014,0.0671140939597315,0.0370440677966101,8,3.2
552,90,22.7279,25.2667,2.5387999999999984,0.0049514541387024,0.0293333333333333,0.6241610738255033,0.0304796610169491,14,5.6
552,90,318.1144,318.8667,0.7522999999999911,1.2527964205816556e-05,0.0002,1.0,0.0186881355932203,14,5.6
552,91,12.6897,14.6667,1.9770000000000003,5.503355704697987e-05,0.0017,1.0,0.0089045977011494,7,2.8
552,91,140.7553,141.6667,0.9113999999999862,0.0012008948545861,0.0057333333333333,0.9865771812080536,0.0194242937853107,12,4.8
552,91,255.8029,256.4667,0.663800000000009,0.0006706935123042,0.0024666666666666,1.0,0.013754802259887,9,3.6
552,92,133.3065,134.7667,1.4601999999999862,0.0058391498881431,0.0238333333333333,0.5973154362416108,0.0209485875706214,13,5.2
552,93,308.9518,310.3333,1.3815000000000168,0.0041675615212527,0.023,0.697986577181208,0.0132830508474576,11,4.4
552,94,267.1108,269.2333,2.1225000000000023,2.550335570469799e-05,0.0001666666666666,1.0,0.0270903954802259,11,4.4
552,96,309.7519,311.1333,1.381400000000042,0.0121284116331096,0.0430333333333333,0.3624161073825503,0.0522807909604519,18,7.2
552,100,294.2759,301.0667,6.790800000000047,0.0031982102908277,0.0249333333333333,0.7919463087248322,0.0259751412429378,5,2.0
555,0,42.9709,45.5,2.5291,2.259507829977629e-05,0.0003333333333333,1.0,0.016883615819209,12,4.8
555,0,250.8667,261.5333,10.666599999999988,0.0318214765100671,0.0772666666666666,0.0,0.0253813559322033,18,7.2
555,6,44.2252,46.0333,1.808099999999996,0.0181317673378076,0.0650666666666666,0.174496644295302,0.0212785310734463,8,3.2
555,6,145.3981,146.5,1.1019000000000003,0.0002961968680089,0.0014,1.0,0.0065593220338983,6,2.4
555,9,21.1636,23.0667,1.903100000000002,0.0004816554809843,0.0024666666666666,1.0,0.0218282485875706,18,7.2
555,9,211.0851,212.3333,1.248199999999997,0.0254812080536912,0.0533333333333333,0.0,0.0338847457627118,14,5.6
555,11,148.5553,150.0333,1.4780000000000086,0.00168322147651,0.0174666666666666,0.8926174496644296,0.0091175141242937,5,2.0
555,11,190.6001,192.4,1.799900000000008,0.0012610738255033,0.0037,1.0,0.0272457627118644,10,4.0
555,12,107.2998,109.6,2.3001999999999896,0.0457288590604026,0.0918333333333333,0.0,0.0243474576271186,13,5.2
555,12,263.644,265.9333,2.289299999999969,0.0038527964205816,0.0183,0.7718120805369127,0.0142649717514124,9,3.6
555,12,318.054,323.5667,5.512700000000052,0.0005002237136465,0.0078333333333333,0.9798657718120806,0.0147237288135593,14,5.6
555,13,131.7526,134.3333,2.5807000000000078,0.0040872483221476,0.0126333333333333,0.6174496644295302,0.0297389830508474,7,2.8
555,13,158.3864,160.5667,2.1802999999999884,0.0203912751677852,0.0574,0.0268456375838926,0.0299887005649717,10,4.0
555,13,279.1496,280.1,0.950400000000002,0.0177657718120805,0.0396666666666666,0.0604026845637583,0.0393135593220339,16,6.4
555,14,38.0384,40.7333,2.694899999999997,0.0045541387024608,0.0215333333333333,0.6442953020134228,0.0120542372881355,9,3.6
555,14,287.8081,288.3,0.4918999999999869,0.0025733780760626,0.0227333333333333,0.8456375838926175,0.0132853107344632,3,1.2
555,15,29.5826,32.4667,2.884100000000004,0.0026574944071588,0.0195666666666666,0.7449664429530202,0.0081966101694915,1,0.4
555,15,163.0105,164.5,1.4894999999999925,0.0215029082774049,0.0568333333333333,0.087248322147651,0.0273847457627118,16,6.4
555,16,120.3433,122.1,1.756699999999995,0.0212606263982102,0.044,0.1073825503355704,0.0444966101694915,8,3.2
555,22,7.3029,27.6333,20.3304,0.0039431767337807,0.0361333333333333,0.7516778523489933,0.0121790960451977,0,0.0
555,23,15.5465,21.3333,5.786800000000001,0.0023961968680089,0.0058,0.9865771812080536,0.0410152542372881,2,0.8
555,26,49.645,51.3,1.654999999999994,0.0020809843400447,0.0071666666666666,0.9798657718120806,0.0124920903954802,12,4.8
555,26,227.0382,229.7333,2.695100000000025,0.0003149888143176,0.0042333333333333,1.0,0.0214892655367231,12,4.8
555,39,115.6509,117.5333,1.882400000000004,0.0002541387024608,0.0043333333333333,1.0,0.0140807909604519,9,3.6
555,39,204.1638,206.1667,2.0028999999999826,0.0032637583892617,0.0144666666666666,0.8322147651006712,0.0198813559322033,11,4.4
555,40,159.268,161.1333,1.8652999999999904,0.000869351230425,0.0034,1.0,0.0091807909604519,7,2.8
555,41,155.2052,155.7667,0.5614999999999952,0.0056507829977628,0.0182333333333333,0.5570469798657718,0.0181920903954802,4,1.6
555,41,173.2169,173.6333,0.4163999999999817,0.0005885906040268,0.0037333333333333,1.0,0.0219988700564971,5,2.0
555,41,204.5316,205.2,0.6683999999999912,0.0007194630872483,0.0027,1.0,0.0135971751412429,5,2.0
555,41,241.2273,241.7667,0.5393999999999721,0.0001100671140939,0.0013333333333333,1.0,0.0210887005649717,6,2.4
555,41,280.5668,281.2667,0.6999000000000137,7.404921700223712e-05,0.0006666666666666,1.0,0.0235203389830508,6,2.4
555,43,12.6944,16.1,3.405600000000001,0.0030568232662192,0.0454333333333333,0.8791946308724832,0.010831638418079,9,3.6
555,46,2.0408,2.9333,0.8925000000000001,0.0048494407158836,0.0244333333333333,0.6510067114093959,0.0106983050847457,10,4.0
555,51,182.6327,183.4,0.7673000000000059,2.147651006711409e-05,0.0002666666666666,1.0,0.0129485875706214,15,6.0
555,54,351.1431,351.9667,0.823599999999999,0.0002156599552572,0.007,0.9798657718120806,0.0159813559322033,15,6.0
555,61,56.1591,57.0333,0.8741999999999948,0.0022552572706935,0.0107666666666666,0.8389261744966443,0.0232892655367231,4,1.6
555,65,15.9748,16.5667,0.5919000000000008,0.0030979865771812,0.0170333333333333,0.7248322147651006,0.007202824858757,0,0.0
555,67,293.6527,301.3333,7.680600000000027,0.0047340044742729,0.0181,0.6174496644295302,0.022464406779661,11,4.4
555,70,90.442,121.6333,31.19130000000001,0.010362192393736,0.0737,0.6644295302013423,0.0240920903954802,7,2.8
555,70,150.0629,151.6667,1.6037999999999784,0.001797091722595,0.0074666666666666,0.959731543624161,0.0352463276836158,6,2.4
555,71,134.9265,135.8333,0.906800000000004,0.0301087248322147,0.0593333333333333,0.0,0.0307435028248587,15,6.0
555,71,152.467,155.1,2.6329999999999814,0.0040834451901565,0.0206666666666666,0.7248322147651006,0.0342926553672316,5,2.0
555,71,311.8751,317.8333,5.9582000000000335,0.0030152125279642,0.0203,0.7718120805369127,0.0224711864406779,12,4.8
555,75,335.7168,336.9,1.1831999999999994,0.0045205816554809,0.0288333333333333,0.6577181208053692,0.0227254237288135,16,6.4
555,76,97.9156,98.8667,0.9510999999999968,0.0017680089485458,0.0165333333333333,0.87248322147651,0.0176474576271186,16,6.4
555,76,275.3411,278.0333,2.692200000000014,5.6152125279642055e-05,0.0004,1.0,0.0183005649717514,8,3.2
555,87,85.9997,89.8,3.800299999999993,0.002276062639821,0.0149666666666666,0.9395973154362416,0.0790259887005649,6,2.4
555,92,86.5284,88.7333,2.204899999999995,3.3557046979865773e-06,0.0001333333333333,1.0,0.0119621468926553,14,5.6
555,92,254.2743,255.3667,1.0923999999999978,3.713646532438479e-05,0.0008333333333333,1.0,0.0104875706214689,9,3.6
555,92,345.8259,348.2667,2.4408000000000243,1.6107382550335573e-05,0.0006666666666666,1.0,0.0217864406779661,13,5.2
555,93,86.9168,87.4,0.4832000000000107,3.1319910514541385e-06,0.0001666666666666,1.0,0.0253774011299435,6,2.4
555,93,125.7272,126.4333,0.7061000000000064,2.013422818791946e-06,3.3333333333333335e-05,1.0,0.0236152542372881,3,1.2
555,93,226.7002,227.3333,0.6331000000000131,4.250559284116331e-06,0.0001,1.0,0.0166372881355932,7,2.8
555,93,247.5104,247.9667,0.4562999999999988,4.474272930648769e-06,0.0002,1.0,0.0211440677966101,3,1.2
555,93,282.7814,283.3667,0.5852999999999611,2.237136465324385e-06,0.0001,1.0,0.0094022598870056,1,0.4
555,93,338.5078,339.1,0.592200000000048,7.382550335570472e-06,0.0001666666666666,1.0,0.0227960451977401,1,0.4
555,94,15.8856,16.4667,0.5810999999999993,0.0001076062639821,0.0057666666666666,0.9865771812080536,0.022976836158192,0,0.0
555,94,47.3441,52.5,5.155900000000003,0.0003923937360178,0.0077,0.9731543624161074,0.020102824858757,10,4.0
555,97,34.3375,35.1667,0.8292000000000002,0.0014720357941834,0.0057666666666666,0.9865771812080536,0.0270570621468926,5,2.0
555,99,151.2599,151.9333,0.6734000000000151,0.0057532438478747,0.0143666666666666,0.3557046979865771,0.0155570621468926,0,0.0
555,100,186.0322,186.6,0.5678000000000054,0.0061559284116331,0.0259666666666666,0.3624161073825503,0.0261954802259886,14,5.6
555,100,313.0498,313.9667,0.9168999999999984,0.0028948545861297,0.0072666666666666,0.8791946308724832,0.0239440677966101,4,1.6
555,101,109.1233,113.7667,4.6434,0.018044966442953,0.0518,0.0268456375838926,0.031493220338983,14,5.6
555,101,318.6394,322.3,3.660599999999988,0.0037586129753914,0.0244666666666666,0.7449664429530202,0.027676836158192,1,0.4
555,101,339.6245,340.5,0.8754999999999882,0.0066818791946308,0.0212666666666666,0.4966442953020134,0.0530084745762711,6,2.4
555,104,120.4448,173.4,52.955200000000005,0.0161686800894854,0.0706,0.0738255033557047,0.0227118644067796,7,2.8
555,118,266.3371,270.5333,4.196199999999976,0.0026881431767337,0.0045666666666666,1.0,0.0137293785310734,4,1.6
555,130,286.6108,289.0333,2.4225000000000136,4.720357941834452e-05,0.0018,1.0,0.0111322033898305,0,0.0
555,135,178.8719,182.3667,3.494799999999998,0.0143577181208053,0.0548,0.1275167785234899,0.0312084745762711,8,3.2
555,136,295.4501,298.7,3.2498999999999683,0.0001288590604026,0.002,1.0,0.0159785310734463,4,1.6
555,137,52.1126,78.0667,25.9541,0.0007409395973154,0.0055,0.9932885906040269,0.0321423728813559,2,0.8
555,137,149.5732,153.2667,3.693499999999972,0.0004261744966442,0.0057333333333333,0.9932885906040269,0.0259118644067796,2,0.8
555,137,175.4946,186.8667,11.372100000000016,0.0095295302013422,0.1170333333333333,0.6845637583892618,0.0244491525423728,2,0.8
555,139,188.8128,193.9333,5.120499999999993,0.014513870246085,0.0474,0.3154362416107382,0.0272632768361581,8,3.2
555,140,178.0634,180.9,2.836600000000004,2.997762863534676e-05,0.0006,1.0,0.0115039548022598,0,0.0
555,141,20.3361,25.8333,5.497200000000003,0.0224364653243847,0.0786666666666666,0.0335570469798657,0.0365225988700564,9,3.6
555,141,333.967,336.1333,2.166300000000035,0.037348322147651,0.0670666666666666,0.0,0.0530581920903954,9,3.6
555,163,108.6451,113.7333,5.0882000000000005,2.102908277404922e-05,0.0009666666666666,1.0,0.0151881355932203,1,0.4
555,164,317.2009,318.5,1.29910000000001,7.15883668903803e-05,0.002,1.0,0.0658090395480226,4,1.6
555,173,119.6636,120.4333,0.7697000000000003,0.0005901565995525,0.0133666666666666,0.9664429530201344,0.0571813559322033,19,7.6
555,176,182.8733,219.6667,36.79339999999999,0.0061606263982102,0.0156,0.4093959731543624,0.0321853107344632,12,4.8
555,176,248.9801,250.2667,1.2865999999999929,0.0169991051454138,0.0415333333333333,0.0939597315436241,0.0378468926553672,15,6.0
555,189,80.1797,86.7333,6.553600000000003,0.0003080536912751,0.0021333333333333,1.0,0.0137960451977401,4,1.6
555,189,105.1099,109.0667,3.956800000000001,0.0210697986577181,0.0639666666666666,0.0805369127516778,0.0233847457627118,6,2.4
555,190,219.6024,230.9,11.297600000000015,0.0004140939597315,0.0019666666666666,1.0,0.0148887005649717,8,3.2
555,192,107.6482,128.8333,21.18510000000001,0.0130648769574944,0.0643,0.5906040268456376,0.0231717514124293,4,1.6
556,5,226.6407,227.0,0.3592999999999904,0.0132268456375838,0.0356666666666666,0.2147651006711409,0.0157779661016949,5,2.0
556,7,207.3544,213.3,5.945600000000013,0.0252496644295302,0.0617,0.0134228187919463,0.0965135593220338,7,2.8
556,8,284.823,290.6333,5.810300000000041,0.0023986577181208,0.0144,0.7785234899328859,0.0208338983050847,3,1.2
557,2,149.2806,153.4667,4.18610000000001,0.0050776286353467,0.0279,0.6711409395973155,0.0453745762711864,5,2.0
557,5,173.2341,176.6333,3.399199999999979,4.921700223713647e-06,0.0001666666666666,1.0,0.0099943502824858,5,2.0
557,11,308.0311,309.3667,1.3355999999999997,0.0008646532438478,0.0178,0.9463087248322148,0.0446813559322033,6,2.4
557,12,11.3862,14.2667,2.8805,0.0071606263982102,0.0298666666666666,0.5167785234899329,0.0129248587570621,4,1.6
557,43,280.8125,285.0667,4.254200000000026,1.0514541387024608e-05,0.0002333333333333,1.0,0.013209604519774,12,4.8
557,44,144.8747,146.8333,1.9586000000000183,0.0013914988814317,0.0091666666666666,0.9194630872483222,0.0192988700564971,11,4.4
557,65,68.913,73.2,4.287000000000006,1.6107382550335573e-05,0.0003666666666666,1.0,0.042054802259887,18,7.2
557,66,52.5341,76.2333,23.6992,3.4675615212527964e-05,0.0012,1.0,0.0083593220338983,0,0.0
557,66,143.1619,152.6333,9.471399999999988,0.014717673378076,0.0462666666666666,0.2818791946308724,0.0193225988700564,6,2.4
557,66,194.5554,203.7333,9.177900000000022,0.0001228187919463,0.0031,1.0,0.0093350282485875,6,2.4
557,66,260.7338,264.0,3.266200000000026,5.5928411633109614e-06,0.0001333333333333,1.0,0.0217723163841807,2,0.8
557,66,294.8408,298.8,3.95920000000001,6.487695749440716e-06,6.666666666666667e-05,1.0,0.0243203389830508,1,0.4
557,67,27.702,37.4333,9.7313,0.0096064876957494,0.0317666666666666,0.3087248322147651,0.0169881355932203,2,0.8
557,67,189.8168,213.5333,23.7165,0.0011939597315436,0.0060666666666666,0.9865771812080536,0.0117841807909604,4,1.6
557,68,95.7167,104.1333,8.416600000000003,0.000210514541387,0.0013,1.0,0.0077593220338983,2,0.8
557,68,331.3301,333.8333,2.5031999999999925,0.0017608501118568,0.0091,0.9463087248322148,0.0164807909604519,3,1.2
557,71,20.5486,34.1667,13.618099999999998,0.0013252796420581,0.0065333333333333,0.9731543624161074,0.0157514124293785,4,1.6
559,8,130.6704,133.0,2.3295999999999992,0.0014082774049217,0.0078333333333333,0.9731543624161074,0.0248022598870056,3,1.2
559,9,137.9286,151.0,13.071400000000011,0.0005185682326621,0.0020666666666666,1.0,0.0135519774011299,0,0.0
559,10,14.4816,18.8,4.3184000000000005,3.1543624161073825e-05,0.0003333333333333,1.0,0.0056305084745762,0,0.0
559,10,93.5297,98.8667,5.336999999999989,0.0002756152125279,0.0016,1.0,0.0074762711864406,2,0.8
559,10,124.7474,128.5333,3.785899999999998,2.2818791946308727e-05,0.0003,1.0,0.0070355932203389,1,0.4
559,10,193.3043,194.1333,0.8289999999999793,0.0004147651006711,0.0228333333333333,0.9798657718120806,0.021619209039548,4,1.6
559,11,318.3236,324.2667,5.943100000000015,0.0016440715883668,0.0045666666666666,1.0,0.0187966101694915,4,1.6
560,3,200.0255,229.2667,29.241199999999992,0.0002431767337807,0.0053666666666666,0.9932885906040269,0.017128813559322,0,0.0
560,4,163.4277,173.4,9.972300000000018,0.014769351230425,0.0992333333333333,0.2013422818791946,0.0094197740112994,9,3.6
560,5,132.5231,139.4667,6.943600000000004,0.0010136465324384,0.0059666666666666,0.9932885906040269,3.785310734463277e-05,0,0.0
561,0,295.4316,304.3333,8.901700000000005,0.0306697986577181,0.0825,0.0,0.0625242937853107,10,4.0
561,5,234.069,247.2333,13.164300000000026,0.0011577181208053,0.0186333333333333,0.9194630872483222,0.0356502824858757,15,6.0
563,2,124.7024,127.0333,2.3309,0.0007988814317673,0.0101666666666666,0.953020134228188,0.0156180790960452,1,0.4
563,2,169.4631,170.6667,1.2035999999999945,0.0018534675615212,0.0088333333333333,0.9194630872483222,0.0114508474576271,0,0.0
563,10,228.6029,243.1,14.497099999999987,0.0001257270693512,0.0022333333333333,1.0,0.0074112994350282,0,0.0
564,2,38.6521,42.5,3.8479000000000023,0.0071268456375838,0.0359333333333333,0.5100671140939598,0.0140101694915254,3,1.2
565,11,242.7868,245.1333,2.346499999999992,0.0071572706935123,0.0235333333333333,0.348993288590604,0.0173401129943502,13,5.2
565,12,231.3035,232.5,1.196499999999986,8.903803131991052e-05,0.0008,1.0,0.0082864406779661,16,6.4
565,21,336.3259,338.3,1.9741000000000213,0.004600447427293,0.0157666666666666,0.5637583892617449,0.0220135593220338,12,4.8
565,22,191.6919,193.2333,1.54140000000001,8.7248322147651e-05,0.0092666666666666,0.9932885906040269,0.0149819209039548,7,2.8
565,25,125.7368,165.3333,39.596500000000006,0.0237438478747203,0.0667333333333333,0.0939597315436241,0.0302231638418079,4,1.6
565,28,256.5653,265.4333,8.867999999999995,0.0152456375838926,0.0341333333333333,0.0536912751677852,0.0277757062146892,1,0.4
565,29,118.0252,124.1667,6.141500000000008,0.0039427293064876,0.0186666666666666,0.7583892617449665,0.026212429378531,4,1.6
565,29,236.9398,241.2667,4.326899999999995,6.241610738255034e-05,0.0009666666666666,1.0,0.0159033898305084,1,0.4
565,29,290.3384,294.4333,4.094899999999996,0.0001514541387024,0.0015,1.0,0.0332067796610169,0,0.0
565,30,2.2094,6.7667,4.5573,0.0012447427293064,0.0151333333333333,0.8993288590604027,0.0185649717514124,0,0.0
565,30,51.4584,56.8333,5.374900000000004,2.8411633109619688e-05,0.0008666666666666,1.0,0.0284926553672316,0,0.0
565,30,114.0703,118.0,3.929699999999997,0.0031510067114093,0.0252666666666666,0.8053691275167785,0.0267242937853107,0,0.0
565,30,156.3799,158.1333,1.7533999999999992,0.0010114093959731,0.0074666666666666,0.9865771812080536,0.0253909604519773,0,0.0
565,31,2.336,6.9,4.564,0.0007977628635346,0.0175333333333333,0.953020134228188,0.0308802259887005,3,1.2
565,31,16.8996,19.5,2.6004000000000005,0.0034633109619686,0.0232666666666666,0.7583892617449665,0.011057627118644,6,2.4
565,31,143.0059,157.6,14.594099999999996,0.0029384787472035,0.0157666666666666,0.8187919463087249,0.0275853107344632,8,3.2
565,31,235.1575,238.1,2.9424999999999955,0.0113803131991051,0.0306666666666666,0.2013422818791946,0.0243757062146892,17,6.8
565,32,208.2812,210.3667,2.085499999999996,0.0167527964205816,0.0395666666666666,0.0604026845637583,0.044545197740113,13,5.2
565,33,14.3551,28.6333,14.278199999999998,5.302013422818792e-05,0.0013,1.0,0.0137271186440677,8,3.2
565,33,76.8929,79.6,2.707099999999997,2.0134228187919468e-05,0.0011333333333333,1.0,0.0204254237288135,11,4.4
565,33,121.834,139.2,17.365999999999985,0.0035395973154362,0.0304666666666666,0.8187919463087249,0.0267525423728813,12,4.8
565,33,212.3885,213.5333,1.1448000000000036,0.0010612975391498,0.0052666666666666,0.9932885906040269,0.0151807909604519,4,1.6
565,33,276.8884,277.9,1.0115999999999872,0.0031232662192393,0.0086333333333333,0.8389261744966443,0.016119209039548,9,3.6
565,33,326.6322,327.5667,0.934500000000014,0.0034067114093959,0.0147,0.7986577181208053,0.015083615819209,8,3.2
565,33,355.2511,357.1333,1.882200000000012,0.0022944071588366,0.0070333333333333,0.953020134228188,0.0202259887005649,0,0.0
565,34,30.8276,33.9667,3.1391000000000027,0.0002223713646532,0.0022333333333333,1.0,0.0148604519774011,6,2.4
565,34,87.8149,88.7333,0.9184000000000054,0.0007288590604026,0.0118333333333333,0.953020134228188,0.008931638418079,3,1.2
565,34,173.2135,194.1333,20.91979999999998,0.0009718120805369,0.0031,1.0,0.0075824858757062,3,1.2
565,34,200.0236,201.2667,1.2430999999999983,0.004965548098434,0.0231,0.6644295302013423,0.0225762711864406,9,3.6
565,34,255.1444,256.5333,1.388900000000007,0.0002044742729306,0.0023666666666666,1.0,0.0109175141242937,6,2.4
565,34,311.6336,339.4333,27.799699999999973,0.0016577181208053,0.0049666666666666,1.0,0.0151152542372881,0,0.0
565,35,114.6117,120.9667,6.355000000000004,0.0109836689038031,0.0238333333333333,0.0536912751677852,0.0286101694915254,1,0.4
565,35,274.7747,275.7333,0.95859999999999,0.0058565995525727,0.0211666666666666,0.4966442953020134,0.0206418079096045,6,2.4
565,36,189.2934,196.2667,6.973299999999995,0.0049208053691275,0.0125333333333333,0.5906040268456376,0.0161632768361581,3,1.2
565,36,221.114,225.4667,4.352699999999999,0.0022442953020134,0.0098333333333333,0.9328859060402684,0.0206180790960451,0,0.0
565,36,319.8275,321.5667,1.7392000000000394,0.0246503355704698,0.0752333333333333,0.0067114093959731,0.0395892655367231,8,3.2
565,37,108.0798,114.7,6.620199999999997,0.0012319910514541,0.0073666666666666,0.9731543624161074,0.019676836158192,11,4.4
565,37,330.7433,334.1667,3.423400000000015,0.0153085011185682,0.0480666666666666,0.1073825503355704,0.0265514124293785,6,2.4
565,39,82.1015,88.4333,6.331800000000001,0.0008624161073825,0.0056,0.9865771812080536,0.0001135593220338,1,0.4
565,41,150.9177,164.5667,13.649,0.0056906040268456,0.0171666666666666,0.5302013422818792,0.0242282485875706,2,0.8
565,46,330.2423,337.6,7.3577000000000226,0.0050067114093959,0.0158,0.5906040268456376,0.0170322033898305,0,0.0
565,74,31.8878,33.4667,1.5789000000000044,0.0155252796420581,0.0413666666666666,0.2953020134228188,0.0176559322033898,10,4.0
565,80,274.5374,276.2667,1.7293000000000234,0.0006373601789709,0.0101666666666666,0.959731543624161,0.0224649717514124,13,5.2
565,93,21.0028,35.0333,14.030499999999996,1.5659955257270695e-05,0.0006666666666666,1.0,0.0159559322033898,8,3.2
565,93,83.0947,100.0,16.905299999999997,6.7114093959731546e-06,0.0005,1.0,0.0092677966101694,4,1.6
565,93,110.1674,111.6333,1.4659000000000049,0.0186785234899328,0.0673333333333333,0.2818791946308724,0.0354677966101694,22,8.8
565,93,151.1336,154.2,3.066399999999988,0.0031134228187919,0.0127333333333333,0.7785234899328859,0.0092581920903954,3,1.2
565,93,188.9605,196.0667,7.106200000000001,0.0015494407158836,0.0105333333333333,0.953020134228188,0.015264406779661,4,1.6
565,93,240.7827,245.5333,4.750599999999992,0.002200447427293,0.0097333333333333,0.9261744966442952,0.0119898305084745,6,2.4
565,93,294.422,296.8667,2.444699999999955,0.0007467561521252,0.0096333333333333,0.9865771812080536,0.0122988700564971,3,1.2
565,93,327.8858,343.9,16.01419999999996,0.0002715883668903,0.0021666666666666,1.0,0.0079892655367231,1,0.4
565,94,17.8648,18.5333,0.6685000000000016,9.463087248322146e-05,0.0012,1.0,0.0091621468926553,5,2.0
565,94,63.4233,65.0333,1.6099999999999994,3.355704697986577e-05,0.0003666666666666,1.0,0.0070525423728813,4,1.6
565,94,142.702,148.9333,6.2313000000000045,2.0134228187919465e-05,0.0005333333333333,1.0,0.0070621468926553,0,0.0
565,94,225.9501,237.1667,11.2166,4.921700223713646e-05,0.0009666666666666,1.0,0.0066898305084745,2,0.8
565,94,327.4387,347.3667,19.928,0.0064778523489932,0.0196666666666666,0.4429530201342282,0.0062689265536723,9,3.6
565,95,11.8226,14.1333,2.3107000000000006,0.0145852348993288,0.0493333333333333,0.2214765100671141,0.0343436781609195,12,4.8
565,95,99.7876,101.3,1.5123999999999995,0.0106460850111856,0.0383666666666666,0.3825503355704698,0.0323734463276836,14,5.6
565,95,138.1308,153.6667,15.535899999999998,0.0002427293064876,0.0022333333333333,1.0,0.0087163841807909,4,1.6
565,95,171.2835,172.5667,1.2831999999999937,0.0079930648769574,0.0284666666666666,0.3691275167785235,0.0247440677966101,7,2.8
565,95,229.7548,230.2667,0.5118999999999971,0.0046268456375838,0.0370333333333333,0.6577181208053692,0.0202497175141242,4,1.6
565,95,301.2034,301.6667,0.4633000000000038,0.0069257270693512,0.0256,0.5033557046979866,0.022793220338983,8,3.2
565,95,347.9213,348.4667,0.5454000000000292,0.0001205816554809,0.0047,1.0,0.0237497175141242,3,1.2
565,96,19.8935,22.0,2.1065000000000005,1.5659955257270692e-06,3.3333333333333335e-05,1.0,0.031922033898305,1,0.4
565,96,61.9156,82.0333,20.1177,0.0003608501118568,0.0144333333333333,0.9731543624161074,0.0313830508474576,5,2.0
565,96,98.7545,113.6333,14.878800000000012,1.5659955257270692e-06,0.0002333333333333,1.0,0.0086022598870056,0,0.0
565,96,124.3224,157.9333,33.6109,0.0074011185682326,0.0293,0.5771812080536913,0.0091779661016949,1,0.4
565,96,196.0902,222.6667,26.57649999999998,0.0010539149888143,0.0074666666666666,0.9731543624161074,0.0181728813559322,7,2.8
565,96,291.8529,293.2333,1.3804000000000087,0.0001342281879194,0.0009,1.0,0.0068581920903954,4,1.6
565,97,48.2108,49.9667,1.755900000000004,0.0010691275167785,0.0101,0.959731543624161,0.0196531073446327,6,2.4
565,97,223.0602,224.8333,1.7730999999999997,0.0034248322147651,0.0142,0.8120805369127517,0.0163372881355932,15,6.0
565,97,311.0698,313.1667,2.096900000000005,0.0059324384787472,0.0173666666666666,0.4563758389261745,0.0249700564971751,14,5.6
565,98,73.728,74.6333,0.9053000000000112,0.0080355704697986,0.0310333333333333,0.3288590604026846,0.0267237288135593,16,6.4
565,98,165.4439,170.1667,4.722799999999978,4.832214765100671e-05,0.0006333333333333,1.0,0.0103248587570621,3,1.2
565,98,225.4441,248.1333,22.6892,0.0010107382550335,0.0042,1.0,0.0148225988700564,8,3.2
565,98,277.6878,278.7,1.012200000000007,0.003962639821029,0.0238333333333333,0.738255033557047,0.0219146892655367,16,6.4
565,98,304.5872,306.4667,1.8795000000000075,0.0094364653243847,0.0508666666666666,0.6644295302013423,0.012664406779661,4,1.6
565,99,241.0278,247.4667,6.43889999999999,0.0004140939597315,0.0023333333333333,1.0,0.0087367231638418,9,3.6
565,100,33.5776,48.5333,14.9557,0.000931543624161,0.0039666666666666,1.0,0.0074231638418079,6,2.4
565,100,115.4823,121.3667,5.884399999999999,9.507829977628635e-05,0.0020333333333333,1.0,0.0117474576271186,4,1.6
565,100,213.5882,215.2667,1.6784999999999854,6.174496644295302e-05,0.0010666666666666,1.0,0.0129627118644067,8,3.2
565,101,27.2151,28.2,0.9848999999999996,0.0101252796420581,0.0775,0.6040268456375839,0.0169887005649717,13,5.2
565,101,188.8404,189.8333,0.99290000000002,0.0004800894854586,0.0029666666666666,1.0,0.0154090395480225,6,2.4
565,101,221.691,222.9,1.2090000000000032,0.0045787472035794,0.0271666666666666,0.785234899328859,0.019838418079096,12,4.8
565,101,227.2008,228.6667,1.4659000000000049,0.0150355704697986,0.0391,0.2751677852348993,0.0291418079096045,11,4.4
565,101,296.205,302.1667,5.961700000000008,0.0022841163310961,0.0163333333333333,0.906040268456376,0.0171915254237288,3,1.2
565,101,331.2752,344.5667,13.291500000000042,0.0337897091722595,0.0889,0.0,0.0284875706214689,6,2.4
565,103,339.1032,356.5667,17.46350000000001,0.0002565995525727,0.0055,0.9932885906040269,0.015876836158192,0,0.0
565,104,244.9821,258.0333,13.051199999999994,4.1834451901566e-05,0.0008333333333333,1.0,0.0054344632768361,3,1.2
565,108,131.3019,135.5,4.198100000000011,0.0159378076062639,0.0737333333333333,0.1677852348993288,0.031493220338983,15,6.0
565,108,140.3555,143.7333,3.377800000000008,0.0248402684563758,0.0688333333333333,0.0536912751677852,0.0386830508474576,9,3.6
565,110,288.0854,293.1,5.01460000000003,0.0176856823266219,0.0501666666666666,0.046979865771812,0.0474830508474576,12,4.8
565,113,106.3638,109.2667,2.9029000000000025,0.0130355704697986,0.1084666666666666,0.2147651006711409,0.0417112994350282,2,0.8
565,113,295.3863,297.2333,1.84699999999998,0.0019308724832214,0.0460333333333333,0.912751677852349,0.0224853107344632,0,0.0
565,114,179.0564,183.1333,4.076899999999995,0.0165286353467561,0.0600666666666666,0.2684563758389262,0.0259056497175141,4,1.6
565,114,232.36,237.2667,4.906699999999972,0.0109993288590604,0.1331333333333333,0.8389261744966443,0.033019209039548,0,0.0
565,115,142.6113,146.7333,4.122000000000014,0.0310431767337807,0.1041666666666666,0.0402684563758389,0.0301525423728813,5,2.0
565,115,263.819,266.5667,2.747700000000009,0.0347463087248322,0.1282333333333333,0.2818791946308724,0.0453610169491525,12,4.8
565,115,297.4929,301.0333,3.540399999999977,0.0013134228187919,0.0093333333333333,0.9798657718120806,0.0077870056497175,3,1.2
565,115,315.0513,315.9,0.8486999999999512,0.0051114093959731,0.0207333333333333,0.5704697986577181,0.0091615819209039,0,0.0
565,116,36.6014,40.0667,3.465299999999999,0.0001534675615212,0.0024666666666666,1.0,0.0110033898305084,0,0.0
565,116,63.7517,64.6333,0.8816000000000059,4.250559284116331e-06,0.0002666666666666,1.0,0.0074090395480225,0,0.0
565,116,108.7781,123.7,14.921900000000008,0.0160085011185682,0.0738666666666666,0.348993288590604,0.0396700564971751,0,0.0
565,116,148.3069,150.0333,1.726399999999984,0.0301225950782997,0.0977,0.0067114093959731,0.0503310734463276,0,0.0
565,118,46.1093,54.5667,8.4574,0.0132758389261744,0.0502666666666666,0.0805369127516778,0.0189141242937853,1,0.4
565,118,89.5731,95.3,5.7269000000000005,0.0206807606263982,0.0703,0.0671140939597315,0.0328615819209039,7,2.8
565,118,172.7703,210.4333,37.66300000000001,0.0414051454138702,0.1489333333333333,0.0,0.030357627118644,7,2.8
565,119,261.3486,263.8333,2.484700000000032,0.013179418344519,0.0577333333333333,0.3288590604026846,0.0124248587570621,2,0.8
565,121,173.5937,177.1667,3.572999999999979,0.0123856823266219,0.0335666666666666,0.2483221476510067,0.0250870056497175,2,0.8
565,121,200.1094,203.6667,3.557299999999998,0.0339185682326621,0.1141,0.2080536912751678,0.0428418079096045,0,0.0
565,122,11.859,18.9333,7.074299999999999,0.0313863534675615,0.0726666666666666,0.0,0.0581107344632768,4,1.6
565,122,124.8394,125.8333,0.9938999999999965,0.0290800894854586,0.1831666666666666,0.4697986577181208,0.0335762711864406,2,0.8
565,122,169.6094,177.1,7.490600000000001,0.0060181208053691,0.0416,0.436241610738255,0.0156661016949152,8,3.2
565,122,226.3559,230.1333,3.7774,0.001496644295302,0.0152,0.8926174496644296,0.0020016949152542,1,0.4
565,122,355.6067,356.6333,1.0266000000000304,0.0045053691275167,0.0153333333333333,0.6644295302013423,0.020554802259887,0,0.0
565,123,88.9701,106.1667,17.196600000000004,0.0158357941834451,0.098,0.2550335570469799,0.029476836158192,8,3.2
565,123,245.5049,266.8333,21.328400000000016,0.0193067114093959,0.0659666666666666,0.0738255033557047,0.0247141242937853,12,4.8
565,123,320.6358,327.6333,6.997500000000002,0.0596856823266219,0.1321,0.0,0.0348920903954802,0,0.0
565,124,2.9124,30.9667,28.0543,0.0321384787472035,0.1043,0.0268456375838926,0.0404429378531073,3,1.2
565,124,158.8484,164.4,5.551600000000008,0.0462807606263982,0.1259,0.0335570469798657,0.0452723163841807,2,0.8
565,124,253.2234,262.1333,8.909900000000022,0.0361619686800894,0.1153666666666666,0.0268456375838926,0.0437463276836158,9,3.6
565,125,59.7085,61.9667,2.258200000000002,0.0146342281879194,0.0436333333333333,0.1275167785234899,0.0618282485875706,3,1.2
565,125,238.7372,242.2333,3.4961000000000126,0.0016489932885906,0.0082666666666666,0.9463087248322148,0.018693220338983,0,0.0
565,125,253.7196,265.1667,11.447099999999978,0.0079089485458612,0.0481666666666666,0.6375838926174496,0.0145435028248587,0,0.0
565,126,16.4724,17.9667,1.494299999999999,0.0018738255033557,0.0097333333333333,0.9261744966442952,0.0202378531073446,0,0.0
565,126,146.131,146.9,0.7690000000000055,0.0002331096196868,0.0041,1.0,0.0112502824858757,0,0.0
565,126,237.7502,239.3,1.5498000000000047,9.149888143176736e-05,0.0026,1.0,0.0136655367231638,0,0.0
565,127,76.0325,87.3333,11.300799999999995,0.0300771812080536,0.0914333333333333,0.0738255033557047,0.0484169491525423,3,1.2
565,127,128.1485,129.3333,1.1847999999999956,0.005289932885906,0.0155666666666666,0.4966442953020134,0.0168627118644067,0,0.0
565,127,300.1867,308.9667,8.78000000000003,0.0179002237136465,0.0698666666666666,0.1677852348993288,0.0191158192090395,5,2.0
565,128,16.4841,60.4333,43.949200000000005,0.0160447427293064,0.0829333333333333,0.1342281879194631,0.0144378531073446,5,2.0
565,128,243.0366,245.7333,2.696700000000021,0.0106720357941834,0.0366666666666666,0.2550335570469799,0.0247757062146892,9,3.6
565,128,273.6835,277.7667,4.0832000000000335,7.606263982102909e-06,0.0003333333333333,1.0,0.0113909604519774,0,0.0
565,134,138.5967,146.8667,8.27000000000001,0.0038129753914988,0.0425666666666666,0.825503355704698,0.0063536723163841,8,3.2
565,156,1.0946,2.9667,1.8721,0.0103572706935123,0.0448666666666666,0.4161073825503356,0.0164097701149425,9,3.6
565,158,254.6855,255.3333,0.6478000000000179,0.001021029082774,0.0180333333333333,0.9328859060402684,0.0121553672316384,7,2.8
566,0,117.8716,126.8667,8.995099999999994,0.0001447427293064,0.0009666666666666,1.0,0.0003264367816091,0,0.0
566,2,252.8859,253.7333,0.8474000000000217,0.0,0.0,1.0,0.0,0,0.0
566,3,20.9761,31.4,10.4239,0.0,0.0,1.0,1.6949152542372882e-06,0,0.0
566,3,241.285,245.2667,3.981699999999989,0.0,0.0,1.0,0.0,0,0.0
567,2,154.9184,160.0,5.081600000000009,0.0027362416107382,0.0162,0.8187919463087249,0.0132898305084745,9,3.6
567,24,85.0753,92.8667,7.791399999999996,0.0004684563758389,0.0170666666666666,0.9865771812080536,0.0278451977401129,0,0.0
567,25,163.4974,169.2333,5.735900000000015,0.0081881431767337,0.0459333333333333,0.4697986577181208,0.0169621468926553,0,0.0
567,25,352.4974,358.2333,5.735899999999958,0.0087890380313199,0.0459333333333333,0.3758389261744966,0.0285011299435028,0,0.0
