exp,file_num,t_entry,motion_pre,arrival_calls,mean,std,p05,p25,dark_abs,skew
492,2,169.0795,0.0,0,138.9947509765625,71.36556243896484,16.0,82.0,0.1671510416666666,-0.329656183719635
492,7,165.297,0.0,0,136.89697265625,70.23509216308594,15.0,80.0,0.174728125,-0.3206693530082702
492,12,286.9691,1.3422818791946309e-06,1,136.85093688964844,70.39336395263672,15.0,78.0,0.1703005208333333,-0.3161830902099609
493,11,112.5157,0.0026829977628635,1,129.2576141357422,68.54507446289062,15.0,71.0,0.2019369791666666,-0.2171927839517593
493,15,198.0223,0.0016648769574944,0,126.7124252319336,66.9375228881836,14.0,71.0,0.2008401041666666,-0.202670931816101
493,21,21.3919,0.003262639821029,7,123.8669891357422,67.06292724609375,14.0,67.0,0.2187911458333333,-0.1593777388334274
493,32,23.3746,0.0036559284116331,5,124.48762512207033,65.47988891601562,14.0,71.0,0.2006067708333333,-0.1962932497262954
493,40,74.1986,0.0034702460850111,9,115.3818817138672,64.39019012451172,12.0,63.0,0.2387927083333333,0.0106855919584631
493,50,333.2811,0.0013767337807606,10,116.3133316040039,63.19240951538086,12.0,64.0,0.2242869791666666,-0.0186839196830987
493,86,211.0865,0.001300447427293,8,124.27676391601562,65.98847198486328,14.0,68.0,0.2106713541666666,-0.2115836292505264
493,108,6.2267,8.859060402684565e-05,10,111.72675323486328,59.78791427612305,12.0,63.0,0.22990625,-0.0383152700960636
493,115,181.6194,0.0025208053691275,4,120.9303970336914,61.98137664794922,13.0,73.0,0.1911947916666666,-0.2244340777397155
493,119,163.8331,0.0011118568232662,11,117.49347686767578,60.85651779174805,12.0,71.0,0.1981296875,-0.1553816348314285
494,1,147.1843,0.0006156599552572,0,117.73833465576172,62.39422225952149,12.0,72.0,0.1947390625,-0.078070268034935
494,21,6.6162,1.3422818791946309e-06,0,117.65592956542967,64.27909088134766,12.0,64.0,0.226178125,-0.0570273175835609
494,33,14.6403,4.47427293064877e-07,0,119.84407043457033,64.30265808105469,12.0,70.0,0.2091583333333333,-0.1132656037807464
494,45,38.685,3.3557046979865773e-06,0,111.43340301513672,60.70211410522461,11.0,65.0,0.229121875,0.0006752366316504
496,5,160.7443,4.47427293064877e-07,4,116.7142105102539,64.16658782958984,14.0,63.0,0.2345364583333333,-0.1083998903632164
496,10,46.5371,3.131991051454139e-06,1,114.7666473388672,60.092472076416016,12.0,65.0,0.2304645833333333,-0.2031801342964172
497,6,181.8306,0.0022503355704697,6,115.29850006103516,61.02872467041016,12.0,66.0,0.2171640625,-0.0995623916387558
497,25,294.9167,0.0018295302013422,0,112.57369995117188,61.68473434448242,12.0,61.0,0.2451677083333333,-0.0498666279017925
497,63,187.2217,0.0027015659955257,0,108.1773910522461,58.14741134643555,12.0,60.0,0.2462744791666666,-0.0550564490258693
497,93,210.4097,0.0021617449664429,13,110.14715576171876,58.78767395019531,12.0,63.0,0.2362286458333333,-0.0949515849351883
497,108,214.7004,0.0019089485458612,4,118.6641845703125,61.08677673339844,14.0,68.0,0.2094890625,-0.2319767028093338
497,114,143.4649,4.47427293064877e-07,0,115.85768127441406,59.80867385864258,12.0,72.0,0.1988328125,-0.1507874280214309
497,122,120.8331,6.711409395973154e-07,5,116.12696838378906,63.81813049316406,12.0,63.0,0.2355536458333333,-0.0759591609239578
497,134,193.3365,0.0,0,118.80059814453124,59.86705780029297,13.0,73.0,0.1941552083333333,-0.2722116708755493
497,141,109.3422,0.0001608501118568,0,115.7574462890625,58.813385009765625,12.0,71.0,0.1961796875,-0.2257198244333267
497,156,185.0002,8.053691275167787e-06,0,112.09138488769533,59.56757354736328,12.0,65.0,0.2219989583333333,-0.1000229567289352
497,166,171.5497,0.0026894854586129,2,120.8779067993164,63.23022079467773,14.0,70.0,0.208871875,-0.2250445187091827
497,172,195.0527,0.0037042505592841,5,108.90266418457033,58.39354705810547,12.0,64.0,0.2348307291666666,-0.0684867203235626
497,176,164.7465,2.237136465324385e-07,6,110.8348388671875,59.85797119140625,12.0,64.0,0.2306536458333333,-0.039181500673294
497,195,8.8744,0.0,2,111.97997283935548,57.05614471435547,12.0,71.0,0.2011203125,-0.1552033275365829
497,200,250.3884,0.001793288590604,3,115.83731842041016,60.956329345703125,12.0,71.0,0.206584375,-0.0855202972888946
497,209,136.2964,2.863534675615212e-05,1,116.5352554321289,60.92479705810547,13.0,68.0,0.2113640625,-0.1532068401575088
498,1,104.2017,0.0,0,120.97598266601562,61.65716552734375,14.0,72.0,0.2027973958333333,-0.2767242789268493
499,0,334.4812,2.5727069351230423e-05,7,113.23497009277344,57.09072494506836,12.0,71.0,0.2021739583333333,-0.2086931765079498
499,16,79.9869,0.0017630872483221,4,107.58019256591795,59.09902572631836,12.0,60.0,0.2477354166666666,0.0216116178780794
501,22,242.7207,0.0004060402684563,5,111.42566680908205,57.1367416381836,12.0,70.0,0.2096088541666666,-0.1156634539365768
501,62,153.7741,0.0019480984340044,11,107.7124481201172,56.5970344543457,11.0,66.0,0.2196697916666666,-0.0062505020759999
501,89,216.3293,0.0025762863534675,6,115.77449035644533,58.99848556518555,12.0,72.0,0.2056880208333333,-0.1657707244157791
501,111,63.097,0.0,0,120.26457977294922,57.92567825317383,12.0,80.0,0.1729510416666666,-0.3353635668754577
501,119,127.4755,1.0290827740492173e-05,5,110.81035614013672,54.6036376953125,12.0,73.0,0.188178125,-0.1624230295419693
501,131,154.5794,2.147651006711409e-05,0,116.6436996459961,59.05096435546875,12.0,73.0,0.1923734375,-0.1623030602931976
501,135,239.8181,0.0018749440715883,1,118.75457000732422,60.872291564941406,12.0,72.0,0.1993291666666666,-0.1808042079210281
501,159,278.551,1.230425055928412e-05,4,113.0267333984375,58.36357116699219,12.0,70.0,0.2100979166666666,-0.1222831308841705
501,166,312.8658,0.0003536912751677,7,113.7195281982422,57.66512298583984,12.0,72.0,0.1866026041666666,-0.0725774466991424
501,173,279.5475,0.0008237136465324,1,111.09770965576172,58.188133239746094,12.0,67.0,0.2215822916666666,-0.0755680948495864
501,186,31.6195,0.001189932885906,9,113.46893310546876,54.992488861083984,12.0,75.0,0.1755973958333333,-0.2330239713191986
501,201,305.1472,0.0011015659955257,11,109.7941665649414,54.26007080078125,11.0,72.0,0.1886802083333333,-0.138922169804573
501,208,298.6412,0.0036203579418344,10,113.90499877929688,57.23076248168945,12.0,72.0,0.18436875,-0.1512378007173538
501,221,196.9475,0.0036024608501118,8,104.92102813720705,53.76615524291992,11.0,67.0,0.2072546875,0.0243482775986194
504,8,157.9101,2.460850111856824e-06,0,106.31901550292967,56.945011138916016,12.0,61.0,0.2416541666666666,0.0154559537768363
504,9,61.3247,1.2304250559284115e-05,0,105.24864959716795,56.551570892333984,11.0,61.0,0.2432036458333333,0.0457968935370445
504,11,18.3389,0.001834899328859,2,97.04309844970705,56.84976577758789,9.0,50.0,0.2958375,0.2136692851781845
504,37,332.7648,0.0021093959731543,0,94.13923645019533,56.547794342041016,8.0,51.0,0.3121208333333333,0.3581721484661102
504,52,299.1582,0.0021369127516778,0,97.9128189086914,57.20552062988281,9.0,53.0,0.2915385416666666,0.2780245840549469
504,65,331.5284,0.0012409395973154,0,101.00656127929688,55.808204650878906,10.0,58.0,0.2619671875,0.1504191607236862
504,68,30.9927,1.7897091722595078e-06,0,97.97748565673828,55.429141998291016,9.0,54.0,0.2793395833333333,0.2338559478521347
504,71,313.0245,0.0006290827740492,0,95.64915466308594,55.4217529296875,9.0,52.0,0.2928510416666666,0.30009326338768
504,87,147.121,2.1923937360178965e-05,0,94.52706146240234,55.87530517578125,8.0,51.0,0.3067119791666666,0.3392651379108429
504,99,7.1985,0.0009199105145413,4,98.2673568725586,55.37332534790039,9.0,56.0,0.2746182291666666,0.2279560267925262
504,113,157.0011,1.2304250559284115e-05,12,98.40126037597656,56.23250198364258,9.0,54.0,0.2886890625,0.2289314717054367
504,123,262.2967,0.0,4,107.39622497558594,55.96290588378906,12.0,64.0,0.2345401041666666,-0.051118217408657
504,130,183.3172,0.0,7,113.2610855102539,58.15304565429688,12.0,67.0,0.2085171875,-0.1479211449623108
504,137,232.7781,0.0035331096196868,0,113.36024475097656,58.32648849487305,14.0,64.0,0.2323994791666666,-0.1737354695796966
504,151,115.965,2.2818791946308727e-05,0,110.4245834350586,60.450904846191406,12.0,58.0,0.2566359375,-0.0627603828907013
504,169,168.672,0.0028859060402684,1,109.79688262939452,59.339962005615234,12.0,59.0,0.2511973958333333,-0.0636759623885154
504,183,295.1042,7.539149888143177e-05,1,111.3148193359375,56.35580825805664,12.0,70.0,0.2023619791666666,-0.1260076612234115
504,193,69.6809,6.263982102908277e-06,3,108.18030548095705,57.23207092285156,12.0,65.0,0.2194541666666666,0.0412159077823162
505,4,94.4925,0.0005767337807606,4,105.83390045166016,54.4765510559082,11.0,65.0,0.2231869791666666,-0.007118260487914
505,7,265.4016,0.0,0,111.1438980102539,56.9318733215332,12.0,70.0,0.2049526041666666,-0.0871840715408325
505,13,22.0077,0.0008814317673378,0,106.10401153564452,56.14780807495117,12.0,63.0,0.2317885416666666,0.0301868226379156
505,23,131.7753,1.2527964205816554e-05,4,104.11875915527344,56.20159530639648,11.0,63.0,0.231703125,0.1296750605106353
505,63,286.1062,8.94854586129754e-06,10,104.23668670654295,55.53260040283203,11.0,63.0,0.2349755208333333,0.0537590011954307
505,83,354.0131,0.0037530201342281,0,100.7453155517578,54.55989837646485,10.0,60.0,0.2483140625,0.1500742584466934
505,88,195.9421,5.592841163310963e-06,0,101.41425323486328,55.52560424804688,10.0,59.0,0.2550619791666667,0.1652873158454895
505,124,322.7503,0.0026434004474272,11,103.4328155517578,54.56964874267578,11.0,63.0,0.23858125,0.0380707718431949
505,132,93.0753,0.0034612975391498,5,100.37135314941406,54.85100555419922,10.0,60.0,0.247575,0.1668811738491058
505,156,171.8673,0.0,0,112.30684661865234,57.6024169921875,12.0,67.0,0.214665625,-0.1256511211395263
505,168,212.3216,0.0,0,113.71739959716795,57.99484634399414,12.0,68.0,0.2187604166666666,-0.1992450058460235
505,185,40.3739,0.0014501118568232,0,111.56500244140624,58.69799423217773,12.0,68.0,0.2076046875,0.0143942339345812
506,14,289.2489,5.816554809843401e-06,4,107.52944946289062,56.96226119995117,12.0,64.0,0.2275635416666666,0.0046172179281711
506,20,264.1148,0.0005409395973154,0,105.27476501464844,55.29777526855469,11.0,65.0,0.2216036458333333,0.0275425799190998
506,33,245.4254,7.158836689038031e-06,5,109.70071411132812,56.26348114013672,12.0,70.0,0.1978447916666666,-0.0499062798917293
506,45,253.3337,0.000186577181208,4,103.84300231933594,55.880645751953125,11.0,61.0,0.2431630208333333,0.0927029475569725
506,58,264.4298,0.0,5,110.26284790039062,56.37262344360352,12.0,68.0,0.2089770833333333,-0.0971079096198082
508,17,39.0112,0.0024863534675615,13,102.11116027832033,55.390018463134766,10.0,61.0,0.24103125,0.1171724945306778
508,40,231.349,0.0033776286353467,0,105.4772720336914,59.127349853515625,11.0,59.0,0.252196875,0.1817020624876022
508,56,97.9701,0.000128187919463,0,104.3116683959961,57.10292434692383,11.0,59.0,0.2507385416666666,0.0456020198762416
508,60,162.1456,0.0003519015659955,11,102.4988250732422,55.255855560302734,10.0,60.0,0.2456161458333333,0.0886192843317985
508,84,127.4803,1.5659955257270695e-05,3,106.51333618164062,55.98982620239258,11.0,64.0,0.2297770833333333,0.0051705534569919
509,18,260.9219,0.0020185682326621,7,102.47942352294922,54.7376823425293,10.0,61.0,0.2427020833333333,0.0882106274366378
510,13,331.9813,0.0023628635346756,7,103.1348648071289,55.4061279296875,10.0,60.0,0.2460161458333333,0.0485559962689876
511,7,138.9898,0.0007489932885906,4,109.84463500976562,54.99257278442383,12.0,68.0,0.2122911458333333,-0.1659242063760757
512,1,86.0674,0.0014096196868008,1,106.47682189941406,54.7532958984375,11.0,67.0,0.2133203125,-0.0384747758507728
512,25,239.9937,6.97986577181208e-05,0,104.41818237304688,55.82168197631836,11.0,60.0,0.2464765625,0.0354736112058162
512,46,20.7719,0.0028107382550335,5,102.38737487792967,52.34818649291992,10.0,67.0,0.2163375,0.0414857268333435
512,66,215.4207,0.0005156599552572,3,102.47200775146484,53.57311630249024,10.0,64.0,0.2275078125,0.0495763085782527
512,91,352.631,5.369127516778524e-06,0,109.31497955322266,56.78731918334961,12.0,66.0,0.2144296875,-0.0098772132769227
512,97,271.1748,0.0029785234899328,8,105.68831634521484,55.38730239868164,11.0,65.0,0.226828125,0.0379380509257316
512,109,344.5492,4.026845637583893e-06,0,107.46551513671876,55.81066131591797,12.0,66.0,0.22355,-0.0038266079500317
512,114,309.8775,5.1454138702460855e-06,0,110.71125030517578,55.63745880126953,12.0,70.0,0.2028953125,-0.1239413321018219
513,27,156.4573,0.0001572706935123,5,106.84625244140624,53.15452575683594,11.0,68.0,0.2053651041666666,-0.1038596630096435
513,43,85.9799,0.0028771812080536,12,106.7158432006836,54.15977096557617,11.0,67.0,0.2198723958333333,-0.0650094971060752
513,50,76.9913,4.697986577181208e-06,6,106.55677795410156,55.85586166381836,11.0,65.0,0.2221322916666666,0.0206245295703411
513,54,124.1081,0.0,0,113.4040985107422,54.83872985839844,12.0,74.0,0.1868119791666666,-0.240580752491951
513,62,247.1966,2.237136465324385e-07,0,115.51290893554688,57.41324234008789,14.0,71.0,0.198703125,-0.2221538573503494
513,73,55.3743,0.0009597315436241,0,108.25061798095705,56.57365036010742,12.0,66.0,0.2285927083333333,-0.0373778752982616
513,95,35.8385,0.0,0,115.4462890625,56.80707931518555,12.0,74.0,0.1922744791666666,-0.2285400927066803
513,104,88.5285,6.711409395973154e-05,0,112.48377990722656,59.63143157958984,12.0,67.0,0.2190588541666666,-0.022039683535695
513,126,86.5466,0.0033131991051454,13,101.87075805664062,55.23611831665039,10.0,60.0,0.2477395833333333,0.1201526299118995
513,138,111.7755,6.711409395973154e-07,0,113.15140533447266,56.2274169921875,12.0,73.0,0.1881916666666666,-0.1354239135980606
513,147,327.1819,0.002065548098434,0,109.8154525756836,57.8904914855957,12.0,65.0,0.2229057291666666,0.039692897349596
513,172,201.2628,0.0,9,121.81063079833984,59.32672119140625,14.0,78.0,0.1858895833333333,-0.3251765668392181
513,175,254.8973,0.0,6,118.30865478515624,59.28240203857422,14.0,71.0,0.1957171875,-0.2306237965822219
513,181,97.2715,0.0,0,121.8592529296875,58.33136367797852,14.0,78.0,0.1821520833333333,-0.3891960084438324
513,187,336.1164,0.0,3,109.95128631591795,55.88789367675781,12.0,67.0,0.2185328125,-0.1372663974761963
514,12,79.363,0.0011011185682326,6,106.30011749267578,53.18891906738281,11.0,67.0,0.2004744791666666,-0.0390607975423336
514,17,139.7509,6.935123042505593e-06,2,113.96826934814452,55.36366271972656,12.0,73.0,0.1852203125,-0.2470360994338989
515,2,333.134,1.364653243847875e-05,9,107.66388702392578,55.04998779296875,12.0,67.0,0.2190442708333333,-0.0292288679629564
515,12,302.1136,0.0025447427293064,0,112.41780853271484,55.71469497680664,12.0,72.0,0.2002692708333333,-0.181505411863327
515,18,130.2336,0.0016127516778523,7,106.61471557617188,56.07096099853516,12.0,65.0,0.2143177083333333,0.0814867541193962
516,2,152.4958,0.0022718120805369,2,108.10718536376952,53.8173942565918,12.0,68.0,0.1996583333333333,-0.0780880153179168
516,5,204.2364,8.948545861297539e-07,15,111.5003433227539,55.42437362670898,12.0,71.0,0.1944125,-0.1356661170721054
516,9,125.8389,0.0018429530201342,11,107.0638427734375,53.52287292480469,11.0,68.0,0.1973963541666666,-0.0459775924682617
517,4,259.5403,2.9977628635346755e-05,1,100.84733581542967,52.35132598876953,10.0,64.0,0.216959375,0.1083505526185035
517,19,202.0318,2.1700223713646528e-05,3,107.2572784423828,54.89445114135742,11.0,67.0,0.2146708333333333,-0.0453821420669555
517,32,357.9486,0.0001279642058165,0,101.43395233154295,52.13565826416016,10.0,65.0,0.213903125,0.0789340808987617
517,62,251.8046,0.0032756152125279,9,99.80780792236328,53.10699462890625,9.0,64.0,0.2203932291666666,0.1907283067703247
517,84,91.6585,2.460850111856824e-06,10,103.28099060058594,53.12300109863281,10.0,66.0,0.2054223958333333,0.0662893950939178
517,90,242.0795,0.0007888143176733,0,108.2716827392578,55.3429069519043,11.0,67.0,0.2058411458333333,-0.0676558092236518
517,94,319.8328,0.0015610738255033,8,110.5478973388672,55.49483871459961,11.0,70.0,0.1996848958333333,-0.1356409639120102
517,112,171.7833,1.0961968680089486e-05,4,105.1182632446289,55.601810455322266,11.0,63.0,0.2362109375,0.010509462095797
517,119,201.6208,0.0,3,116.11644744873048,57.64497375488281,12.0,72.0,0.1959458333333333,-0.2659244239330292
517,122,355.2362,0.0,0,113.72010040283205,55.888702392578125,12.0,74.0,0.186715625,-0.2008353024721145
517,126,334.8757,0.0008995525727069,1,106.84719848632812,56.91056823730469,11.0,64.0,0.2222088541666666,0.0772939473390579
517,136,176.6026,0.0020780760626398,12,103.48148345947266,55.0312385559082,10.0,63.0,0.2315973958333333,0.0857283324003219
517,141,81.7122,0.0017776286353467,18,105.47318267822266,54.751983642578125,11.0,66.0,0.2147692708333333,0.0561151504516601
517,162,97.5389,1.3646532438478746e-05,4,108.42400360107422,54.75783157348633,11.0,68.0,0.1977505208333333,-0.0613422356545925
517,170,161.9672,0.0009040268456375,13,105.277587890625,55.39446258544922,11.0,64.0,0.232771875,-0.002376849995926
517,177,310.0108,0.0027134228187919,2,103.1427001953125,53.100074768066406,10.0,66.0,0.216240625,0.0194953121244907
517,181,125.1269,2.393736017897092e-05,8,101.31546783447266,53.677860260009766,10.0,63.0,0.2367369791666666,0.0771599188446998
517,192,129.1234,0.0,2,113.65961456298828,55.68437194824219,12.0,73.0,0.18783125,-0.2409348040819168
517,194,170.7246,0.0017436241610738,4,103.5512237548828,54.935428619384766,10.0,64.0,0.2305442708333333,0.0593433752655983
518,1,276.8047,0.0,0,113.64613342285156,55.77068710327149,11.0,73.0,0.1846609375,-0.2482504993677139
518,5,82.1768,0.0,0,107.0224838256836,54.0235481262207,11.0,67.0,0.2089994791666666,-0.0934249386191368
518,7,276.0346,0.0,2,110.76725006103516,55.16701126098633,11.0,70.0,0.1975604166666666,-0.1805209219455719
518,11,228.9637,0.0009035794183445,9,107.69451904296876,54.79834365844727,11.0,67.0,0.2116776041666666,-0.0772212147712707
518,20,67.8036,6.711409395973154e-07,0,111.0595703125,55.0284538269043,11.0,72.0,0.1896036458333333,-0.1816535145044326
519,3,253.4726,0.0023608501118568,8,100.81027221679688,54.512203216552734,9.0,63.0,0.2374854166666666,0.1229997724294662
519,14,268.4973,6.912751677852349e-05,6,101.1499481201172,55.064788818359375,10.0,63.0,0.231565625,0.1751012951135635
519,28,30.8502,7.67337807606264e-05,6,98.4207000732422,52.52870559692383,9.0,61.0,0.2340375,0.1711141318082809
519,42,168.8595,1.3422818791946307e-05,0,105.77033233642578,56.37692260742188,11.0,64.0,0.2299286458333333,0.0295062903314828
519,57,75.814,3.131991051454139e-06,5,105.28297424316406,55.75185012817383,11.0,64.0,0.230990625,-0.0067134019918739
519,82,111.7337,0.0001568232662192,4,109.9216079711914,54.465633392333984,11.0,71.0,0.1887135416666666,-0.1459211260080337
519,87,179.4866,0.0029154362416107,8,100.744384765625,53.845821380615234,10.0,61.0,0.2436755208333333,0.0866270363330841
519,96,150.815,2.6398210290827744e-05,6,101.25891876220705,52.61159896850586,9.0,65.0,0.2185052083333333,0.1018824726343154
519,111,234.3085,0.0,4,113.16744995117188,56.25968551635742,12.0,74.0,0.1815515625,-0.1461885720491409
519,115,208.7132,1.1185682326621925e-06,0,109.90899658203124,55.66196823120117,11.0,70.0,0.1974182291666666,-0.0685046017169952
519,121,337.7534,0.0,0,111.68759155273438,54.97066879272461,11.0,73.0,0.1835140625,-0.1852973401546478
519,130,178.9066,0.0,0,113.630126953125,56.43163299560547,12.0,72.0,0.1853802083333333,-0.1953343600034713
519,143,101.8786,1.2080536912751678e-05,0,107.74847412109376,54.143798828125,11.0,70.0,0.1936791666666666,-0.0643354803323745
519,155,174.6428,0.0005055928411633,0,101.31529998779295,53.57006454467773,10.0,64.0,0.2284578125,0.1116695925593376
519,190,165.881,0.0023127516778523,23,103.07760620117188,54.64458084106445,10.0,65.0,0.2158609375,0.1106935292482376
519,197,34.3236,0.0014959731543624,0,104.48358917236328,55.588470458984375,11.0,64.0,0.2293760416666666,0.0568721778690815
520,0,202.9889,0.0,6,116.4988021850586,57.66473007202149,12.0,72.0,0.1860041666666666,-0.2815226018428802
520,4,182.8691,4.47427293064877e-07,2,111.98438262939452,57.18268585205078,11.0,70.0,0.19335625,-0.1482374370098114
521,1,353.1144,0.0026221476510067,7,102.66783142089844,56.53292465209961,10.0,60.0,0.2444619791666666,0.0886422544717788
521,29,356.4229,0.000372706935123,0,97.74755859375,53.438232421875,8.0,58.0,0.2593505208333333,0.1392795741558075
521,53,33.373,0.0031391498881431,1,105.32711791992188,55.59781265258789,11.0,66.0,0.2188770833333333,0.0153303798288106
525,1,224.9073,2.371364653243848e-05,13,109.36508178710938,58.044227600097656,11.0,61.0,0.2394921875,-0.1100189834833145
525,12,42.5038,0.0027407158836689,0,105.68587493896484,56.80439758300781,10.0,60.0,0.2440619791666666,-0.0176897086203098
526,5,197.701,1.7225950782997762e-05,3,114.17506408691406,59.08900833129883,11.0,67.0,0.2155067708333333,-0.2296826839447021
526,9,253.4045,0.0022548098434004,2,113.92308807373048,56.88351058959961,11.0,73.0,0.1854104166666666,-0.2556652426719665
526,14,237.4605,4.47427293064877e-07,0,115.6723403930664,58.72416687011719,11.0,73.0,0.1920197916666666,-0.2301601320505142
526,19,304.4049,0.0,0,119.5939483642578,59.55681228637695,11.0,75.0,0.1822026041666666,-0.3469382524490356
526,29,191.9102,0.0,0,120.7649383544922,59.598731994628906,12.0,78.0,0.1853666666666666,-0.3567086458206177
526,34,143.9873,8.232662192393737e-05,9,114.7266845703125,57.96922302246094,11.0,72.0,0.1939572916666666,-0.2388324290513992
526,42,49.7527,2.237136465324385e-07,0,114.76821899414062,58.46015548706055,11.0,77.0,0.1988161458333333,-0.2127928286790847
526,80,118.7756,0.0004302013422818,3,106.38401794433594,57.98411178588867,10.0,66.0,0.2167770833333333,0.1207101345062255
526,94,84.8499,0.0001988814317673,7,110.8781280517578,57.69797134399414,10.0,73.0,0.1929057291666666,-0.0311389751732349
527,2,243.0529,0.0026583892617449,2,109.80054473876952,59.87958526611328,11.0,64.0,0.2338489583333333,-0.0402454063296318
529,13,71.4544,0.0001270693512304,0,110.72824096679688,57.3042221069336,10.0,71.0,0.19993125,-0.1220110282301902
530,9,150.3325,0.003762192393736,4,105.2798080444336,55.20891952514648,10.0,68.0,0.2131744791666666,0.0125690810382366
534,3,169.9414,0.0006590604026845,7,103.4167022705078,54.739994049072266,10.0,64.0,0.2360583333333333,0.0580696910619735
534,6,234.0823,0.000789932885906,0,111.72325134277344,56.95121765136719,11.0,68.0,0.211653125,-0.1482068300247192
535,1,280.3122,1.1185682326621926e-05,4,102.22545623779295,56.59648132324219,10.0,61.0,0.2372015625,0.196104422211647
535,27,136.1816,0.0003883668903803,3,97.78548431396484,53.26608276367188,8.0,64.0,0.2310822916666666,0.2474765926599502
541,5,107.4051,0.0017398210290827,1,101.91172790527344,54.419578552246094,10.0,65.0,0.2228114583333333,0.1093521863222122
541,9,94.0156,0.0003532438478747,0,106.1452178955078,54.50281524658203,11.0,71.0,0.205878125,-0.008683112449944
544,7,269.5796,4.026845637583892e-05,0,107.1545639038086,55.33302307128906,11.0,65.0,0.2245927083333333,-0.0608042106032371
544,13,116.9668,0.0,0,106.39505767822266,55.1504135131836,11.0,66.0,0.2256505208333333,-0.0310610644519329
545,13,3.3322,0.0008953020134228,3,103.02251434326172,54.170108795166016,9.0,65.0,0.2261588541666666,0.0513989329338073
545,73,29.9633,0.0011709172259507,16,97.63770294189452,54.18732452392578,8.0,60.0,0.2460947916666666,0.2593432664871216
545,81,353.425,7.404921700223714e-05,0,102.27403259277344,55.444480895996094,9.0,64.0,0.2313739583333333,0.1277332007884979
545,94,215.2855,0.0003134228187919,0,106.3915023803711,57.59249496459961,10.0,66.0,0.2214421875,0.1102271452546119
545,113,122.7325,1.5659955257270697e-06,0,112.30696105957033,58.26699447631836,11.0,74.0,0.203584375,-0.0534843951463699
545,132,93.27,0.0003525727069351,2,101.10826110839844,54.38864135742188,9.0,64.0,0.2257666666666666,0.1438488066196441
545,168,326.7121,0.0005577181208053,14,100.846923828125,55.30550384521485,9.0,60.0,0.2434911458333333,0.1556759923696518
545,170,46.3878,6.80089485458613e-05,4,96.74382019042967,54.462059020996094,8.0,59.0,0.2555255208333333,0.2795551717281341
545,172,48.073,0.0001266219239373,3,99.64134216308594,55.16122055053711,8.0,60.0,0.2443723958333333,0.2022142559289932
545,176,301.3479,0.0026704697986577,6,102.03469848632812,54.82170867919922,9.0,63.0,0.2308276041666666,0.1124245077371597
545,179,34.5881,0.0027957494407158,4,101.5078353881836,54.97072219848633,9.0,64.0,0.2310390625,0.159281238913536
548,2,45.7156,3.579418344519016e-06,0,108.9286880493164,57.91943359375,11.0,66.0,0.2241604166666666,-0.0163499601185321
548,14,285.3784,1.0290827740492173e-05,0,107.80829620361328,57.34871292114258,11.0,68.0,0.2202265625,0.0641086921095848
548,113,342.7157,0.0003373601789709,5,103.90746307373048,54.597259521484375,10.0,66.0,0.2142098958333333,0.0885134413838386
548,115,271.3011,0.0002263982102908,0,108.933349609375,55.278587341308594,12.0,68.0,0.2063911458333333,-0.0792808234691619
548,116,340.4578,7.673378076062641e-05,0,107.00604248046876,56.34322738647461,11.0,65.0,0.2214041666666666,0.0249183196574449
548,148,256.9517,0.0030322147651006,7,96.74811553955078,55.06386184692383,9.0,58.0,0.2589463541666666,0.3348130285739898
548,155,212.3911,1.7897091722595078e-06,7,106.058349609375,56.92863082885742,11.0,63.0,0.230721875,0.0485786385834217
548,158,196.2195,0.0035091722595078,2,105.63954162597656,54.70745468139648,11.0,67.0,0.2119890625,0.0635427683591842
549,5,194.9953,0.0008776286353467,8,97.23504638671876,56.214603424072266,8.0,56.0,0.2752895833333333,0.2899678945541382
549,17,273.672,0.0005064876957494,8,107.15599822998048,56.71685028076172,11.0,64.0,0.2280807291666666,0.0197793040424585
550,16,227.1484,0.0009644295302013,10,106.45336151123048,57.21939849853516,11.0,61.0,0.2404963541666666,0.0378202944993972
550,48,322.3528,2.237136465324385e-07,0,115.80001831054688,59.26214218139648,12.0,67.0,0.2165427083333333,-0.2355586141347885
552,72,337.6157,0.0024935123042505,8,104.74081420898438,55.40333557128906,10.0,63.0,0.2360354166666666,0.0324056930840015
552,91,255.8029,0.0006706935123042,9,96.51476287841795,55.60541915893555,8.0,56.0,0.2759697916666667,0.3331911563873291
555,12,318.054,0.0005002237136465,14,97.18180084228516,53.20732498168945,8.0,58.0,0.2589223958333333,0.2257737517356872
555,40,159.268,0.000869351230425,7,99.62586975097656,55.24489974975586,9.0,60.0,0.2464005208333333,0.2471259087324142
555,61,56.1591,0.0022552572706935,4,95.9473114013672,54.48985290527344,8.0,56.0,0.2711036458333333,0.304112046957016
555,92,254.2743,3.713646532438479e-05,9,100.07658386230467,55.27487564086914,9.0,60.0,0.24535625,0.2180583626031875
555,94,15.8856,0.0001076062639821,0,97.55836486816406,55.10528564453125,8.0,58.0,0.2628776041666666,0.2831430435180664
555,137,52.1126,0.0007409395973154,2,110.3828582763672,57.4637451171875,11.0,70.0,0.209546875,-0.0147992679849267
556,8,284.823,0.0023986577181208,3,103.36924743652344,57.180294036865234,11.0,61.0,0.2430807291666666,0.2202951908111572
557,66,260.7338,5.5928411633109614e-06,2,101.98021697998048,57.17494583129883,10.0,58.0,0.2604526041666666,0.1206405013799667
559,10,14.4816,3.1543624161073825e-05,0,104.79483795166016,55.39610290527344,10.0,63.0,0.2329161458333333,0.0091553693637251
563,2,124.7024,0.0007988814317673,1,113.0134735107422,58.04936599731445,11.0,65.0,0.2268546875,-0.2461234331130981
565,30,51.4584,2.8411633109619688e-05,0,106.8611831665039,58.06314468383789,10.0,58.0,0.2559911458333333,-0.039812296628952
565,33,121.834,0.0035395973154362,12,103.26426696777344,57.15764617919922,10.0,58.0,0.2560473958333333,0.0474263466894626
565,34,255.1444,0.0002044742729306,6,105.86280059814452,56.40863800048828,10.0,64.0,0.2327661458333333,0.0002551010984461
565,93,151.1336,0.0031134228187919,3,103.44913482666016,57.732269287109375,10.0,57.0,0.2629020833333333,0.1015127226710319
565,94,225.9501,4.921700223713646e-05,2,104.03612518310548,57.64491271972656,10.0,57.0,0.2632395833333333,0.0762421786785125
565,97,48.2108,0.0010691275167785,6,101.71320343017578,58.00652313232422,9.0,56.0,0.2742067708333333,0.1328609138727188
565,101,188.8404,0.0004800894854586,6,107.46358489990234,57.47880172729492,10.0,64.0,0.2279317708333333,-0.0198934469372034
565,122,226.3559,0.001496644295302,1,104.73155975341795,57.75656509399414,10.0,59.0,0.2552776041666666,0.0661170408129692
566,2,252.8859,0.0,0,94.7389678955078,59.28995895385742,6.0,50.0,0.304734375,0.3200868666172027
492,2,203.0412,0.0,0,139.03863525390625,71.42096710205078,16.0,81.0,0.1674536458333333,-0.3291153311729431
492,10,190.38,0.0,4,139.5935516357422,71.5367202758789,16.0,79.0,0.1748197916666666,-0.3503755927085876
492,13,114.6253,0.0,0,137.71499633789062,70.53919982910156,16.0,80.0,0.1724020833333333,-0.3281953632831573
493,12,110.7566,0.0018064876957494,0,123.74140167236328,65.13368225097656,14.0,71.0,0.2000651041666666,-0.1666494309902191
493,15,228.6399,0.001507158836689,6,126.78585815429688,66.53520965576172,14.0,71.0,0.1967682291666666,-0.202845424413681
493,21,114.616,0.0031476510067114,6,118.94956970214844,65.1050033569336,12.0,64.0,0.229175,-0.0793392658233642
493,36,174.5427,0.0034076062639821,1,122.154052734375,65.91753387451172,14.0,67.0,0.2172953125,-0.1447561085224151
493,41,260.3762,0.0027395973154362,2,113.3436279296875,63.9613037109375,12.0,60.0,0.2495442708333333,0.0026499780360609
493,51,89.7956,0.000865548098434,1,117.75625610351562,63.87799835205078,12.0,65.0,0.2140348958333333,-0.0323754698038101
493,90,37.5719,0.0018946308724832,5,120.36434936523438,61.72137069702149,12.0,71.0,0.1992494791666666,-0.2346485555171966
493,109,237.5142,0.0004026845637583,13,117.97086334228516,61.36751556396485,12.0,68.0,0.20189375,-0.1762923300266266
493,116,37.7078,0.0002803131991051,2,119.80946350097656,61.34444808959961,12.0,73.0,0.1898265625,-0.2154848873615265
493,120,276.9265,0.0013371364653243,0,120.2753448486328,60.70550537109375,12.0,74.0,0.1870177083333333,-0.2674502730369568
494,1,165.6762,0.0008355704697986,0,117.7576141357422,62.18893051147461,12.0,72.0,0.1931526041666666,-0.0836195349693298
494,21,29.9901,0.0009912751677852,0,117.585693359375,64.04813385009766,12.0,65.0,0.22411875,-0.0621882863342762
494,33,145.0423,2.237136465324385e-07,0,116.50484466552734,63.40188980102539,11.0,67.0,0.2168692708333333,-0.0334386937320232
494,47,210.7983,3.400447427293065e-05,0,115.3173370361328,63.72420120239258,11.0,64.0,0.2336557291666666,-0.0254037994891405
496,5,242.7773,0.0012738255033557,8,115.24517822265624,64.10498809814453,12.0,59.0,0.2505442708333333,-0.0691620334982872
496,11,125.7502,1.7897091722595078e-06,2,118.79169464111328,62.35317993164063,14.0,68.0,0.2158104166666666,-0.1994999498128891
497,6,307.1621,0.0007252796420581,1,114.61266326904295,60.61569595336914,12.0,66.0,0.21875,-0.0887016355991363
497,27,20.8611,5.369127516778524e-06,0,114.00525665283205,60.728458404541016,12.0,66.0,0.2271239583333333,-0.0792485997080802
497,67,355.0703,2.416107382550336e-05,0,112.46595001220705,56.28181457519531,12.0,72.0,0.195246875,-0.2091615051031112
497,96,281.8009,1.812080536912752e-05,0,113.20057678222656,61.15410232543945,12.0,64.0,0.2336067708333333,-0.0658689215779304
497,108,283.1734,0.0006923937360178,0,120.46110534667967,61.38618087768555,14.0,71.0,0.203753125,-0.2776876091957092
497,115,41.2386,2.32662192393736e-05,0,114.88146209716795,60.14714431762695,12.0,69.0,0.2061390625,-0.1015087887644767
497,122,326.1739,4.362416107382551e-05,6,115.2320785522461,62.731441497802734,12.0,64.0,0.2327802083333333,-0.0920772030949592
497,134,325.7253,0.0032834451901565,2,122.20556640625,63.89234924316406,14.0,71.0,0.2012708333333333,-0.1954372823238372
497,141,281.1205,9.038031319910516e-05,6,112.68470001220705,58.82905960083008,12.0,67.0,0.2145755208333333,-0.1436243504285812
497,156,277.0047,0.0009402684563758,2,110.64794158935548,59.13006591796875,12.0,65.0,0.2247140625,-0.0696169883012771
497,167,12.6764,0.0,0,122.72380065917967,63.55699920654297,14.0,71.0,0.2069098958333333,-0.2742420434951782
497,172,347.3838,0.0028214765100671,0,109.5378189086914,58.30008316040039,12.0,65.0,0.229040625,-0.0876589864492416
497,177,97.2735,0.0020127516778523,0,109.56116485595705,59.5916862487793,12.0,64.0,0.2287901041666666,0.0120272347703576
497,195,114.5026,2.237136465324385e-07,2,111.3970947265625,57.54108428955078,12.0,68.0,0.20725625,-0.0921550467610359
497,202,56.6127,0.0022673378076062,0,116.93109893798828,59.746559143066406,12.0,72.0,0.2043296875,-0.218258336186409
497,210,337.9179,0.0001165548098434,6,115.05695343017578,60.784786224365234,12.0,66.0,0.2168921875,-0.1212062388658523
498,2,35.2916,0.0,0,122.40583038330078,63.36391067504883,14.0,72.0,0.2029447916666666,-0.205929234623909
499,3,128.8711,4.228187919463087e-05,0,109.02238464355467,57.238502502441406,12.0,66.0,0.2249927083333333,-0.0595276318490505
499,16,171.1828,0.0030968680089485,13,111.03325653076172,59.98078536987305,12.0,61.0,0.2405161458333333,-0.0810645520687103
501,23,50.6841,0.0004134228187919,4,110.47470092773438,56.824485778808594,12.0,68.0,0.2115927083333333,-0.0982906073331832
501,67,162.2216,0.0002536912751677,0,108.7153778076172,54.49526977539063,12.0,72.0,0.1841901041666666,-0.0159022212028503
501,102,223.8311,0.0002353467561521,6,113.5094985961914,60.20399856567383,12.0,65.0,0.2237015625,-0.0706737861037254
501,112,221.6105,0.0,5,118.68797302246094,59.75115966796875,12.0,76.0,0.1881833333333333,-0.1772737652063369
501,120,202.3753,0.0008816554809843,0,110.98846435546876,55.99470901489258,12.0,71.0,0.1982302083333333,-0.1050746738910675
501,131,290.7146,0.0009033557046979,0,116.04948425292967,58.63598251342773,12.0,73.0,0.1899333333333333,-0.1654270589351654
501,136,132.801,1.1185682326621925e-06,0,117.04039764404295,60.36283493041992,12.0,70.0,0.2018645833333333,-0.1427844315767288
501,160,126.1824,0.0014033557046979,6,110.9030303955078,57.36225509643555,12.0,67.0,0.21649375,-0.1033968329429626
501,167,8.1152,0.0034930648769574,0,109.62944793701172,57.14430236816406,12.0,70.0,0.2055682291666666,0.0237862635403871
501,174,55.2074,0.0034539149888143,13,108.26322174072266,57.699851989746094,11.0,65.0,0.2266010416666666,-0.0013833731645718
501,186,299.0468,0.0,2,122.04078674316406,59.03383255004883,14.0,80.0,0.1684322916666666,-0.3302620053291321
501,202,84.4042,0.0036624161073825,6,106.4392318725586,53.59777069091797,11.0,68.0,0.2043203125,-0.0532809719443321
501,214,68.562,2.6845637583892617e-06,0,114.52225494384766,54.50279998779297,12.0,78.0,0.1717416666666666,-0.2910974025726318
501,225,301.8866,0.0035536912751677,4,108.68020629882812,55.77008819580078,11.0,68.0,0.2042427083333333,-0.032266940921545
504,8,173.0426,3.579418344519016e-06,0,106.24523162841795,56.77750396728516,12.0,61.0,0.2410994791666666,0.0126634240150451
504,9,72.2224,0.0015856823266219,0,104.59683990478516,56.88124084472656,11.0,60.0,0.2480390625,0.0577876009047031
504,11,78.148,0.0032874720357941,0,99.65135192871094,56.41472625732422,10.0,53.0,0.2742598958333333,0.1358857452869415
504,38,207.2059,0.0034085011185682,3,97.25575256347656,56.59163665771485,9.0,53.0,0.2861786458333333,0.254340797662735
504,53,85.181,0.0005785234899328,1,101.54113006591795,57.09713745117188,10.0,57.0,0.2680682291666666,0.1537687331438064
504,66,165.053,1.0290827740492173e-05,3,100.59739685058594,55.8342399597168,10.0,57.0,0.2646723958333333,0.1550393849611282
504,68,110.9477,0.0002422818791946,0,97.65221405029295,55.55836868286133,9.0,54.0,0.2820692708333333,0.2461308687925338
504,72,93.0749,2.8411633109619688e-05,6,96.14583587646484,55.87321853637695,9.0,52.0,0.2967140625,0.2795150876045227
504,88,246.5929,2.7516778523489936e-05,11,98.42768096923828,55.10414123535156,10.0,57.0,0.2685619791666667,0.2217036336660385
504,100,176.0544,1.0514541387024608e-05,0,98.21221160888672,57.3042221069336,9.0,52.0,0.3040479166666666,0.2413255870342254
504,113,346.1552,0.001221029082774,1,99.49536895751952,56.48955154418945,10.0,54.0,0.2801463541666666,0.2097106426954269
504,124,27.5214,0.0,0,107.57274627685548,56.02293014526367,12.0,64.0,0.2334473958333333,-0.0551539808511734
504,130,310.4055,0.0,1,113.3738021850586,58.20379257202149,12.0,67.0,0.2079625,-0.1477959156036377
504,138,51.5177,0.0,0,113.8161849975586,57.4669303894043,14.0,67.0,0.2184354166666666,-0.1972240656614303
504,152,108.7303,0.0019259507829977,4,110.5335693359375,60.32468032836914,12.0,58.0,0.2569645833333333,-0.0536277368664741
504,170,116.32,3.087248322147651e-05,2,110.3022689819336,58.96718978881836,12.0,60.0,0.2466359375,-0.0666153728961944
504,184,283.4851,0.0,2,112.24656677246094,55.83814239501953,12.0,72.0,0.1884572916666666,-0.1552282124757766
504,195,137.3019,3.668903803131991e-05,0,104.69623565673828,55.5687255859375,11.0,65.0,0.2193130208333333,0.0878119096159935
505,4,118.9921,0.0012478747203579,1,105.83232879638672,54.5408935546875,11.0,65.0,0.2233395833333333,-0.0082856826484203
505,8,294.9019,6.711409395973154e-07,3,106.45404815673828,56.25425338745117,12.0,65.0,0.2218958333333333,0.0519509315490722
505,13,55.558,2.237136465324385e-07,0,106.13483428955078,56.056270599365234,12.0,64.0,0.2280536458333333,0.035137690603733
505,26,70.3862,7.67337807606264e-05,4,101.28365325927734,56.4807243347168,10.0,58.0,0.2608666666666667,0.189134418964386
505,64,79.8436,3.8031319910514553e-06,6,103.07003021240234,54.63175201416016,11.0,63.0,0.2350244791666666,0.0687712356448173
505,85,65.0803,0.0,3,109.13151550292967,55.62361145019531,12.0,67.0,0.214996875,-0.1028486713767051
505,88,312.566,0.0036563758389261,4,101.35994720458984,55.41245651245117,10.0,59.0,0.2552947916666667,0.1557031869888305
505,126,88.3167,0.0016436241610738,13,101.77648162841795,54.15679550170898,10.0,59.0,0.2501401041666666,0.049824085086584
505,133,107.5586,0.0006219239373601,0,110.40586853027344,59.09870147705078,12.0,66.0,0.2227833333333333,0.0301802027970552
505,157,34.8017,0.0,0,112.11479949951172,57.462215423583984,12.0,67.0,0.2145432291666666,-0.123506374657154
505,169,140.3596,1.7897091722595078e-06,5,111.9523696899414,56.6084213256836,12.0,68.0,0.2076682291666666,-0.1514338999986648
505,188,308.6149,0.0008127516778523,0,104.56511688232422,55.50920104980469,11.0,64.0,0.22998125,0.0491552390158176
506,15,196.8276,0.0006599552572706,3,106.58529663085938,56.3432502746582,12.0,64.0,0.2295916666666666,0.005929353646934
506,21,267.6119,4.921700223713648e-06,0,106.98265838623048,55.70793914794922,12.0,67.0,0.215034375,0.0214637406170368
506,35,218.7574,0.0036469798657718,4,104.51866912841795,56.184818267822266,11.0,61.0,0.2395276041666666,0.0564684122800827
506,46,70.2621,0.0003149888143176,1,103.39967346191406,55.69025421142578,11.0,61.0,0.2429791666666666,0.0992547422647476
506,59,191.1965,4.720357941834452e-05,11,107.68355560302734,55.95152282714844,12.0,66.0,0.2141322916666666,-0.0103505998849868
508,17,352.8935,7.382550335570472e-06,2,102.43350982666016,55.90128707885742,10.0,60.0,0.2471109375,0.1044894903898239
508,41,127.9672,0.0003246085011185,1,106.3031997680664,58.58810806274414,12.0,61.0,0.2400375,0.1502349227666854
508,56,205.3782,0.0011225950782997,9,103.61778259277344,56.97942352294922,11.0,59.0,0.2529416666666667,0.0616283752024173
508,60,287.0473,0.000745413870246,10,100.05243682861328,56.19441223144531,10.0,57.0,0.2641901041666666,0.1559464335441589
508,84,356.7786,1.208053691275168e-05,0,105.9039077758789,55.961307525634766,11.0,63.0,0.2333880208333333,0.0254063550382852
510,1,204.7286,0.0011615212527964,7,104.26611328125,54.27656936645508,11.0,65.0,0.2224708333333333,0.0287915971130132
510,14,212.9894,0.0011505592841163,17,102.79364776611328,55.61638641357422,10.0,59.0,0.252596875,0.0483863539993763
511,9,26.2998,2.237136465324385e-07,0,111.41118621826172,55.73303985595703,12.0,70.0,0.2067010416666666,-0.1825060695409774
512,1,251.184,0.0035695749440715,8,107.61544799804688,53.80537414550781,11.0,70.0,0.1971109375,-0.0661385506391525
512,34,19.4261,3.512304250559284e-05,1,103.21454620361328,54.2082633972168,10.0,65.0,0.2277885416666666,0.0394044071435928
512,55,159.4075,0.0021756152125279,12,102.49113464355467,53.39041519165039,10.0,66.0,0.2144171875,0.0859542712569236
512,86,94.7659,0.0032393736017897,9,104.22824096679688,53.9757194519043,11.0,66.0,0.2175817708333333,0.0520614832639694
512,92,110.5039,4.47427293064877e-07,0,107.47938537597656,55.5671272277832,12.0,66.0,0.21675,-0.0236073341220617
512,98,342.0697,0.0009912751677852,11,109.1238784790039,56.56435012817383,12.0,67.0,0.2127796875,-0.0290210805833339
512,110,171.8885,0.0013353467561521,12,106.9637680053711,55.77619934082031,11.0,66.0,0.2196828125,0.0206030756235122
512,114,347.9165,6.711409395973154e-07,0,110.9572982788086,56.19795227050781,12.0,68.0,0.2092197916666666,-0.1267291009426117
513,30,123.8179,0.0002046979865771,4,105.5068817138672,52.89757537841797,11.0,67.0,0.20926875,-0.0695609599351883
513,44,49.6086,8.277404921700225e-06,6,109.95451354980467,56.32799911499024,12.0,67.0,0.2199588541666666,-0.1170281842350959
513,51,28.0634,0.0,2,112.9349136352539,55.62385559082031,12.0,72.0,0.196540625,-0.2137288451194763
513,54,189.0831,2.237136465324385e-07,0,112.68598175048828,55.0178108215332,12.0,73.0,0.18754375,-0.197702094912529
513,62,312.4417,0.0002847874720357,0,114.9003677368164,57.78173065185547,14.0,70.0,0.2047359375,-0.1923501789569854
513,73,147.8722,0.0016953020134228,0,109.39877319335938,56.92060089111328,12.0,66.0,0.2279432291666666,-0.0789332166314125
513,96,174.6692,8.948545861297539e-07,0,113.05828094482422,55.74431228637695,12.0,75.0,0.1789979166666666,-0.1279224455356598
513,104,166.466,0.0001357941834451,2,112.82683563232422,60.21812057495117,12.0,66.0,0.2207916666666666,-0.0249268021434545
513,126,213.7251,1.0961968680089487e-05,1,102.56905364990234,54.9869270324707,11.0,63.0,0.2376552083333333,0.0909792482852935
513,138,243.4579,0.0,0,117.85181427001952,56.25519180297852,14.0,77.0,0.1727734375,-0.3219630420207977
513,148,39.4535,0.0009167785234899,0,109.78946685791016,57.11153411865234,12.0,67.0,0.2142666666666666,0.0040245163254439
513,172,270.4339,0.0005653243847874,2,119.5105972290039,59.15010070800781,14.0,75.0,0.1896854166666666,-0.2534177899360657
513,175,335.3979,0.0002950782997762,0,117.48114776611328,58.51084899902344,14.0,71.0,0.1948588541666666,-0.2390662878751754
513,181,266.6483,0.0,8,114.99671173095705,56.67361831665039,12.0,73.0,0.1900994791666666,-0.2029840797185897
513,188,314.8544,0.0008033557046979,10,107.52336883544922,55.93514633178711,12.0,64.0,0.2303333333333333,-0.0534695796668529
514,12,160.5269,0.0014127516778523,10,103.39282989501952,53.08748245239258,11.0,65.0,0.2218911458333333,0.0169764570891857
514,17,141.8342,0.0018664429530201,2,113.92597198486328,55.3487548828125,12.0,73.0,0.1852713541666666,-0.245950773358345
515,6,268.1742,9.843400447427295e-06,12,108.25208282470705,54.81808471679688,12.0,68.0,0.20269375,-0.0272474996745586
515,13,247.6743,0.0,1,114.53762817382812,55.54243469238281,12.0,74.0,0.185303125,-0.2366610169410705
515,19,204.827,0.0019997762863534,9,106.3226318359375,55.87540817260742,12.0,65.0,0.2210260416666666,0.0874621421098709
516,3,342.8699,0.000279418344519,14,109.79652404785156,54.53911209106445,12.0,68.0,0.1980541666666666,-0.1334247440099716
516,5,259.4754,3.131991051454139e-06,5,109.58822631835938,54.48068618774414,12.0,70.0,0.1961552083333333,-0.1001122295856475
516,9,193.7544,0.0004977628635346,6,104.8507843017578,52.53175354003906,11.0,67.0,0.2033666666666666,-0.0204720515757799
517,12,63.4994,0.0001295302013422,9,101.3785400390625,52.44084930419922,10.0,65.0,0.2148729166666666,0.1112806126475334
517,20,30.5036,0.0037577181208053,9,105.57063293457033,53.9323616027832,11.0,67.0,0.2107692708333333,-0.0008219571900554
517,38,118.0545,3.5794183445190146e-05,5,101.17572021484376,52.91132736206055,10.0,64.0,0.2206359375,0.1275224387645721
517,63,66.1481,0.0010671140939597,7,100.8017349243164,53.583404541015625,10.0,64.0,0.2206989583333333,0.1718592494726181
517,84,185.361,4.697986577181209e-06,0,103.32239532470705,53.18556213378906,10.0,66.0,0.2066598958333333,0.0615601912140846
517,90,263.233,0.0022812080536912,8,104.2027587890625,55.54365921020508,11.0,63.0,0.23261875,0.0451668612658977
517,95,343.4102,0.0031250559284116,11,102.94647979736328,54.532859802246094,10.0,64.0,0.2320921875,0.069030649960041
517,112,328.6431,7.829977628635348e-06,6,105.10751342773438,55.63004684448242,11.0,63.0,0.2342942708333333,0.0165315456688404
517,119,279.6334,0.0,4,116.07522583007812,57.60694885253906,12.0,72.0,0.1960088541666666,-0.266181617975235
517,123,46.5101,0.0,0,113.92406463623048,55.69243240356445,12.0,74.0,0.1832307291666666,-0.2108063399791717
517,127,106.8344,4.47427293064877e-07,8,106.63858795166016,56.71427917480469,11.0,65.0,0.2181536458333333,0.0955393090844154
517,137,305.5477,0.0011796420581655,0,108.36190032958984,56.10250854492188,11.0,66.0,0.2198213541666666,-0.0525142326951026
517,141,251.3254,0.0023445190156599,7,102.95072174072266,54.29336929321289,10.0,65.0,0.2166651041666666,0.1303798854351043
517,163,339.1374,0.0016787472035794,8,106.53751373291016,56.29596328735352,11.0,64.0,0.2308255208333333,-0.0065004513598978
517,170,276.9272,0.0006223713646532,10,105.2470932006836,54.66440963745117,11.0,65.0,0.2238927083333333,-0.0069061391986906
517,178,91.9241,0.0021885906040268,14,103.70648193359376,54.11530685424805,10.0,65.0,0.2238635416666666,0.0446563214063644
517,181,281.8892,0.0001418344519015,6,101.79532623291016,53.75080108642578,10.0,63.0,0.2336557291666666,0.0624398998916149
517,192,180.2968,0.0018680089485458,0,109.3449478149414,54.62607955932617,11.0,70.0,0.2032401041666666,-0.1348970681428909
517,196,41.3851,2.237136465324385e-07,0,111.10015869140624,55.30588912963867,11.0,70.0,0.19768125,-0.1950229108333587
518,2,19.9532,0.0,0,113.47308349609376,55.71305847167969,12.0,73.0,0.1851921875,-0.2442756444215774
518,5,296.2345,5.369127516778524e-05,4,109.97975158691406,55.16949844360352,11.0,68.0,0.2063739583333333,-0.1704130470752716
518,7,339.8667,0.002142058165548,2,110.5329360961914,54.820125579833984,11.0,70.0,0.1956713541666666,-0.184192955493927
518,13,98.4186,4.47427293064877e-07,0,110.71704864501952,54.97898483276367,11.0,71.0,0.1949932291666666,-0.1862162053585052
518,20,120.8892,0.0024306487695749,6,108.83035278320312,54.71129608154297,11.0,71.0,0.1966890625,-0.1078814640641212
519,3,323.3141,0.0006053691275167,1,101.05530548095705,54.59564208984375,9.0,63.0,0.2357395833333333,0.124003879725933
519,17,194.074,0.0002738255033557,5,101.29281616210938,53.58213424682617,10.0,64.0,0.2200317708333333,0.1145498976111412
519,28,262.8989,1.767337807606264e-05,6,100.30384826660156,52.86167526245117,9.0,63.0,0.2304447916666666,0.1015498414635658
519,42,203.7549,0.0034344519015659,1,105.13726043701172,56.79816055297852,11.0,63.0,0.2351536458333333,0.0803219676017761
519,58,11.8111,0.0014230425055928,6,104.80284881591795,55.45524978637695,11.0,63.0,0.2347994791666666,0.0323933623731136
519,83,260.9305,3.3557046979865773e-06,4,104.05506896972656,54.61964797973633,10.0,64.0,0.2281307291666666,0.008660883642733
519,88,162.6295,0.0006512304250559,0,101.35963439941406,53.74420547485352,10.0,63.0,0.2350526041666666,0.0883018970489502
519,98,12.9742,0.0005742729306487,7,102.83716583251952,52.97224426269531,10.0,65.0,0.2166661458333333,0.0370671860873699
519,111,316.7648,0.0012675615212527,10,105.68515014648438,53.10630798339844,11.0,70.0,0.1918494791666666,-0.0109873861074447
519,116,38.9107,5.592841163310962e-06,9,110.58296966552734,55.9330940246582,11.0,70.0,0.1969765625,-0.089520514011383
519,123,193.2795,0.0,3,111.80975341796876,55.704715728759766,11.0,73.0,0.1913994791666666,-0.1537843197584152
519,130,236.806,0.0,2,114.36311340332033,56.67311096191406,12.0,72.0,0.1853317708333333,-0.2141114622354507
519,144,161.2764,3.355704697986577e-05,0,105.8625259399414,53.36468124389648,11.0,70.0,0.1968239583333333,-0.0318154282867908
519,164,135.6146,0.0001317673378076,7,102.96434783935548,54.65396118164063,10.0,64.0,0.2267911458333333,0.1000308319926261
519,191,113.9122,0.0011771812080536,0,107.89146423339844,55.26985168457031,11.0,68.0,0.2046744791666666,-0.0512027963995933
519,198,107.377,1.3422818791946309e-06,11,102.21173858642578,56.09878158569336,10.0,60.0,0.245390625,0.0984220877289772
520,1,145.4411,0.0002178970917225,0,115.0637435913086,57.579566955566406,11.0,71.0,0.1924572916666666,-0.2692066431045532
520,5,168.6941,0.0028261744966442,14,102.81237030029295,57.85930252075195,10.0,57.0,0.2636671875,0.1052244082093238
521,5,159.0696,2.237136465324385e-07,9,112.45116424560548,58.04842376708984,11.0,66.0,0.2128510416666666,-0.1945571452379226
521,45,250.2548,8.523489932885905e-05,4,97.14918518066406,54.00870132446289,8.0,56.0,0.27259375,0.1565301120281219
521,53,202.8939,0.0035064876957494,0,109.02635192871094,55.686370849609375,11.0,71.0,0.2010854166666666,-0.0936107859015464
525,2,181.6922,0.0034834451901565,0,111.78329467773438,55.80401611328125,11.0,73.0,0.18583125,-0.2186452895402908
525,13,136.6728,8.277404921700225e-06,0,114.1401138305664,59.73124313354492,11.0,66.0,0.2201953125,-0.1946630924940109
526,5,221.3621,8.277404921700225e-06,0,114.75336456298828,59.55672454833984,11.0,67.0,0.2168036458333333,-0.2265317142009735
526,10,98.3306,4.519015659955257e-05,0,114.79473114013672,59.07631301879883,11.0,70.0,0.2049385416666666,-0.2254339158535003
526,15,34.8662,1.655480984340045e-05,0,112.6751480102539,56.85031509399414,11.0,73.0,0.1926802083333333,-0.1938323378562927
526,20,28.8683,2.237136465324385e-07,0,117.92103576660156,58.91873550415039,11.0,74.0,0.1877192708333333,-0.2916308641433716
526,30,291.2338,1.1185682326621925e-06,0,120.90826416015624,59.8162956237793,12.0,78.0,0.1845322916666666,-0.3583973348140716
526,37,130.2561,4.519015659955257e-05,0,120.13999938964844,59.83470916748047,12.0,77.0,0.1812208333333333,-0.3207929730415344
526,42,96.2918,0.0009736017897091,0,115.07991027832033,58.743465423583984,11.0,78.0,0.19853125,-0.2045494318008422
526,88,156.6709,0.0004912751677852,5,109.41877746582033,59.1590461730957,10.0,67.0,0.2170239583333333,0.0275587141513824
526,94,291.761,0.0033342281879194,10,109.5271987915039,56.56368255615234,10.0,74.0,0.188540625,-0.0059629655443131
527,3,176.647,0.0008975391498881,9,110.31722259521484,60.02780151367188,11.0,65.0,0.2295130208333333,-0.0215342100709676
530,2,262.916,2.460850111856824e-06,3,109.03687286376952,55.6883544921875,10.0,72.0,0.1951083333333333,-0.1131656318902969
530,9,211.8891,0.0001114093959731,0,107.1137466430664,56.497337341308594,10.0,70.0,0.2074494791666666,0.0127859013155102
534,3,339.7807,0.0009514541387024,0,105.87411499023438,54.756629943847656,11.0,68.0,0.211559375,0.0047579719685018
534,8,190.8208,0.0031946308724832,2,103.47346496582033,53.70842361450195,10.0,70.0,0.2067895833333333,0.096859335899353
535,7,311.0402,0.0011541387024608,6,100.12686920166016,55.88225555419922,9.0,61.0,0.240421875,0.2470457106828689
535,27,194.7966,8.344519015659956e-05,2,97.85519409179688,53.26837539672852,8.0,63.0,0.2316828125,0.2438277155160904
541,6,3.0582,8.456375838926175e-05,0,104.43236541748048,55.30413818359375,11.0,67.0,0.217246875,0.1167651489377021
541,9,195.2265,9.30648769574944e-05,0,108.78407287597656,54.92313003540039,11.0,72.0,0.2028765625,-0.1112428084015846
544,9,159.5703,1.45413870246085e-05,0,103.63357543945312,54.67368698120117,10.0,63.0,0.239096875,0.0461670905351638
544,13,134.1863,4.697986577181209e-06,0,106.19786834716795,55.06535339355469,11.0,66.0,0.2258729166666666,-0.0271069332957267
545,15,176.9851,0.0001807606263982,5,96.36176300048828,53.8056526184082,8.0,59.0,0.2539869791666667,0.2725332677364349
545,73,146.4508,0.0001722595078299,4,94.42811584472656,53.65370559692383,7.0,57.0,0.2639619791666667,0.3429817855358124
545,82,86.0029,7.248322147651007e-05,0,102.97616577148438,55.893028259277344,10.0,65.0,0.2277552083333333,0.1755583882331848
545,106,281.6773,0.0018389261744966,4,108.6506576538086,56.59676361083984,11.0,70.0,0.211478125,-0.0189684797078371
545,123,64.6391,0.0022545861297539,0,104.34432220458984,55.03853225708008,10.0,65.0,0.2296026041666666,0.0352923013269901
545,143,293.4516,0.0005950782997762,1,106.61499786376952,55.47288513183594,11.0,70.0,0.2117203125,0.027029987424612
545,169,31.9563,0.000917673378076,0,98.3281021118164,54.658424377441406,8.0,60.0,0.2483119791666666,0.2371551990509033
545,170,93.27,0.0013201342281879,2,97.1583480834961,54.149452209472656,8.0,59.0,0.2510744791666666,0.2724078297615051
545,172,103.8338,7.38255033557047e-06,2,98.16703033447266,54.60494613647461,8.0,60.0,0.2482494791666666,0.2446323782205581
545,177,132.9911,0.0023013422818791,5,102.86710357666016,55.19860458374024,10.0,63.0,0.2317229166666666,0.0947709158062934
545,180,93.7924,2.5055928411633108e-05,4,105.4476547241211,54.74665069580078,10.0,67.0,0.21715,0.007587494328618
548,2,142.2775,0.0018673378076062,7,108.79862213134766,57.70408248901367,11.0,66.0,0.2234713541666666,-0.0241270121186971
548,17,36.4574,0.0002389261744966,1,105.01966857910156,55.978172302246094,10.0,67.0,0.2257052083333333,0.1138929203152656
548,114,132.3414,0.0007067114093959,11,110.00685119628906,55.84847259521485,12.0,68.0,0.2004526041666666,-0.0958899781107902
548,115,284.2469,1.498881431767338e-05,0,109.17306518554688,55.35551452636719,12.0,68.0,0.2063151041666666,-0.086050659418106
548,121,227.3036,3.131991051454139e-06,0,109.89598846435548,56.52388000488281,12.0,67.0,0.2114010416666666,-0.0634482875466346
548,151,135.1296,0.0010458612975391,5,101.30341339111328,54.75611877441406,10.0,63.0,0.230228125,0.1875635385513305
548,155,275.7384,0.0035914988814317,9,102.07213592529295,55.13725280761719,10.0,63.0,0.2317161458333333,0.1684572696685791
548,159,142.1721,0.0001026845637583,0,107.9298858642578,55.09353256225586,11.0,71.0,0.2007729166666666,-0.0125812068581581
549,6,89.1784,0.0001413870246085,8,97.5379638671875,56.171382904052734,9.0,56.0,0.2746885416666667,0.2758821249008178
549,17,355.3411,6.04026845637584e-06,0,109.31909942626952,58.32014846801758,11.0,63.0,0.2370645833333333,-0.028874360024929
550,19,147.0402,3.131991051454139e-06,7,106.68948364257812,57.75731658935547,11.0,59.0,0.2502619791666666,0.0429768487811088
550,49,29.5014,0.0005335570469798,0,116.16231536865234,59.58517837524414,12.0,67.0,0.2157354166666666,-0.2417220324277877
552,75,138.6391,4.47427293064877e-07,2,106.1120147705078,56.90495681762695,11.0,61.0,0.2424479166666666,0.0172495022416114
552,94,267.1108,2.550335570469799e-05,11,97.9738998413086,55.32424545288086,8.0,58.0,0.2603546875,0.273662120103836
555,14,287.8081,0.0025733780760626,3,99.75418853759766,53.559967041015625,9.0,63.0,0.2379703125,0.1730749756097793
555,41,173.2169,0.0005885906040268,5,98.7635269165039,54.74557876586914,9.0,59.0,0.2508020833333333,0.2240905463695526
555,65,15.9748,0.0030979865771812,0,96.7230987548828,54.73472213745117,8.0,54.0,0.2814598958333333,0.2418008148670196
555,92,345.8259,1.6107382550335573e-05,13,97.77196502685548,55.10087966918945,8.0,58.0,0.2663479166666667,0.2687416672706604
555,94,47.3441,0.0003923937360178,10,97.50403594970705,55.05439758300781,8.0,58.0,0.263840625,0.2798755466938019
555,137,149.5732,0.0004261744966442,2,111.01678466796876,57.7655143737793,11.0,70.0,0.2094411458333333,-0.0173599794507026
557,5,173.2341,4.921700223713647e-06,5,105.3777847290039,58.25016403198242,11.0,60.0,0.2495963541666666,0.0687358975410461
557,66,294.8408,6.487695749440716e-06,1,102.3708953857422,57.12849807739258,10.0,58.0,0.259684375,0.1131183207035064
559,10,93.5297,0.0002756152125279,2,104.95074462890624,55.34810256958008,10.0,64.0,0.2315760416666666,0.0069179935380816
563,2,169.4631,0.0018534675615212,0,110.20034790039062,57.123085021972656,11.0,65.0,0.2254625,-0.1620616763830185
565,30,114.0703,0.0031510067114093,0,107.29452514648438,58.07868957519531,10.0,59.0,0.2504833333333333,-0.0586475618183612
565,33,212.3885,0.0010612975391498,4,102.4438018798828,56.5703010559082,10.0,58.0,0.2564057291666666,0.0875061079859733
565,34,311.6336,0.0016577181208053,0,103.69178009033205,56.77607727050781,10.0,60.0,0.2474619791666666,0.0549613982439041
565,93,188.9605,0.0015494407158836,4,103.6525650024414,57.80053329467773,10.0,57.0,0.2668036458333333,0.0904270187020301
565,95,138.1308,0.0002427293064876,4,104.59898376464844,57.46745681762695,10.0,59.0,0.2520833333333333,0.0639074370265007
565,97,223.0602,0.0034248322147651,15,100.34093475341795,58.29425048828125,9.0,52.0,0.2892171875,0.1647146642208099
565,101,296.205,0.0022841163310961,3,103.71334075927734,57.47798156738281,10.0,58.0,0.2573479166666667,0.0920435115694999
565,125,238.7372,0.0016489932885906,0,110.08062744140624,59.38894271850586,11.0,65.0,0.2300088541666666,-0.0107949431985616
566,3,20.9761,0.0,0,94.72573852539062,59.31327438354492,6.0,50.0,0.30474375,0.3202332854270935
492,3,147.0253,0.0,0,139.66470336914062,71.59207916259766,16.0,82.0,0.1664265625,-0.3351818919181824
492,10,257.5724,0.0,0,139.49411010742188,71.28929138183594,16.0,80.0,0.1735088541666666,-0.3615000545978546
492,14,343.9219,0.0,0,137.958740234375,69.14869689941406,16.0,82.0,0.16819375,-0.3864409625530243
493,12,134.6919,0.002531096196868,4,123.39181518554688,64.98338317871094,14.0,71.0,0.2008380208333333,-0.1614573299884796
493,15,239.1699,0.0008809843400447,0,126.65869140625,66.46873474121094,14.0,71.0,0.1999838541666666,-0.207803413271904
493,21,152.3277,0.0004527964205816,3,122.12017822265624,66.9094467163086,14.0,65.0,0.2243291666666666,-0.1143363714218139
493,36,221.883,5.1454138702460855e-06,0,121.97200775146484,65.95034790039062,14.0,67.0,0.2167072916666666,-0.13455531001091
493,44,22.7822,0.001865548098434,7,119.87841796875,63.44965744018555,12.0,67.0,0.212009375,-0.1619377136230468
493,52,6.403,0.0004011185682326,13,119.37960052490234,63.131797790527344,13.0,67.0,0.2045614583333333,-0.1091542989015579
493,90,118.9118,0.001879418344519,0,119.18177795410156,61.88283157348633,12.0,71.0,0.200596875,-0.1927287131547927
493,110,78.2703,0.0007519015659955,10,119.51078033447266,62.061859130859375,12.0,70.0,0.1989375,-0.1951187402009964
493,116,262.0134,6.487695749440716e-06,8,119.71929931640624,61.407752990722656,12.0,73.0,0.1904697916666666,-0.2098279595375061
493,122,287.819,0.0020165548098434,0,116.99313354492188,59.63345336914063,12.0,74.0,0.1898630208333333,-0.1878369599580764
494,1,187.1238,1.1185682326621925e-06,0,117.34429931640624,62.13077926635742,12.0,72.0,0.1939395833333333,-0.0726266130805015
494,21,153.1673,1.9686800894854587e-05,4,115.70353698730467,63.46590805053711,12.0,64.0,0.2275817708333333,-0.029070820659399
494,34,140.9423,0.0037413870246085,1,108.16918182373048,60.98003387451172,11.0,61.0,0.2425895833333333,0.1167037934064865
494,48,148.147,0.0004742729306487,1,114.4168701171875,64.34957122802734,11.0,61.0,0.2420802083333333,0.0108154518529772
496,7,70.3059,0.0002015659955257,11,114.37013244628906,61.94009017944336,12.0,63.0,0.2369458333333333,-0.0954642817378044
496,14,2.6923,0.0,0,124.2435302734375,65.84357452392578,15.0,65.0,0.2325067708333333,-0.2678129374980926
497,7,93.367,0.0011434004474272,12,110.8350067138672,60.714054107666016,12.0,61.0,0.2413807291666666,-0.0171437598764896
497,27,79.8119,0.0024876957494407,3,112.4863510131836,59.19275665283203,12.0,66.0,0.2250713541666666,-0.0898437425494194
497,68,235.2631,0.0013854586129753,6,109.56914520263672,57.92039489746094,12.0,64.0,0.2245197916666666,-0.0329661555588245
497,97,169.8691,0.002779865771812,1,115.31568145751952,61.35353469848633,12.0,66.0,0.2208145833333333,-0.0915358215570449
497,109,131.509,0.0,5,118.68431854248048,61.32990646362305,14.0,68.0,0.2137494791666666,-0.2283420413732528
497,116,18.2392,1.1185682326621925e-06,0,113.83264923095705,57.971927642822266,12.0,73.0,0.1919635416666666,-0.1532604396343231
497,123,168.5015,0.002976062639821,8,114.57154846191406,62.549781799316406,12.0,63.0,0.2399942708333333,-0.1094218492507934
497,135,312.8142,0.0,0,123.46407318115234,63.28755569458008,14.0,73.0,0.1977182291666666,-0.2606895267963409
497,143,108.4265,8.389261744966443e-05,7,107.54508209228516,57.16573333740234,11.0,65.0,0.22696875,-0.0004796808061655
497,157,143.6024,6.711409395973154e-07,3,108.755615234375,58.316925048828125,12.0,64.0,0.2318635416666666,-0.0238641966134309
497,167,239.7825,2.013422818791946e-06,1,122.54224395751952,63.649322509765625,14.0,70.0,0.207603125,-0.2599050402641296
497,173,108.4152,5.592841163310963e-06,4,113.46736145019533,58.16828536987305,12.0,71.0,0.2050348958333333,-0.1910996884107589
497,190,253.665,2.237136465324385e-07,1,113.88288879394533,58.13938522338867,12.0,71.0,0.195696875,-0.1705992072820663
497,195,178.1329,1.7225950782997762e-05,1,110.94744873046876,57.39337921142578,12.0,68.0,0.2080489583333333,-0.0851317569613456
497,202,329.163,4.921700223713648e-06,0,117.35633087158205,61.64453506469727,12.0,70.0,0.2094208333333333,-0.1719077974557876
497,213,63.615,0.0007686800894854,8,120.7100067138672,61.404327392578125,14.0,72.0,0.20974375,-0.3016200065612793
498,2,172.9065,0.0,0,120.50174713134766,60.64213180541992,14.0,74.0,0.1951942708333333,-0.2737893462181091
499,4,289.7237,2.6845637583892617e-06,6,111.88995361328124,59.934967041015625,12.0,63.0,0.2406359375,-0.1479142159223556
499,16,197.6873,0.0031677852348993,14,110.8386688232422,60.334503173828125,12.0,61.0,0.2436848958333333,-0.0582138895988464
501,29,180.4491,0.0015870246085011,4,109.6691436767578,56.3584098815918,12.0,70.0,0.2063734375,-0.0254564937204122
501,74,32.5011,0.0017212527964205,2,108.93394470214844,53.576786041259766,11.0,73.0,0.1815671875,-0.0984026417136192
501,102,272.2867,0.0002565995525727,8,112.720703125,59.89622116088867,12.0,66.0,0.2232682291666666,-0.046190645545721
501,113,327.7045,0.0001713646532438,0,122.52228546142578,61.48620223999024,14.0,74.0,0.19596875,-0.2809444665908813
501,123,156.4534,0.0,10,122.4627914428711,60.67922592163086,14.0,77.0,0.1802427083333333,-0.2606765925884247
501,133,46.6129,5.637583892617448e-05,9,117.05386352539062,58.513309478759766,12.0,73.0,0.1886078125,-0.2379043251276016
501,136,265.5268,0.0032662192393736,9,116.78695678710938,60.03507995605469,12.0,71.0,0.2013036458333333,-0.1434238851070404
501,162,320.7944,0.0020977628635346,8,113.0472183227539,57.088356018066406,12.0,72.0,0.1962479166666666,-0.1268966346979141
501,167,210.3335,0.0022205816554809,8,114.99933624267578,58.7126579284668,12.0,73.0,0.1920901041666666,-0.1009328663349151
501,174,245.7371,0.0010156599552572,3,107.822509765625,57.07829666137695,11.0,65.0,0.2241432291666666,0.0087848687544465
501,188,250.8603,0.0,0,121.2287139892578,56.98432159423828,14.0,80.0,0.1623135416666666,-0.4122395515441894
501,202,120.3097,8.948545861297539e-07,4,108.71461486816406,54.17265319824219,11.0,71.0,0.1936432291666666,-0.1138931289315223
501,215,212.4305,0.0,3,117.77850341796876,56.6313591003418,12.0,77.0,0.1715098958333333,-0.3147933483123779
503,4,202.1554,0.0,3,111.154296875,56.45829772949219,12.0,70.0,0.1955020833333333,-0.0853164494037628
504,8,184.1606,5.592841163310962e-06,0,106.26588439941406,56.95439529418945,12.0,61.0,0.2412598958333333,0.0203595403581857
504,9,81.2272,0.002589932885906,4,104.67076873779295,56.80551528930664,11.0,60.0,0.2475447916666666,0.0549157932400703
504,16,267.5986,0.0001545861297539,1,95.4535140991211,55.42373275756836,8.0,51.0,0.2926708333333333,0.2437650114297866
504,38,271.6559,0.0009427293064876,1,98.80148315429688,57.27868270874024,10.0,53.0,0.28523125,0.2060129642486572
504,53,233.712,4.697986577181209e-06,2,99.07476806640624,57.17098617553711,10.0,54.0,0.2854739583333333,0.2367999702692031
504,67,96.5487,0.0032051454138702,3,95.6699676513672,55.73858642578125,9.0,53.0,0.2940932291666667,0.3146016895771026
504,68,123.5367,0.0011595078299776,0,97.7305908203125,55.56005096435547,9.0,54.0,0.2812197916666666,0.2441101521253585
504,82,133.5088,0.0,0,112.20171356201172,58.17538070678711,12.0,65.0,0.2281901041666666,-0.1364137977361679
504,93,135.432,3.5123042505592845e-05,0,99.15398406982422,56.605010986328125,10.0,56.0,0.2749479166666667,0.2279066741466522
504,100,241.8954,0.0001883668903803,0,97.54843139648438,57.18955993652344,9.0,51.0,0.3088921875,0.2565201222896576
504,115,83.8748,6.487695749440716e-06,3,98.79769134521484,56.71344757080078,9.0,53.0,0.288175,0.2269103080034256
504,124,184.1127,0.0,1,107.88933563232422,55.779239654541016,12.0,65.0,0.2285427083333333,-0.0526744350790977
504,134,285.6995,0.002503803131991,0,111.27792358398438,57.12049865722656,12.0,67.0,0.2102942708333333,-0.1080665364861488
504,138,99.3476,0.0,5,113.07418060302734,57.02692794799805,14.0,67.0,0.2189604166666666,-0.1904622316360473
504,159,37.6155,0.0021523489932885,0,108.98603057861328,58.82305145263672,12.0,60.0,0.2469510416666666,-0.0357746928930282
504,171,89.9777,0.0031051454138702,4,107.6861343383789,58.009056091308594,12.0,61.0,0.2431359375,0.0127111878246068
504,185,166.317,0.0,0,111.57048797607422,55.764007568359375,12.0,72.0,0.1944109375,-0.1385906636714935
504,196,223.1303,5.995525727069351e-05,0,106.9084701538086,57.34640121459961,12.0,66.0,0.2156072916666666,0.152417853474617
505,5,13.1764,0.002521029082774,3,108.18621826171876,55.30208969116211,12.0,66.0,0.2173822916666666,-0.0464080087840557
505,9,107.6536,0.0,0,107.326171875,56.377197265625,12.0,66.0,0.2196635416666666,0.0186006817966699
505,13,233.3765,2.237136465324385e-06,5,105.7177276611328,56.59552001953125,12.0,61.0,0.2431875,0.0468486286699771
505,27,254.1763,9.843400447427292e-06,7,101.70092010498048,57.02889633178711,10.0,58.0,0.2610973958333333,0.1816524118185043
505,64,95.0442,0.0006818791946308,0,102.68643188476562,54.59760665893555,11.0,63.0,0.2356354166666666,0.0790453180670738
505,85,325.1886,0.0029863534675615,7,106.77301788330078,55.27457046508789,12.0,65.0,0.2222677083333333,-0.0163060817867517
505,89,142.5663,0.0002861297539149,8,102.3512191772461,55.9355583190918,11.0,59.0,0.2505307291666667,0.1649657785892486
505,126,318.5804,0.0017552572706935,4,102.5464324951172,54.5970573425293,11.0,63.0,0.239415625,0.069916196167469
505,133,249.0093,0.0023158836689038,8,106.07942199707033,56.50754165649414,12.0,65.0,0.2268135416666666,0.0533013977110385
505,158,68.8656,0.0,0,112.07630157470705,57.46538925170898,12.0,67.0,0.2157010416666666,-0.1246686801314354
505,169,232.0847,4.47427293064877e-07,4,111.8427963256836,56.540565490722656,12.0,68.0,0.2081348958333333,-0.1491695195436477
505,188,353.4233,0.0024360178970917,0,108.78121948242188,57.68136215209961,12.0,66.0,0.22040625,0.0598436594009399
506,16,288.5646,1.5659955257270697e-06,12,105.95999145507812,56.05266571044922,12.0,63.0,0.2316416666666666,0.0087220706045627
506,24,210.3569,0.0014979865771812,2,106.58496856689452,56.13151168823242,12.0,66.0,0.2202666666666666,0.0283815208822488
506,35,261.7785,0.0036979865771812,0,107.2231674194336,55.185001373291016,12.0,67.0,0.1995427083333333,-3.141743582091294e-05
506,46,184.9582,0.0015747203579418,8,103.56183624267578,55.79067611694336,11.0,60.0,0.2446614583333333,0.0962571874260902
506,59,312.2756,0.0020460850111856,13,106.27593231201172,55.366477966308594,12.0,66.0,0.2159270833333333,0.0195821896195411
508,18,26.7796,1.0514541387024608e-05,6,102.39244079589844,55.90623092651367,10.0,60.0,0.2474161458333333,0.1031483337283134
508,41,227.8526,0.0022628635346756,2,105.36172485351562,58.009952545166016,11.0,60.0,0.2440416666666666,0.1516187340021133
508,57,80.636,0.003489932885906,0,104.20988464355467,55.63648986816406,11.0,63.0,0.2385390625,0.0500269085168838
508,73,311.7267,0.0001586129753914,11,101.12380981445312,55.83364868164063,10.0,59.0,0.2527421875,0.1491340398788452
509,1,60.1847,5.1454138702460855e-06,0,107.79986572265624,56.838863372802734,11.0,65.0,0.2221984375,-0.012489978224039
510,2,53.8063,1.1185682326621925e-06,1,110.8157196044922,56.46711730957031,11.0,70.0,0.2047333333333333,-0.1276297122240066
510,15,55.1483,0.0019823266219239,17,103.8255844116211,55.63325500488281,11.0,61.0,0.2434171875,0.0138980448246002
511,9,219.6791,2.237136465324385e-07,2,111.30081939697266,55.72812271118164,12.0,70.0,0.2062921875,-0.1738843023777008
512,5,144.3552,0.0009740492170022,0,105.9738998413086,56.7486457824707,11.0,64.0,0.2320723958333333,0.0922767370939254
512,34,226.4752,0.0016961968680089,2,104.79749298095705,54.611724853515625,11.0,65.0,0.2268473958333333,-0.006946179550141
512,56,39.2474,0.0029319910514541,4,105.46551513671876,55.083595275878906,11.0,63.0,0.2337020833333333,-0.0186968762427568
512,87,343.0925,6.935123042505594e-06,0,107.61669921875,55.06278610229492,12.0,68.0,0.21068125,-0.0428883917629718
512,92,260.9433,0.001959284116331,0,104.2480697631836,55.15011215209961,11.0,64.0,0.231284375,0.0287312995642423
512,99,70.2197,0.0017035794183445,4,107.85164642333984,56.79166412353516,12.0,65.0,0.2272322916666666,-0.0125639308243989
512,112,111.8752,0.0,0,113.041748046875,56.13108444213867,12.0,72.0,0.2012078125,-0.2012371718883514
513,11,219.58,0.0029259507829977,6,107.30594635009766,56.05270385742188,11.0,64.0,0.2381651041666666,-0.0853127241134643
513,30,132.2173,0.0021302013422818,6,104.27767181396484,52.66509246826172,10.0,67.0,0.212128125,-0.0363691337406635
513,45,111.6013,0.0014894854586129,3,107.02920532226562,53.0419807434082,11.0,70.0,0.2049854166666666,-0.1099241599440574
513,51,69.5139,0.0021017897091722,2,108.6231918334961,56.243431091308594,12.0,66.0,0.2212546875,-0.0696826055645942
513,55,144.2929,0.0,3,114.0805435180664,55.25687026977539,12.0,73.0,0.1897536458333333,-0.2624912858009338
513,65,346.6275,7.606263982102911e-06,0,114.06856536865234,56.30152893066406,13.0,72.0,0.1917333333333333,-0.1960235238075256
513,80,86.5858,0.0006778523489932,9,107.34684753417967,53.691986083984375,12.0,68.0,0.2062661458333333,-0.0770597234368324
513,97,153.5826,7.606263982102909e-06,3,114.23280334472656,56.1463623046875,12.0,75.0,0.1708234375,-0.116259180009365
513,105,6.0023,0.0025914988814317,3,111.65675354003906,60.58749771118164,12.0,64.0,0.2339088541666666,0.0156160043552517
513,127,273.7362,0.0003413870246085,9,102.71990203857422,54.24361038208008,10.0,64.0,0.2297880208333333,0.0915549620985984
513,140,37.9167,2.662192393736018e-05,0,116.67926025390624,58.09487915039063,14.0,73.0,0.1996880208333333,-0.2438824623823166
513,149,119.4094,2.460850111856824e-06,0,107.1977996826172,54.664981842041016,12.0,66.0,0.2130036458333333,-0.0430685654282569
513,172,298.7222,0.0010252796420581,11,113.14669036865234,56.217559814453125,12.0,73.0,0.1923,-0.1322733759880066
513,176,296.7226,0.0018237136465324,5,117.37274169921876,58.21249008178711,14.0,72.0,0.1914703125,-0.2377282530069351
513,182,308.7835,0.0,3,113.75748443603516,56.98540496826172,12.0,70.0,0.2070421875,-0.2029998749494552
514,4,80.58,0.0031894854586129,10,100.2983856201172,51.771915435791016,10.0,64.0,0.2277291666666666,0.0846538096666336
514,13,57.1384,0.0034729306487695,7,102.42581939697266,52.297119140625,10.0,65.0,0.2180098958333333,0.0527553185820579
515,0,118.9283,0.0009601789709172,7,111.5103530883789,55.42770385742188,12.0,71.0,0.1962255208333333,-0.1451495736837387
515,9,293.697,1.5212527964205818e-05,0,111.36483001708984,56.134395599365234,12.0,70.0,0.2069026041666666,-0.1177968457341194
515,13,281.3837,0.0017997762863534,5,112.004150390625,55.86745834350586,12.0,71.0,0.2094427083333333,-0.1685931533575058
515,19,343.3438,0.0018581655480984,1,105.6594467163086,55.91890335083008,12.0,64.0,0.2274296875,0.1042805090546608
516,4,73.2141,0.000341610738255,9,110.71720123291016,54.96335220336914,12.0,70.0,0.1960744791666666,-0.142537385225296
516,6,236.0842,0.0,0,114.04234313964844,55.67091751098633,12.0,73.0,0.1837291666666666,-0.2368597239255905
517,0,249.0802,0.0023680089485458,6,105.84566497802734,52.82143783569336,11.0,68.0,0.1964901041666666,-0.028332071378827
517,13,288.9273,0.0008252796420581,12,101.92845916748048,52.8297004699707,10.0,65.0,0.2169416666666666,0.0799648985266685
517,20,200.393,6.04026845637584e-06,0,105.26043701171876,53.91202163696289,11.0,66.0,0.2128427083333333,0.0100738620385527
517,44,163.0172,0.0001552572706935,4,103.36783599853516,52.68941879272461,10.0,66.0,0.2083359375,0.0321923717856407
517,63,177.6881,0.0008172259507829,2,101.2222671508789,53.72575759887695,10.0,64.0,0.2190875,0.163995161652565
517,85,173.8764,0.0012351230425055,1,100.21958923339844,53.50387954711914,9.0,64.0,0.225478125,0.1740075349807739
517,92,209.6147,0.0010123042505592,8,107.48751831054688,54.25685119628906,11.0,68.0,0.1967994791666666,-0.0447875335812568
517,96,208.765,0.0013053691275167,3,102.1393051147461,54.94205093383789,10.0,61.0,0.2432630208333333,0.1058198288083076
517,114,140.2484,1.5212527964205818e-05,8,108.1215362548828,55.02101135253906,11.0,68.0,0.2072208333333333,-0.0729148313403129
517,120,299.1443,0.0,0,112.73111724853516,55.75132751464844,12.0,72.0,0.1913973958333333,-0.2071592360734939
517,123,106.2246,0.0013498881431767,7,109.86419677734376,56.119754791259766,11.0,68.0,0.20548125,-0.0878075361251831
517,128,90.143,0.0007228187919463,6,106.1444854736328,56.45940780639648,11.0,65.0,0.2211380208333333,0.1072850674390792
517,138,111.1331,1.7897091722595078e-06,2,111.7024154663086,56.57324600219727,11.0,70.0,0.2073484375,-0.148970752954483
517,143,207.9939,3.8031319910514536e-06,8,106.21602630615234,53.942081451416016,11.0,68.0,0.19838125,0.0156247029080986
517,164,200.6719,0.0013776286353467,6,106.39449310302734,54.67529678344727,11.0,66.0,0.2160442708333333,-0.0294675342738628
517,173,52.9387,0.0036404921700223,0,101.59355926513672,52.57623672485352,10.0,65.0,0.2211791666666666,0.0551996305584907
517,178,230.3049,3.8031319910514553e-06,5,109.0147476196289,55.779090881347656,11.0,67.0,0.2098708333333333,-0.0806252360343933
517,190,147.0227,0.0018565995525727,0,108.2907485961914,53.71689987182617,11.0,68.0,0.1988177083333333,-0.1335931718349456
517,192,245.6679,0.001682774049217,9,108.56875610351562,54.8001823425293,11.0,68.0,0.2103708333333333,-0.1072489246726036
517,196,86.2252,0.0033581655480984,5,106.5796890258789,55.01387023925781,11.0,66.0,0.2179963541666666,-0.0483848638832569
518,2,162.4427,2.237136465324385e-07,0,112.99138641357422,55.55694961547852,11.0,72.0,0.1870578125,-0.2371400445699691
518,5,334.079,0.0031156599552572,7,108.18771362304688,54.58527755737305,11.0,67.0,0.2101463541666666,-0.1288449168205261
518,8,106.2327,0.0024393736017897,12,108.51081085205078,55.976844787597656,11.0,68.0,0.2106166666666666,-0.0432157814502716
518,14,239.7485,0.0,0,113.02086639404295,55.71210861206055,11.0,72.0,0.190028125,-0.236523225903511
518,20,358.0572,0.0035427293064876,0,99.86681365966795,52.80840301513672,9.0,64.0,0.22746875,0.1155254170298576
519,4,55.004,0.0001541387024608,12,98.4175033569336,55.23613357543945,9.0,58.0,0.2600380208333333,0.2131417393684387
519,17,346.1932,0.0002087248322147,4,104.293212890625,53.86632537841797,10.0,66.0,0.2099421875,0.0127305528149008
519,36,145.9283,0.0019706935123042,1,102.01849365234376,53.515174865722656,10.0,64.0,0.219734375,0.0692190304398536
519,43,48.2111,5.100671140939597e-05,5,105.48758697509766,56.82927703857422,11.0,63.0,0.2379880208333333,0.057764858007431
519,58,208.6437,0.0032776286353467,0,101.05040740966795,55.776485443115234,10.0,60.0,0.2495979166666666,0.1358036547899246
519,83,292.8008,0.0018968680089485,6,102.43778228759766,54.308624267578125,10.0,63.0,0.2331223958333333,0.0561237037181854
519,88,219.185,0.0010006711409395,9,99.22091674804688,54.06232833862305,9.0,59.0,0.2520973958333333,0.1504071950912475
519,98,140.9775,2.013422818791946e-06,18,102.7453842163086,53.383182525634766,10.0,65.0,0.2210635416666666,0.0622256733477115
519,112,260.4536,0.0,0,112.55341339111328,56.268741607666016,11.0,73.0,0.1890520833333333,-0.1333910673856735
519,117,334.0737,1.3199105145413872e-05,0,106.81961822509766,56.35322952270508,11.0,66.0,0.2227828125,-0.0056099956855177
519,125,184.9795,0.0,0,113.32898712158205,55.7461051940918,12.0,73.0,0.1834276041666666,-0.2056364864110946
519,130,255.2112,0.0032192393736017,0,110.6011962890625,56.25426483154297,11.0,68.0,0.1967291666666666,-0.1000015288591384
519,145,176.399,5.592841163310963e-06,0,107.60044860839844,53.53136444091797,11.0,70.0,0.1908640625,-0.0829087048768997
519,175,242.4709,9.597315436241612e-05,2,101.98946380615234,56.308380126953125,10.0,61.0,0.2408838541666666,0.1829261481761932
519,191,313.9182,6.711409395973154e-07,4,111.69190216064452,55.8909797668457,11.0,71.0,0.1958572916666666,-0.162256971001625
519,200,311.9363,4.026845637583893e-06,16,106.70821380615234,56.138916015625,11.0,65.0,0.2296661458333333,-0.032402828335762
520,1,265.2792,0.0,0,115.37673950195312,57.566741943359375,11.0,71.0,0.1898755208333333,-0.2747161388397217
520,6,213.314,1.5659955257270697e-06,1,100.27434539794922,55.16521072387695,9.0,59.0,0.2501989583333333,0.1548884361982345
521,6,137.4369,0.0018306487695749,2,100.1293487548828,54.57748031616211,9.0,61.0,0.2412302083333333,0.1480525434017181
521,49,325.352,0.0,10,110.58838653564452,55.73944854736328,11.0,70.0,0.19908125,-0.1756209731101989
521,53,266.8874,0.0,1,107.41345977783205,56.00665664672852,11.0,67.0,0.2164505208333333,-0.0489728040993213
525,3,250.0277,0.0,0,117.0490493774414,58.92774963378906,12.0,72.0,0.2008666666666666,-0.2995111048221588
525,16,316.6846,0.0010447427293064,0,111.47332000732422,58.47663116455078,11.0,66.0,0.2194625,-0.1764748394489288
526,7,154.5067,0.000638255033557,0,115.90121459960938,59.37997817993164,11.0,68.0,0.2119942708333333,-0.2693895101547241
526,11,297.8312,0.0008550335570469,1,113.6591796875,57.17620849609375,11.0,73.0,0.1947572916666666,-0.2441775053739547
526,15,107.5487,3.8031319910514553e-06,0,114.4060287475586,58.71979522705078,11.0,74.0,0.1911984375,-0.1274230331182479
526,20,108.9569,0.0,0,118.32643127441406,59.20122528076172,11.0,74.0,0.1882895833333333,-0.3071398138999939
526,31,40.0239,4.47427293064877e-07,0,122.84042358398438,60.83772659301758,12.0,75.0,0.1883927083333333,-0.4037619531154632
526,37,315.7398,0.0,0,121.0136489868164,60.00521087646485,12.0,81.0,0.1801848958333333,-0.3181224465370178
526,42,137.9315,0.0026503355704697,5,115.21725463867188,58.911888122558594,11.0,77.0,0.2006130208333333,-0.2085607647895813
526,90,28.6138,0.0023279642058165,0,111.52873229980467,58.54068756103516,10.0,71.0,0.197728125,-0.0513248480856418
526,95,3.2853,0.0010818791946308,3,107.87166595458984,57.998756408691406,10.0,66.0,0.2158213541666666,0.0539071559906005
527,8,34.1551,0.0012583892617449,0,111.64800262451172,59.63887023925781,11.0,68.0,0.2184317708333333,-0.0685743242502212
530,3,7.4853,2.6845637583892617e-06,6,109.93819427490234,56.16738510131836,10.0,73.0,0.1948229166666666,-0.1213453263044357
530,10,63.4045,2.0581655480984346e-05,10,104.53688049316406,55.7528190612793,10.0,67.0,0.2196166666666666,0.0167033728212118
534,4,153.8186,0.0005398210290827,0,105.65423583984376,53.74299240112305,11.0,68.0,0.1988541666666666,0.00310336262919
534,10,44.5747,0.000265995525727,2,104.92794799804688,54.84467315673828,11.0,70.0,0.2099328125,0.0868744403123855
535,10,262.6817,5.05592841163311e-05,1,104.67984771728516,55.77273178100586,10.0,68.0,0.2085838541666666,0.1208695992827415
535,27,302.5689,4.384787472035794e-05,5,98.24533081054688,53.24263381958008,8.0,64.0,0.2315619791666666,0.2163423895835876
541,6,28.5779,0.0001255033557046,3,104.3091278076172,54.65889358520508,10.0,67.0,0.2153635416666666,0.0677289143204689
541,12,86.2682,0.000110514541387,1,103.00845336914062,54.60276412963867,10.0,64.0,0.2320942708333333,0.074928693473339
544,10,127.1735,0.0021818791946308,0,107.08148193359376,55.21981048583984,11.0,72.0,0.2027645833333333,0.0375681333243846
544,13,181.7618,0.0,0,106.41510009765624,55.068389892578125,11.0,66.0,0.2254369791666666,-0.0439483933150768
545,28,18.2676,3.579418344519015e-05,6,95.6330337524414,54.134376525878906,7.0,58.0,0.2595744791666666,0.300836443901062
545,73,203.8498,0.0017689038031319,4,94.9300765991211,53.74402618408203,7.0,58.0,0.2617276041666667,0.3294638395309448
545,82,198.748,2.61744966442953e-05,0,102.69720458984376,55.45127868652344,10.0,66.0,0.2235083333333333,0.1616448760032653
545,108,53.1918,0.0001378076062639,0,107.21424102783205,56.60000228881836,11.0,67.0,0.2174375,0.0355009362101554
545,123,139.1521,0.0005384787472035,0,106.03257751464844,56.15229415893555,10.0,66.0,0.226371875,0.0433561578392982
545,145,86.3823,2.550335570469799e-05,0,108.47801208496094,56.39126205444336,11.0,71.0,0.20755,-0.0448066480457782
545,169,79.5886,0.0010185682326621,4,98.24786376953124,54.759891510009766,8.0,59.0,0.2534708333333333,0.2358715236186981
545,170,166.4141,0.0035695749440715,0,97.57186889648438,54.49279022216797,8.0,59.0,0.2538697916666667,0.2524334788322449
545,172,145.2917,2.8411633109619688e-05,1,98.23146057128906,54.665809631347656,8.0,60.0,0.2475192708333333,0.2436647266149521
545,177,221.5741,0.0026789709172259,1,103.11356353759766,54.682865142822266,10.0,65.0,0.223378125,0.0794047489762306
545,180,177.4949,0.0013434004474272,4,106.30436706542967,55.27877807617188,10.0,66.0,0.2183515625,-0.025426547974348
548,2,342.2333,0.0001961968680089,1,107.41683959960938,57.35760498046875,11.0,64.0,0.2328671875,-0.0132426861673593
548,20,152.5906,7.606263982102909e-05,1,106.02482604980467,56.01043319702149,10.0,68.0,0.2231020833333333,0.0049046440981328
548,114,186.2837,0.0005689038031319,0,109.82047271728516,55.6640625,12.0,68.0,0.1996609375,-0.0979021042585372
548,115,299.8951,8.053691275167787e-06,2,109.46388244628906,55.43405532836914,12.0,68.0,0.2054739583333333,-0.0951618924736976
548,121,230.6045,0.003600447427293,3,109.49127960205078,56.46643829345703,11.0,67.0,0.212959375,-0.0563720688223838
548,152,152.6661,1.5659955257270692e-06,11,101.16217041015624,54.81312942504883,10.0,63.0,0.2324979166666666,0.1843284517526626
548,155,338.2229,0.000741610738255,9,102.2381591796875,56.20056915283203,10.0,60.0,0.2451604166666666,0.1682368218898773
548,160,158.8036,0.0001653243847874,0,105.4918441772461,55.14616012573242,11.0,67.0,0.2188041666666666,0.0660972818732261
549,14,174.0921,0.0031270693512304,13,98.57620239257812,55.89510345458984,9.0,57.0,0.2681947916666666,0.2274878919124603
549,18,48.3601,3.579418344519016e-06,0,109.30043029785156,58.5633544921875,11.0,61.0,0.2402588541666666,-0.0273914411664009
550,22,164.4837,0.0014270693512304,2,104.90022277832033,56.75035858154297,11.0,60.0,0.2468713541666666,0.0914170518517494
552,2,240.8727,4.608501118568233e-05,14,107.13433837890624,56.665435791015625,11.0,61.0,0.2377880208333333,-0.0184371508657932
552,76,300.6119,0.0009456375838926,0,107.25460052490234,57.9213981628418,11.0,60.0,0.246475,0.0235971175134181
552,100,294.2759,0.0031982102908277,5,96.48226165771484,54.07167434692383,8.0,57.0,0.2683864583333333,0.2935236990451813
555,15,29.5826,0.0026574944071588,1,100.4701156616211,53.60005569458008,9.0,63.0,0.2374729166666666,0.1539383232593536
555,41,204.5316,0.0007194630872483,5,98.63321685791016,54.48697280883789,9.0,59.0,0.2523135416666666,0.2161189913749694
555,70,150.0629,0.001797091722595,6,98.3245849609375,56.21017837524414,9.0,55.0,0.2787286458333333,0.2279687970876693
555,93,86.9168,3.1319910514541385e-06,6,97.11483001708984,55.04475021362305,8.0,57.0,0.2682447916666666,0.2861385345458984
555,97,34.3375,0.0014720357941834,5,95.89191436767578,54.8807487487793,8.0,57.0,0.2646713541666666,0.3385112583637237
555,140,178.0634,2.997762863534676e-05,0,112.82274627685548,59.252662658691406,12.0,70.0,0.2153567708333333,-0.0392514392733573
557,11,308.0311,0.0008646532438478,6,99.90470123291016,56.70493698120117,9.0,54.0,0.2774322916666666,0.1678937375545501
557,67,189.8168,0.0011939597315436,4,99.53729248046876,56.00874328613281,9.0,57.0,0.2648369791666666,0.1741993427276611
559,10,124.7474,2.2818791946308727e-05,1,103.96013641357422,55.491729736328125,10.0,61.0,0.2414916666666666,0.0264344401657581
563,10,228.6029,0.0001257270693512,0,110.8328857421875,59.63266372680664,10.0,58.0,0.2570359375,-0.1864726990461349
565,30,156.3799,0.0010114093959731,0,106.49925231933594,58.163944244384766,10.0,58.0,0.25676875,-0.0320295691490173
565,33,276.8884,0.0031232662192393,9,104.03385162353516,55.86922073364258,10.0,61.0,0.2436010416666666,0.0356864258646965
565,36,221.114,0.0022442953020134,0,105.65931701660156,57.552284240722656,10.0,61.0,0.2423354166666666,0.020127223804593
565,93,240.7827,0.002200447427293,6,103.10749053955078,57.8707275390625,10.0,57.0,0.2664854166666666,0.1088295876979827
565,95,347.9213,0.0001205816554809,3,104.40283966064452,57.7629280090332,10.0,58.0,0.2608572916666666,0.0671290755271911
565,98,165.4439,4.832214765100671e-05,3,106.8977279663086,57.06925201416016,10.0,64.0,0.2289786458333333,-0.0002930238842964
565,103,339.1032,0.0002565995525727,0,106.60362243652344,58.03594970703125,10.0,60.0,0.2470114583333333,0.012931190431118
565,126,16.4724,0.0018738255033557,0,107.73704528808594,57.62385177612305,10.0,65.0,0.2281151041666666,-0.0228356514126062
566,3,241.285,0.0,0,94.78533172607422,59.259368896484375,6.0,50.0,0.3036260416666667,0.3199593126773834
492,4,192.4373,2.237136465324385e-07,0,139.7749786376953,71.66497039794922,16.0,82.0,0.1663072916666666,-0.3343190252780914
492,10,275.5436,0.0,0,139.3912811279297,71.2885971069336,16.0,79.0,0.1732015625,-0.3594996631145477
492,15,28.3051,0.0004740492170022,4,137.908935546875,69.09388732910156,16.0,82.0,0.1681739583333333,-0.3878035247325897
493,12,231.8181,3.914988814317673e-05,8,129.7580108642578,66.20275115966797,15.0,77.0,0.1769479166666666,-0.2793456614017486
493,16,12.6229,0.0033080536912751,0,127.94086456298828,67.4515151977539,15.0,70.0,0.2012359375,-0.2153300046920776
493,21,185.4504,9.395973154362417e-05,5,121.12187957763672,66.35493469238281,14.0,65.0,0.2264145833333333,-0.1089162155985832
493,37,89.45,0.0029545861297539,0,123.1290054321289,66.02710723876953,14.0,68.0,0.214921875,-0.1918201595544815
493,44,196.7464,0.0031469798657718,5,116.21923065185548,62.61810302734375,12.0,65.0,0.2235541666666666,-0.0755789652466774
493,52,354.6169,0.0017503355704697,0,119.20484924316406,62.03375625610352,12.0,68.0,0.2044869791666666,-0.191854178905487
493,90,278.2422,0.0032308724832214,3,119.41483306884766,62.0737190246582,12.0,71.0,0.199665625,-0.1781490296125412
493,112,160.7786,3.8031319910514553e-06,7,119.34197998046876,62.397682189941406,13.0,70.0,0.2008546875,-0.1545875817537307
493,117,86.5495,0.0037624161073825,10,119.70033264160156,61.15940475463867,12.0,72.0,0.1906916666666666,-0.2245497703552246
493,123,99.6343,0.0020953020134228,3,114.99170684814452,60.31254959106445,12.0,70.0,0.20304375,-0.0987110882997512
494,1,232.4107,1.1409395973154363e-05,0,117.53311157226562,62.23826217651367,12.0,72.0,0.193584375,-0.0762935355305671
494,24,206.3621,1.588366890380313e-05,0,115.68109893798828,62.316402435302734,11.0,67.0,0.2188848958333333,-0.0422824658453464
494,35,35.8101,0.0035816554809843,0,109.11489868164062,62.63982772827149,11.0,59.0,0.2550364583333333,0.1240630596876144
496,0,284.2508,0.0,0,123.54133605957033,64.74748992919922,14.0,67.0,0.2215651041666666,-0.2849717140197754
496,7,137.5062,3.512304250559284e-05,8,113.56349182128906,61.911739349365234,12.0,63.0,0.2387317708333333,-0.0727797374129295
496,14,96.4219,0.0020120805369127,3,121.12906646728516,64.10713195800781,14.0,64.0,0.2351109375,-0.2557028830051422
497,8,58.4513,0.0016357941834451,3,107.06379699707033,58.64881896972656,12.0,61.0,0.2421109375,0.0969621464610099
497,27,356.3572,1.633109619686801e-05,0,113.0035629272461,59.281036376953125,12.0,67.0,0.220815625,-0.1032752022147178
497,68,352.9903,0.0006729306487695,0,110.46334838867188,57.56900024414063,12.0,65.0,0.2267526041666666,-0.1100004464387893
497,98,91.1731,0.0003046979865771,11,112.97295379638672,61.27548599243164,12.0,63.0,0.2378671875,-0.0634865909814834
497,110,26.5551,0.0005006711409395,7,119.82524871826172,61.19084930419922,14.0,70.0,0.2069276041666666,-0.2624955773353576
497,116,235.2988,4.921700223713648e-06,3,114.64276885986328,58.75859832763672,12.0,73.0,0.1943692708333333,-0.1496694684028625
497,124,175.1112,5.369127516778524e-06,0,111.86016082763672,60.50675201416016,12.0,63.0,0.2339125,-0.0730671063065528
497,136,15.5938,0.0,0,123.36518096923828,62.860008239746094,14.0,74.0,0.1932140625,-0.2694011926651001
497,143,226.4707,0.0002357941834451,1,109.54962158203124,58.3060302734375,12.0,65.0,0.2221578125,-0.0080632744356989
497,161,213.3559,4.921700223713647e-06,13,110.05895233154295,57.06498336791992,12.0,66.0,0.2153994791666666,-0.1208835318684578
497,169,168.2101,2.237136465324385e-07,0,120.36468505859376,61.06614303588867,14.0,72.0,0.2061,-0.2983601689338684
497,173,324.6156,4.47427293064877e-07,1,112.28836822509766,58.1562385559082,12.0,68.0,0.2108234375,-0.1357388794422149
497,190,337.615,2.9082774049217005e-06,0,112.97850799560548,57.59490966796875,12.0,71.0,0.1960416666666666,-0.1578894406557083
497,196,306.0507,1.2080536912751678e-05,7,111.287841796875,56.65544128417969,12.0,72.0,0.198328125,-0.1223462149500846
497,204,43.2745,0.0036666666666666,7,115.0118637084961,61.99396133422852,12.0,66.0,0.222390625,-0.0835667103528976
497,213,196.1471,0.0,2,121.5387954711914,60.90542984008789,14.0,73.0,0.2019963541666666,-0.3356399536132812
498,4,26.3139,0.0017682326621923,11,118.05120086669922,62.04932403564453,14.0,68.0,0.2160333333333333,-0.1550367176532745
499,5,223.7078,1.5212527964205818e-05,1,111.8849868774414,59.43031692504883,12.0,65.0,0.2329932291666666,-0.1305658519268036
501,1,351.0413,2.237136465324385e-06,3,113.42082214355467,58.62222671508789,12.0,70.0,0.1984015625,-0.0654641240835189
501,34,20.4776,0.0017872483221476,3,112.1972198486328,57.8138542175293,12.0,70.0,0.20261875,-0.0855728089809417
501,79,213.9361,6.554809843400448e-05,4,111.32620239257812,57.01354217529297,12.0,73.0,0.1850786458333333,0.0430797897279262
501,102,339.1401,0.0004451901565995,2,110.4762725830078,59.11945343017578,12.0,64.0,0.2328109375,-0.0132400868460536
501,114,9.466,2.237136465324385e-07,0,122.6405029296875,61.6134033203125,14.0,74.0,0.1960833333333333,-0.2830675542354584
501,123,259.084,0.0,4,121.92757415771484,60.292240142822266,14.0,78.0,0.1799479166666666,-0.2596966624259949
501,133,223.7047,7.002237136465324e-05,2,114.7332763671875,56.79870223999024,12.0,73.0,0.1870651041666666,-0.2281707227230072
501,137,342.4578,0.0029272930648769,1,118.0973129272461,59.46721267700195,12.0,74.0,0.1871984375,-0.1737937182188034
501,163,335.7289,4.47427293064877e-07,14,115.6923828125,57.969329833984375,12.0,74.0,0.1920895833333333,-0.1970271319150924
501,167,281.0109,0.0006190156599552,6,115.32372283935548,58.72767639160156,12.0,73.0,0.1890432291666666,-0.1096083223819732
501,175,92.259,1.0290827740492173e-05,16,109.84503173828124,57.20952606201172,12.0,66.0,0.22213125,-0.0804268419742584
501,189,25.6721,0.0026568232662192,0,118.95358276367188,57.08784484863281,13.0,78.0,0.1716666666666666,-0.3375076651573181
501,202,162.5312,0.0018697986577181,4,107.16100311279295,54.62440872192383,11.0,67.0,0.2070802083333333,-0.0560104362666606
501,216,69.0077,0.0,0,116.9782943725586,56.06607055664063,12.0,77.0,0.1719447916666666,-0.3197704553604126
504,0,266.3015,6.7114093959731546e-06,6,100.42033386230467,54.84266662597656,10.0,59.0,0.2555661458333333,0.1463156342506408
504,8,196.7107,6.7114093959731546e-06,0,106.13526916503906,56.83547592163086,12.0,61.0,0.2408932291666666,0.0223586875945329
504,9,89.8133,0.0006780760626398,6,105.34473419189452,56.40584182739258,11.0,61.0,0.2430739583333333,0.0316453948616981
504,17,13.7305,0.0004825503355704,1,96.06935119628906,56.8105583190918,9.0,51.0,0.2931020833333333,0.2562420964241028
504,38,289.4293,0.0018503355704697,0,98.30348205566406,57.60025405883789,9.0,52.0,0.2952640625,0.2184106707572937
504,54,9.565,0.000421029082774,1,99.65833282470705,57.38424301147461,10.0,54.0,0.2856453125,0.2145652920007705
504,67,145.6748,0.0021111856823266,0,98.19087982177734,55.61456680297852,9.0,56.0,0.2793833333333333,0.2384365350008011
504,68,144.852,2.013422818791946e-06,0,98.51074981689452,55.53522491455078,9.0,56.0,0.2776635416666667,0.2164849191904068
504,82,159.9276,0.0,0,111.74579620361328,57.87018966674805,12.0,65.0,0.2283692708333333,-0.1355514824390411
504,93,158.7841,1.74496644295302e-05,0,98.98316955566406,56.57234573364258,10.0,56.0,0.2758432291666666,0.2296323031187057
504,106,266.2791,2.1923937360178968e-05,2,103.04476928710938,56.61397933959961,11.0,58.0,0.2603541666666666,0.1037884503602981
504,115,358.1128,2.483221476510068e-05,0,100.22293090820312,56.1279182434082,10.0,57.0,0.2708682291666666,0.1794681400060653
504,124,217.3388,0.0,0,107.80046844482422,55.79821014404297,12.0,65.0,0.2291479166666666,-0.0508861094713211
504,135,15.5494,0.0,2,111.26324462890624,57.042598724365234,12.0,67.0,0.209434375,-0.1084395125508308
504,141,346.1228,0.0005894854586129,9,105.87503814697266,58.02199172973633,12.0,58.0,0.2577182291666666,0.0131746754050254
504,159,198.5787,8.277404921700225e-06,0,108.5604248046875,58.85871505737305,12.0,60.0,0.2493182291666666,-0.0242563392966985
504,176,196.9702,0.0,0,114.833740234375,58.54750442504883,13.0,73.0,0.1973380208333333,-0.1118243858218193
504,185,255.8441,0.0009577181208053,2,109.73245239257812,55.618934631347656,12.0,68.0,0.2116885416666666,-0.1020305678248405
504,199,132.3324,0.0031729306487695,6,106.38377380371094,57.2248420715332,12.0,65.0,0.2223739583333333,0.126876875758171
505,5,85.6057,0.0,0,111.3527603149414,56.93328475952149,13.0,67.0,0.2163890625,-0.1156013458967208
505,9,304.2269,0.0,4,107.06348419189452,56.19153594970703,12.0,66.0,0.2208078125,0.019987491890788
505,14,282.4118,0.0001234899328859,4,101.1581802368164,55.79494857788086,10.0,60.0,0.2497375,0.1873504966497421
505,36,339.4175,2.237136465324385e-07,3,109.52749633789062,56.10616302490234,12.0,68.0,0.2153817708333333,-0.0751606300473213
505,65,63.4032,1.7002237136465325e-05,5,103.7516860961914,55.13383483886719,11.0,64.0,0.2253473958333333,0.0831309556961059
505,86,8.4287,0.0,0,106.92619323730467,54.77519989013672,12.0,67.0,0.21704375,-0.0378603562712669
505,94,295.9414,6.510067114093959e-05,10,101.34383392333984,55.01115798950195,10.0,60.0,0.2496276041666666,0.135682463645935
505,128,116.5515,0.0007800894854586,0,106.23905181884766,55.90857696533203,12.0,65.0,0.230825,-0.0097598945721983
505,137,52.0957,0.0008606263982102,0,107.1847686767578,56.37787628173828,12.0,66.0,0.2176651041666666,0.0245553068816661
505,158,100.9851,0.0,0,111.76234436035156,57.2230339050293,12.0,67.0,0.2160390625,-0.1265771687030792
505,177,59.0861,0.0,0,117.1572494506836,59.79012680053711,14.0,72.0,0.193834375,-0.1203731372952461
505,192,271.8925,0.0032355704697986,1,116.79621887207033,60.81114196777344,14.0,71.0,0.2030505208333333,-0.0922813266515731
506,17,22.5002,0.0015275167785234,2,105.95635223388672,56.28913497924805,11.0,63.0,0.23459375,0.0186097454279661
506,27,7.7826,0.0004442953020134,6,107.44554138183594,56.10895538330078,12.0,66.0,0.21165,0.0158459935337305
506,38,264.1442,0.0002275167785234,0,110.72504425048828,56.6430549621582,12.0,70.0,0.1890359375,-0.0656205862760543
506,46,235.2301,0.0024055928411633,0,103.80902862548828,55.80826950073242,11.0,61.0,0.2435942708333333,0.0878184139728546
506,64,337.2445,0.0008302013422818,8,100.4485855102539,54.57696533203125,10.0,60.0,0.2470375,0.1518504321575164
508,19,156.6398,2.684563758389261e-05,5,101.73777770996094,55.38900375366211,10.0,60.0,0.24855625,0.1179949417710304
508,49,206.1188,0.0008331096196868,15,105.34950256347656,56.30569839477539,11.0,63.0,0.2312010416666666,0.0641511157155036
508,57,157.0678,0.0007581655480984,2,106.8464813232422,56.45124816894531,12.0,63.0,0.23604375,-0.0240527316927909
508,80,328.3219,0.0023064876957494,15,104.88341522216795,56.84288787841797,11.0,61.0,0.2412270833333333,0.0740275084972381
509,2,114.1574,5.369127516778524e-05,10,107.8225555419922,56.60426330566406,11.0,64.0,0.2258328125,-0.0328656956553459
510,3,82.8943,7.38255033557047e-06,0,105.81346130371094,54.99424362182617,11.0,65.0,0.228175,-0.029981518164277
510,15,105.5671,0.0022136465324384,6,104.5752410888672,55.96401977539063,11.0,63.0,0.2410151041666666,0.018451802432537
511,10,11.0016,6.711409395973154e-07,3,111.40548706054688,55.682220458984375,12.0,70.0,0.2054625,-0.1755264848470688
512,10,307.0759,0.0020261744966442,4,105.0003662109375,56.32676315307617,11.0,63.0,0.2379244791666666,0.0611364059150218
512,35,266.5997,0.0026129753914988,3,104.7531967163086,55.03490447998047,11.0,65.0,0.2311875,0.01004717964679
512,57,48.6165,8.948545861297539e-07,3,109.86933135986328,55.65515899658203,12.0,68.0,0.2191375,-0.1259582638740539
512,88,59.9795,9.395973154362418e-06,7,107.82129669189452,55.26608276367188,12.0,67.0,0.2124786458333333,-0.0516327433288097
512,93,254.141,1.7449664429530202e-05,0,105.6014633178711,55.64773941040039,11.0,64.0,0.2296791666666666,0.0356785058975219
512,99,151.6745,0.0020369127516778,1,108.77740478515624,56.64876937866211,12.0,66.0,0.2221578125,-0.0515580773353576
512,112,313.267,0.0,2,115.78369903564452,56.77875900268555,12.0,74.0,0.1950588541666666,-0.266340047121048
513,16,266.5212,2.6845637583892617e-06,8,109.40994262695312,54.41891479492188,12.0,71.0,0.2023119791666666,-0.1348329186439514
513,31,27.6234,0.0012149888143176,5,102.27528381347656,52.29075622558594,10.0,66.0,0.2175145833333333,0.0282875578850507
513,45,222.9085,0.0013082774049217,7,107.5935287475586,53.36345672607422,12.0,68.0,0.2079166666666666,-0.1373821496963501
513,51,146.3494,0.0011087248322147,2,108.52622985839844,55.37847518920898,12.0,68.0,0.2089661458333333,-0.0647640898823738
513,56,316.2144,0.0036409395973154,0,110.5022201538086,56.76738357543945,12.0,66.0,0.2208208333333333,-0.1183211952447891
513,66,116.4519,0.0025881431767337,10,107.4459991455078,54.07188415527344,12.0,68.0,0.2036635416666666,-0.050412006676197
513,83,27.0801,0.0019295302013422,8,105.11053466796876,55.13724136352539,11.0,65.0,0.2283729166666666,-0.0003843468730337
513,100,7.2746,1.3422818791946309e-06,0,116.23440551757812,57.218017578125,14.0,74.0,0.186740625,-0.2298668473958969
513,107,15.1585,0.0029747203579418,4,113.72017669677734,61.22954559326172,12.0,66.0,0.2295104166666666,-0.0386887975037097
513,128,178.0434,0.0013174496644295,7,102.9945068359375,55.398719787597656,11.0,63.0,0.2385578125,0.0999427214264869
513,140,96.7768,1.0290827740492173e-05,0,117.40609741210938,58.37435150146485,14.0,73.0,0.1979072916666666,-0.2505922019481659
513,151,111.3393,4.8993288590604034e-05,0,115.5379867553711,59.72994995117188,12.0,70.0,0.2044145833333333,-0.0922281146049499
513,173,266.4603,0.0019617449664429,7,113.74836730957033,57.422977447509766,12.0,71.0,0.2009723958333333,-0.16691255569458
513,177,215.2532,0.0035586129753914,2,118.63783264160156,59.52458190917969,14.0,71.0,0.20125,-0.2781342267990112
513,182,341.2654,4.832214765100671e-05,0,112.64469146728516,57.27181243896485,12.0,68.0,0.2133822916666666,-0.1717318147420883
514,7,140.8319,1.4541387024608505e-05,2,113.20386505126952,55.54688262939453,12.0,72.0,0.187415625,-0.2114601582288742
514,13,116.0266,4.47427293064877e-07,6,110.75900268554688,54.443321228027344,12.0,71.0,0.1897041666666666,-0.1489010006189346
515,0,147.2688,0.0,0,111.42618560791016,55.50188827514648,12.0,71.0,0.1962666666666666,-0.1412766128778457
515,10,125.8326,0.0034085011185682,8,109.02788543701172,54.66991424560547,12.0,71.0,0.2006453125,-0.0739317461848259
515,14,256.5403,0.0,0,114.8940658569336,56.2265739440918,12.0,74.0,0.1884442708333333,-0.2206415981054306
516,1,159.0899,6.353467561521253e-05,5,110.3375473022461,55.43159484863281,12.0,70.0,0.1987864583333333,-0.1008405536413192
516,4,90.2762,4.47427293064877e-07,3,110.6669464111328,54.9748649597168,12.0,70.0,0.1950197916666666,-0.1364974081516266
516,6,259.5879,0.0,0,113.84636688232422,55.57183456420898,12.0,73.0,0.18373125,-0.2366858571767807
517,1,24.9518,2.6845637583892617e-06,11,108.37442016601562,54.27550506591797,11.0,68.0,0.1948208333333333,-0.0629474818706512
517,14,14.0162,0.003362639821029,0,112.50926971435548,56.82590866088867,12.0,70.0,0.19105,-0.1055904924869537
517,28,302.0564,0.0020458612975391,1,101.36936950683594,53.15685272216797,10.0,64.0,0.2270848958333333,0.144761860370636
517,44,298.5428,0.001648769574944,7,100.00146484375,52.25665664672852,9.0,63.0,0.2273536458333333,0.1253582090139389
517,78,297.0899,0.003503803131991,5,104.7233428955078,55.67115020751953,11.0,64.0,0.2179145833333333,0.1076035425066948
517,86,216.2816,0.0001192393736017,5,104.7090835571289,53.93447113037109,10.0,67.0,0.2016203125,0.0440967679023742
517,93,59.0756,0.0037131991051454,12,108.79071807861328,55.2788200378418,11.0,67.0,0.2051682291666666,-0.0881558209657669
517,97,179.2537,2.706935123042505e-05,5,101.61296844482422,54.97734451293945,10.0,60.0,0.2442479166666666,0.1185235530138015
517,114,171.315,0.00221096196868,0,104.00764465332033,54.1179084777832,10.0,66.0,0.2103640625,0.0654802396893501
517,121,2.8289,0.0023366890380313,3,112.79803466796876,55.51495361328125,12.0,72.0,0.1906895833333333,-0.218017041683197
517,123,240.9832,0.0012136465324384,0,109.5825653076172,55.66808319091797,11.0,68.0,0.2021604166666666,-0.0778181925415992
517,129,59.6295,6.487695749440716e-06,1,105.97626495361328,55.93133163452149,11.0,66.0,0.21064375,0.0984267070889473
517,138,266.4281,0.0019017897091722,6,107.07571411132812,55.37175369262695,11.0,66.0,0.2151286458333333,-0.0002316148311365
517,144,94.5077,2.61744966442953e-05,1,102.6832504272461,54.02764129638672,10.0,65.0,0.2154166666666666,0.1348164975643158
517,164,352.1188,0.0006747203579418,3,106.63148498535156,54.326393127441406,11.0,67.0,0.2114177083333333,-0.0421610698103904
517,174,313.5897,0.000448769574944,6,100.05833435058594,52.27914810180664,9.0,64.0,0.2233036458333333,0.1062360554933548
517,179,17.2456,3.89261744966443e-05,4,104.12564086914062,53.57290267944336,10.0,66.0,0.2175411458333333,-0.0007843222119845
517,190,209.9191,0.0028078299776286,10,107.41425323486328,53.62692642211914,11.0,68.0,0.2037244791666666,-0.1014907956123352
517,193,24.6787,0.0037389261744966,2,109.3896026611328,55.44974899291992,11.0,68.0,0.2107703125,-0.1199030056595802
517,196,251.1907,6.711409395973154e-07,0,108.26317596435548,55.118106842041016,11.0,67.0,0.2081765625,-0.1026076823472976
518,2,190.5426,0.0,1,113.07039642333984,55.57723236083984,11.0,73.0,0.1868901041666666,-0.240231841802597
518,6,48.1135,0.0035532438478747,6,107.91123962402344,54.409324645996094,11.0,67.0,0.209678125,-0.1239209845662117
518,8,196.2823,2.237136465324385e-07,0,107.9618682861328,54.31145477294922,11.0,67.0,0.2096953125,-0.1158982217311859
518,16,109.1113,0.0,0,112.96019744873048,55.796871185302734,11.0,72.0,0.1900723958333333,-0.2251757532358169
518,22,96.7409,0.0016796420581655,9,103.49983215332033,55.09247589111328,10.0,63.0,0.2258526041666666,0.0721743628382682
519,5,230.3545,7.38255033557047e-06,6,101.29241943359376,55.828224182128906,10.0,59.0,0.2550739583333333,0.1325028240680694
519,19,96.8952,0.0001823266219239,5,103.98431396484376,53.987586975097656,10.0,65.0,0.2109708333333333,0.0231934059411287
519,37,229.7907,4.47427293064877e-07,6,109.14347839355467,55.099388122558594,11.0,70.0,0.1971114583333333,-0.104370467364788
519,43,83.7563,0.0003548098434004,2,105.57791137695312,56.8946418762207,11.0,63.0,0.2379614583333333,0.0547733642160892
519,68,181.9453,7.0917225950783e-05,8,98.92838287353516,55.79734802246094,9.0,58.0,0.2605723958333333,0.1953829228878021
519,84,27.5135,0.00178322147651,0,102.86209869384766,54.4721908569336,10.0,63.0,0.2363401041666666,0.0299949795007705
519,90,92.3827,0.0017107382550335,0,103.92587280273438,53.30177688598633,10.0,66.0,0.2146723958333333,-0.0082800360396504
519,99,293.6918,0.0036519015659955,2,98.91131591796876,52.00970458984375,9.0,63.0,0.2274255208333333,0.1508857011795044
519,112,305.5781,0.0002069351230425,4,109.91699981689452,55.05698776245117,11.0,72.0,0.1895911458333333,-0.0785629972815513
519,118,66.5543,0.0002393736017897,0,106.26734161376952,56.01773071289063,11.0,65.0,0.2230604166666666,0.0045346249826252
519,125,317.4265,0.0,0,114.02914428710938,56.0800895690918,12.0,73.0,0.1832151041666666,-0.2293985933065414
519,131,114.7761,0.0,0,114.2161865234375,56.949405670166016,12.0,71.0,0.1922796875,-0.2206543385982513
519,146,108.8627,7.38255033557047e-06,0,102.48796844482422,52.9759635925293,10.0,65.0,0.2154276041666666,0.0467721410095691
519,177,151.5811,0.0003279642058165,10,102.19871520996094,56.00135040283203,10.0,61.0,0.2386932291666666,0.1498343795537948
519,191,342.5882,0.0,2,111.45220947265624,55.77211380004883,11.0,71.0,0.1962963541666666,-0.1618477553129196
519,204,182.708,0.0,1,113.4880828857422,55.479339599609375,12.0,74.0,0.179746875,-0.2344057410955429
520,2,247.2789,4.47427293064877e-07,1,112.5692367553711,57.52388000488281,11.0,68.0,0.2074088541666666,-0.1921317726373672
521,0,77.3765,0.0007096196868008,8,110.33413696289062,55.99097442626953,11.0,72.0,0.1872526041666666,-0.1044492125511169
521,10,117.5831,0.0013214765100671,0,107.21532440185548,58.62494659423828,11.0,59.0,0.2515265625,-0.0293147955089807
521,50,106.8609,0.0026642058165548,0,104.88575744628906,53.86392593383789,11.0,65.0,0.219671875,-0.0674982815980911
522,8,274.659,0.0012445190156599,2,115.30470275878906,57.56528091430664,12.0,73.0,0.1935494791666666,-0.260366141796112
525,4,173.4651,0.0,0,118.49026489257812,58.539363861083984,12.0,74.0,0.1845005208333333,-0.3457750678062439
526,0,12.6657,4.519015659955257e-05,4,114.3471450805664,58.92918014526367,11.0,71.0,0.1994265625,-0.1969699263572693
526,7,178.6332,2.237136465324385e-07,0,116.8651351928711,59.97633743286133,11.0,70.0,0.2103203125,-0.2710456550121307
526,11,329.4826,1.3422818791946309e-06,0,114.90536499023438,57.94169616699219,11.0,73.0,0.193403125,-0.2372459471225738
526,15,185.6381,5.1454138702460855e-06,0,117.92383575439452,59.818729400634766,11.0,77.0,0.1946286458333333,-0.2401630878448486
526,20,245.7957,2.237136465324385e-07,0,118.28130340576172,58.65909576416016,11.0,77.0,0.1854432291666666,-0.3032398223876953
526,31,153.6771,2.237136465324385e-07,0,123.23542022705078,61.11311340332031,12.0,77.0,0.1873354166666666,-0.4028747975826263
526,38,149.0404,0.0,0,117.2961654663086,57.84511947631836,11.0,79.0,0.1722572916666666,-0.3001554310321808
526,53,208.5127,6.107382550335571e-05,10,101.4649658203125,54.01733016967773,9.0,65.0,0.217865625,0.0817714482545852
526,90,93.2213,0.0015961968680089,0,109.89718627929688,57.28197860717773,10.0,72.0,0.1926583333333333,-0.0096957758069038
526,97,92.8753,0.0003615212527964,12,106.79757690429688,56.88435363769531,10.0,70.0,0.2016421875,0.0939090922474861
527,9,154.8607,0.0001628635346756,10,107.88948059082033,58.934818267822266,10.0,65.0,0.2280145833333333,0.0420546345412731
530,3,70.2505,0.0026127516778523,0,106.53654479980467,54.20052719116211,10.0,72.0,0.1974588541666666,-0.0667914152145385
530,11,163.2122,3.131991051454139e-06,0,108.52146911621094,55.23265838623047,10.0,73.0,0.19474375,-0.0927849411964416
534,4,228.9869,0.0003749440715883,1,110.94468688964844,56.74897003173828,11.0,71.0,0.2081666666666666,-0.0687707066535949
534,12,116.2753,6.711409395973154e-07,0,105.55609130859376,55.38911437988281,11.0,68.0,0.2087828125,0.0632983669638633
535,13,33.5193,0.0003116331096196,0,104.07945251464844,55.36930465698242,10.0,68.0,0.2121671875,0.1302146762609481
541,3,19.0365,0.0003008948545861,1,102.0596923828125,55.47623443603516,10.0,64.0,0.2312546875,0.1459579914808273
541,6,148.1739,0.0005805369127516,7,104.34703063964844,54.39430618286133,10.0,67.0,0.2156234375,0.034719742834568
541,18,182.7159,0.0005894854586129,5,111.3677978515625,56.2763900756836,11.0,73.0,0.2029177083333333,-0.1475898623466491
544,11,267.2855,0.0008854586129753,0,106.9361801147461,55.04598236083984,11.0,66.0,0.2205307291666666,-0.0702918320894241
544,13,204.8674,4.47427293064877e-07,0,106.178955078125,54.94159698486328,11.0,66.0,0.2256640625,-0.0369802825152874
545,28,279.5871,0.0009583892617449,0,99.75659942626952,55.11395263671875,9.0,61.0,0.2430296875,0.187905415892601
545,73,218.0241,0.0009328859060402,3,95.06797790527344,53.7696418762207,8.0,58.0,0.2607760416666667,0.3279085457324981
545,83,39.1197,1.812080536912752e-05,2,104.50072479248048,55.42811965942383,10.0,68.0,0.2111453125,0.1250466704368591
545,108,172.694,0.0002017897091722,0,107.2067642211914,55.95908737182617,11.0,70.0,0.2132619791666666,0.0229712910950183
545,123,163.2627,0.0014780760626398,6,104.96751403808594,56.77834701538086,10.0,64.0,0.2298942708333333,0.1199137717485427
545,153,33.7173,2.460850111856824e-05,0,108.36630249023438,56.01855850219727,11.0,71.0,0.20466875,-0.0362562164664268
545,169,138.0524,5.92841163310962e-05,0,97.7883758544922,54.716983795166016,8.0,59.0,0.25420625,0.2503149509429931
545,170,219.2843,0.001082774049217,0,98.0092315673828,54.43481063842773,8.0,60.0,0.2481385416666666,0.2474542707204818
545,172,249.0105,6.711409395973154e-07,2,98.37971496582033,54.61030197143555,8.0,60.0,0.2465661458333333,0.2359138131141662
545,177,295.6193,0.0001456375838926,1,102.94642639160156,54.72468566894531,9.0,65.0,0.22558125,0.0828107595443725
545,180,193.2497,0.0008460850111856,7,106.19114685058594,55.16160202026367,10.0,66.0,0.2190697916666666,-0.027777474373579
548,3,53.9883,2.416107382550336e-05,2,106.8616714477539,56.877471923828125,11.0,64.0,0.2326375,-0.0167517028748989
548,22,215.2042,8.948545861297539e-07,0,112.30520629882812,55.27043914794922,11.0,77.0,0.1777010416666666,-0.2090174108743667
548,114,332.2759,6.196868008948547e-05,1,108.74935913085938,55.2590217590332,12.0,70.0,0.1991104166666666,-0.050838503986597
548,115,349.2175,4.47427293064877e-07,0,109.69293212890624,55.7381477355957,12.0,68.0,0.2063661458333333,-0.0916041508316993
548,122,116.9085,0.0011821029082774,2,108.75409698486328,57.51193237304688,11.0,67.0,0.2188885416666666,0.032258354127407
548,153,79.6472,1.1185682326621925e-06,11,101.40428924560548,55.058387756347656,10.0,63.0,0.2325973958333333,0.1808092147111892
548,156,217.6565,0.0001232662192393,0,106.07160949707033,56.661399841308594,11.0,65.0,0.2255479166666666,0.0822964385151863
548,163,95.5701,0.0034404921700223,8,105.97283172607422,56.04646682739258,11.0,66.0,0.2216416666666666,0.0830387026071548
549,14,299.5213,1.208053691275168e-05,18,98.99113464355467,55.38247680664063,9.0,58.0,0.2594015625,0.2203029245138168
550,1,58.0053,0.0033557046979865,12,105.6568832397461,56.5626335144043,11.0,60.0,0.2478916666666666,0.0420607179403305
550,33,233.8943,0.0016548098434004,7,115.27387237548828,59.98184967041016,12.0,68.0,0.2177166666666666,-0.1535868048667907
552,4,32.3125,0.0005812080536912,1,107.50092315673828,57.92411804199219,11.0,58.0,0.25893125,-0.0262710303068161
552,79,34.1623,0.0016326621923937,0,104.4377670288086,56.82394409179688,10.0,59.0,0.2512557291666666,0.0821123495697975
555,0,42.9709,2.259507829977629e-05,12,100.62576293945312,55.59092330932617,9.0,60.0,0.2475744791666666,0.1830485761165619
555,23,15.5465,0.0023961968680089,2,100.69770050048828,54.70100021362305,9.0,59.0,0.2545255208333333,0.1586470305919647
555,41,241.2273,0.0001100671140939,6,98.443603515625,54.572784423828125,9.0,59.0,0.2540041666666666,0.2244291007518768
555,71,311.8751,0.0030152125279642,12,99.84771728515624,55.22597122192383,9.0,56.0,0.2705354166666666,0.1607541888952255
555,93,125.7272,2.013422818791946e-06,3,97.22325134277344,55.135780334472656,8.0,57.0,0.2672541666666667,0.2906265556812286
555,100,313.0498,0.0028948545861297,4,99.32951354980467,55.26163101196289,9.0,59.0,0.2500078125,0.2325817197561264
555,163,108.6451,2.102908277404922e-05,1,104.12142181396484,56.27165222167969,11.0,61.0,0.2412036458333333,0.118006519973278
557,43,280.8125,1.0514541387024608e-05,12,100.93841552734376,56.97051239013672,9.0,57.0,0.26645625,0.1830825209617614
557,68,95.7167,0.000210514541387,2,99.5183334350586,56.47785186767578,9.0,54.0,0.2759755208333333,0.1792842596769333
559,10,193.3043,0.0004147651006711,4,103.6948471069336,55.51921463012695,10.0,60.0,0.2439359375,0.0337467305362224
565,12,231.3035,8.903803131991052e-05,16,102.39593505859376,55.87024688720703,9.0,60.0,0.2476229166666666,0.095649629831314
565,31,2.336,0.0007977628635346,3,107.07999420166016,57.57607269287109,10.0,60.0,0.2479729166666666,-0.0448956489562988
565,33,326.6322,0.0034067114093959,8,103.60240173339844,56.001075744628906,10.0,60.0,0.2460864583333333,0.0520599074661731
565,37,108.0798,0.0012319910514541,11,105.61471557617188,56.38572692871094,10.0,64.0,0.2353338541666666,0.0058532678522169
565,93,294.422,0.0007467561521252,3,102.88872528076172,57.88253021240234,10.0,57.0,0.2677322916666667,0.1145094409584999
565,96,19.8935,1.5659955257270692e-06,1,104.03438568115234,57.76473617553711,10.0,58.0,0.26220625,0.0763178765773773
565,98,225.4441,0.0010107382550335,8,107.04373931884766,57.05865097045898,10.0,64.0,0.2290963541666666,-0.0091278031468391
565,104,244.9821,4.1834451901566e-05,3,106.81002807617188,57.95705032348633,10.0,60.0,0.244765625,0.0037198981735855
565,126,146.131,0.0002331096196868,0,110.69499969482422,59.98649597167969,11.0,64.0,0.2321234375,-0.0313027016818523
567,2,154.9184,0.0027362416107382,9,103.44951629638672,57.52262496948242,10.0,57.0,0.2609963541666666,0.0728831365704536
492,5,222.14,0.0,0,139.2488250732422,71.62199401855469,16.0,81.0,0.1669010416666666,-0.3247445821762085
492,10,308.0485,0.0,0,139.08352661132812,71.11878967285156,16.0,80.0,0.1741697916666666,-0.3605258166790008
492,20,87.3529,0.0003731543624161,1,123.79220581054688,70.29208374023438,12.0,61.0,0.2437510416666666,-0.096076488494873
493,12,232.4698,0.0014324384787472,8,129.7351837158203,66.19587707519531,15.0,77.0,0.177175,-0.2787801027297973
493,16,25.0459,0.0010615212527964,4,127.41394805908205,66.78253173828125,14.0,71.0,0.1946848958333333,-0.2192062586545944
493,26,96.5264,0.0024583892617449,6,124.01463317871094,63.782691955566406,14.0,75.0,0.1848036458333333,-0.2085240632295608
493,37,254.6756,1.812080536912752e-05,0,122.58110809326172,65.98165893554688,14.0,68.0,0.2139963541666666,-0.1601692736148834
493,45,121.5233,0.0002246085011185,0,116.36598205566406,63.145599365234375,12.0,64.0,0.2297895833333333,-0.0633420795202255
493,58,55.6693,1.2975391498881432e-05,3,122.61734008789062,62.8563117980957,14.0,72.0,0.1927979166666666,-0.2427782118320465
493,92,79.924,0.0030375838926174,2,120.63175964355467,62.22774124145508,13.0,72.0,0.1956927083333333,-0.1955313235521316
493,113,14.8354,1.0514541387024608e-05,7,119.96678161621094,62.59633255004883,13.0,70.0,0.1987265625,-0.1604132801294326
493,117,129.7457,0.0003510067114093,9,119.2083511352539,60.99964141845703,12.0,72.0,0.1926182291666666,-0.2193112522363662
493,124,249.8906,0.0005096196868008,1,114.12114715576172,60.503902435302734,12.0,70.0,0.2077104166666666,-0.0462746173143386
494,1,284.6905,6.487695749440717e-06,0,117.36609649658205,62.24162673950195,12.0,71.0,0.1943380208333333,-0.0711744725704193
494,25,275.8248,2.237136465324385e-07,1,115.97418212890624,62.91896438598633,11.0,66.0,0.223846875,-0.0439289957284927
494,43,119.5941,0.0019331096196868,0,117.47886657714844,64.41644287109375,12.0,65.0,0.22450625,-0.052838671952486
496,0,304.028,0.0,0,123.5537109375,64.7111587524414,14.0,67.0,0.2212380208333333,-0.2893596589565277
496,7,213.1719,1.7897091722595078e-06,9,112.64468383789062,61.617671966552734,12.0,61.0,0.2401734375,-0.0531794428825378
497,2,354.6273,0.0021872483221476,4,115.99384307861328,61.75835418701172,13.0,66.0,0.2214395833333333,-0.1035638973116874
497,13,97.8623,7.606263982102909e-06,2,109.13583374023438,59.28299331665039,12.0,61.0,0.244134375,-0.0451110638678073
497,34,130.5256,0.0001187919463087,0,113.29956817626952,62.86287307739258,12.0,59.0,0.2510859375,-0.0625734776258468
497,70,154.9724,2.460850111856824e-05,0,111.20563507080078,59.386505126953125,12.0,63.0,0.2373890625,-0.0829512476921081
497,98,321.8531,0.0027219239373601,10,110.79655456542967,60.626991271972656,12.0,60.0,0.2471760416666666,-0.025730587542057
497,111,203.7349,6.711409395973154e-07,0,117.49339294433594,60.01293563842773,12.0,71.0,0.2040567708333333,-0.2235100865364074
497,116,320.3898,2.237136465324385e-07,1,114.9211883544922,58.64606475830078,12.0,73.0,0.1947572916666666,-0.1769039034843444
497,124,310.9124,0.0008228187919463,12,110.52184295654295,60.52581024169922,12.0,61.0,0.2442197916666666,-0.0404244065284729
497,136,191.9017,0.0,0,121.94629669189452,61.45514678955078,14.0,73.0,0.1948041666666666,-0.3101445138454437
497,154,50.5059,5.369127516778522e-05,5,115.1141586303711,60.03237915039063,12.0,67.0,0.2107505208333333,-0.1696304380893707
497,161,313.569,5.8165548098434e-06,9,110.49141693115234,57.43634033203125,12.0,66.0,0.2151416666666666,-0.1193738132715225
497,169,272.8498,4.47427293064877e-07,1,120.31514739990234,61.39449691772461,14.0,71.0,0.2096588541666666,-0.2772955894470215
497,174,126.9243,0.0008774049217002,6,113.28838348388672,58.78822326660156,12.0,70.0,0.2133973958333333,-0.1624832302331924
497,191,12.1601,0.002552125279642,11,110.21170043945312,58.10244369506836,12.0,67.0,0.2209546875,-0.0771162584424018
497,197,233.0834,1.9463087248322143e-05,7,107.7341079711914,56.01475143432617,11.0,68.0,0.2056234375,-0.018843937665224
497,204,239.9103,0.0009782997762863,4,115.16094970703124,62.60360336303711,12.0,65.0,0.2232328125,-0.0637053623795509
497,213,340.354,0.0,5,121.4994888305664,61.6614875793457,14.0,73.0,0.2057239583333333,-0.2948168814182281
498,4,113.2114,0.0,0,120.13883972167967,61.38388442993164,14.0,73.0,0.1984119791666666,-0.2258235514163971
499,11,131.4462,0.0008404921700223,11,107.59609985351562,54.878868103027344,12.0,68.0,0.208921875,-0.1013154685497284
501,10,176.027,0.0005082774049217,4,108.3636703491211,58.19096755981445,11.0,64.0,0.232284375,0.029789101332426
501,36,138.7494,0.0019400447427293,11,114.1791534423828,58.62888717651367,12.0,70.0,0.2085265625,-0.1584791988134384
501,88,183.8555,0.0035163310961968,3,115.00446319580078,57.88598251342773,12.0,73.0,0.1936838541666666,-0.145991712808609
501,106,149.0771,0.0018022371364653,2,110.40215301513672,57.06183242797852,12.0,67.0,0.2165239583333333,-0.0853452831506729
501,114,104.2273,0.0005093959731543,4,122.08849334716795,61.37900161743164,14.0,74.0,0.1958161458333333,-0.2706675827503204
501,124,73.5634,0.0,0,122.07014465332033,60.19380569458008,14.0,78.0,0.178953125,-0.2687432169914245
501,134,84.4186,2.237136465324385e-07,0,114.59339904785156,57.27012634277344,12.0,73.0,0.192925,-0.1850635558366775
501,145,13.2808,0.0005178970917225,5,110.38251495361328,56.21419906616211,12.0,68.0,0.2104828125,-0.1145578175783157
501,164,160.5852,0.0020628635346756,2,112.50548553466795,56.84076690673828,12.0,72.0,0.1956109375,-0.123752050101757
501,168,275.644,0.0017859060402684,10,113.4745635986328,56.78434753417969,12.0,73.0,0.1833453125,-0.1056453958153724
501,178,14.4607,0.0002686800894854,4,112.33039855957033,57.785438537597656,12.0,68.0,0.2136520833333333,-0.1497561484575271
501,190,112.535,0.0,2,123.14163208007812,58.36508560180664,14.0,82.0,0.1577625,-0.3889279663562774
501,205,138.6284,0.0019514541387024,11,108.70366668701172,55.21397399902344,11.0,68.0,0.1951927083333333,-0.0594399385154247
501,216,148.4973,0.0,0,116.96917724609376,56.07577133178711,12.0,77.0,0.1721838541666666,-0.3186838626861572
504,5,220.6679,0.0001234899328859,4,107.13086700439452,59.11068344116211,12.0,59.0,0.2533354166666666,0.0314640924334526
504,8,225.3251,1.3870246085011188e-05,0,106.0116729736328,56.73691177368164,12.0,63.0,0.2406270833333333,0.0256848018616437
504,9,200.8303,9.395973154362418e-06,0,104.53878021240234,56.1269760131836,11.0,60.0,0.2457208333333333,0.0398144870996475
504,20,295.2618,0.0007713646532438,6,101.09001922607422,57.79927062988281,10.0,53.0,0.2734427083333333,0.114967755973339
504,38,313.4301,0.0018127516778523,15,99.55734252929688,57.77743911743164,10.0,53.0,0.2892963541666666,0.1932571828365326
504,54,30.6182,0.0001561521252796,0,99.88483428955078,57.341609954833984,10.0,54.0,0.2809739583333333,0.2093873023986816
504,67,257.0796,0.001859284116331,0,95.82658386230467,55.49933624267578,9.0,53.0,0.2907135416666667,0.3097403347492218
504,68,147.5888,0.0031422818791946,0,98.47795104980467,55.53761672973633,9.0,55.0,0.2778927083333333,0.2173218429088592
504,82,171.5911,0.0007805369127516,3,109.01863098144533,57.0,12.0,64.0,0.2315072916666666,-0.058097667992115
504,94,14.3151,5.838926174496644e-05,0,98.63174438476562,56.79032516479492,10.0,54.0,0.2814078125,0.2322289198637008
504,106,317.7676,0.0001080536912751,3,99.84962463378906,56.30377578735352,10.0,56.0,0.2793854166666666,0.1903713494539261
504,116,93.436,0.0011181208053691,10,99.72075653076172,56.11845397949219,10.0,56.0,0.2763770833333333,0.1923077851533889
504,125,44.1642,0.0,1,107.63483428955078,55.72895050048828,12.0,65.0,0.2288473958333333,-0.0491676330566406
504,135,329.675,0.0008091722595078,9,109.46073150634766,56.51548385620117,12.0,67.0,0.2123515625,-0.0479241274297237
504,144,140.2339,4.272930648769576e-05,11,104.27863311767578,57.73454666137695,12.0,57.0,0.2662104166666666,0.0813910588622093
504,164,264.0936,0.0003742729306487,0,105.01266479492188,57.61522674560547,12.0,58.0,0.2572026041666667,0.0497648306190967
504,178,137.7212,8.948545861297539e-07,0,113.72257995605467,57.02488708496094,14.0,71.0,0.2020328125,-0.1733311712741851
504,186,349.5233,0.0009221476510067,7,106.80110168457033,53.902626037597656,12.0,67.0,0.2088401041666666,-0.0561784878373146
504,200,176.9204,1.6107382550335573e-05,5,107.13756561279295,56.88957214355469,12.0,66.0,0.21475,0.1040048971772193
505,5,117.0429,0.0,0,111.11508178710938,56.98192596435547,13.0,67.0,0.2165041666666666,-0.1016300171613693
505,9,350.1861,0.0035302013422818,8,104.3831558227539,55.67471694946289,11.0,64.0,0.2288895833333333,0.0883095785975456
505,15,153.3365,1.2304250559284115e-05,4,105.67308044433594,56.4052848815918,12.0,63.0,0.2330572916666666,0.0573044158518314
505,37,273.1268,0.0006060402684563,2,102.33526611328124,56.11832427978516,11.0,59.0,0.2546411458333333,0.1128260493278503
505,73,341.1273,0.0035664429530201,0,101.4832000732422,54.77717208862305,10.0,61.0,0.2417119791666666,0.1445106565952301
505,86,119.0749,2.9082774049217005e-06,2,107.42078399658205,55.02740097045898,12.0,66.0,0.2188427083333333,-0.0464395061135292
505,101,227.307,0.0001507829977628,5,100.41658020019533,53.09029769897461,10.0,63.0,0.23325,0.1187754720449447
505,129,30.409,0.003041610738255,9,104.43265533447266,55.68819427490234,11.0,63.0,0.2374598958333333,0.0455984137952327
505,138,55.7772,5.100671140939597e-05,0,103.62272644042967,57.24101638793945,11.0,60.0,0.2441151041666666,0.1384685784578323
505,158,167.9227,0.0,0,111.01056671142578,56.839962005615234,12.0,67.0,0.2178973958333333,-0.1211174130439758
505,179,126.4934,0.0018664429530201,0,112.77642822265624,56.922794342041016,12.0,71.0,0.1877307291666666,-0.112490527331829
505,193,310.3129,0.0018067114093959,0,116.27267456054688,60.9205322265625,13.0,70.0,0.2106682291666666,-0.0976088941097259
506,17,60.6593,0.0005944071588366,4,106.1654815673828,56.305423736572266,12.0,63.0,0.2350244791666666,0.0088879466056823
506,28,100.1256,6.532438478747204e-05,0,106.51885223388672,55.2177734375,12.0,67.0,0.2106078125,0.0253252666443586
506,38,318.7403,1.789709172259508e-05,0,110.65682220458984,56.34946823120117,12.0,70.0,0.1868994791666666,-0.0685714483261108
506,46,297.5361,0.0029713646532438,11,102.02944946289062,55.55706787109375,10.0,60.0,0.2464744791666666,0.1443559527397155
506,65,165.5321,0.0021026845637583,7,99.91184997558594,54.71750259399414,10.0,59.0,0.2523484375,0.1595252752304077
508,27,284.7245,2.393736017897092e-05,8,98.75255584716795,54.48051071166992,9.0,60.0,0.2488817708333333,0.2065622359514236
508,54,174.6246,0.0017040268456375,15,104.1572036743164,56.56274032592773,11.0,59.0,0.2517026041666667,0.051271267235279
508,58,16.3948,0.0006266219239373,1,104.19435119628906,56.19663619995117,11.0,60.0,0.2455322916666666,0.0474357232451438
508,82,186.6466,9.395973154362418e-06,3,106.85334777832033,55.9956283569336,11.0,65.0,0.2223583333333333,0.0035740148741751
509,4,325.121,0.0020736017897091,0,108.7403335571289,56.85280227661133,11.0,67.0,0.2085677083333333,-0.0108958231285214
510,3,357.6569,0.0023829977628635,0,104.21942138671876,54.90528106689453,11.0,63.0,0.231415625,0.0314759016036987
510,15,317.1448,0.0,0,109.04309844970705,55.72232818603516,11.0,67.0,0.2150161458333333,-0.1082330271601677
511,10,53.7497,0.002007158836689,0,105.02143096923828,53.49578475952149,11.0,65.0,0.2236276041666666,-0.0400619953870773
512,12,201.8243,5.816554809843401e-06,2,105.92839813232422,56.05198287963867,11.0,64.0,0.2300385416666666,0.0135538624599576
512,36,83.262,0.0029552572706935,5,105.7927474975586,55.785675048828125,12.0,64.0,0.232875,0.0042619886808097
512,57,211.042,0.0029268456375838,8,108.69445037841795,55.38971328735352,12.0,67.0,0.2201822916666666,-0.0936448723077774
512,90,29.9219,3.131991051454139e-06,0,110.0960464477539,57.29960250854492,12.0,68.0,0.2147166666666666,-0.0560260936617851
512,94,268.2179,0.0004098434004474,0,103.66197967529295,55.39033889770508,11.0,63.0,0.2396677083333333,0.0430494025349617
512,104,223.8903,6.39821029082774e-05,8,102.82228088378906,54.93302154541016,11.0,63.0,0.2342536458333333,0.1490142494440078
512,113,168.6568,0.0,0,115.42288970947266,56.53520202636719,12.0,74.0,0.1941770833333333,-0.2618262767791748
513,17,227.7734,0.0031590604026845,9,102.52428436279295,52.49467849731445,10.0,65.0,0.2247875,-0.0025760163553059
513,40,350.1481,1.3422818791946309e-06,0,111.82601928710938,56.7392578125,12.0,68.0,0.2086239583333333,-0.1309965401887893
513,48,174.3366,0.0004147651006711,3,105.715576171875,54.63540649414063,11.0,65.0,0.2255984375,-0.0177890080958604
513,52,110.9944,0.0026908277404921,12,105.09725952148438,52.508487701416016,11.0,68.0,0.1995796875,-0.0160317737609148
513,57,131.1326,7.38255033557047e-06,0,112.10033416748048,55.88523864746094,12.0,70.0,0.2073578125,-0.1795662641525268
513,69,83.339,0.003310514541387,0,113.2045440673828,57.58155059814453,12.0,68.0,0.2107572916666666,-0.1512084603309631
513,83,190.8238,1.1185682326621925e-05,0,105.2887725830078,54.89495086669922,11.0,65.0,0.2268776041666666,-0.0005497647216543
513,102,133.0507,0.0003046979865771,1,113.8948974609375,57.56004333496094,13.0,68.0,0.208203125,-0.1763014942407608
513,107,220.0372,2.371364653243848e-05,0,115.45147705078124,61.9671745300293,13.0,66.0,0.227215625,-0.0560581907629966
513,129,41.6199,0.0023060402684563,8,101.78697204589844,54.52995681762695,10.0,63.0,0.2388369791666666,0.118381567299366
513,140,152.2406,1.7225950782997762e-05,0,117.6491470336914,58.57429122924805,14.0,73.0,0.197371875,-0.2467753291130066
513,156,253.9215,4.1387024608501125e-05,8,108.36019134521484,56.610145568847656,12.0,65.0,0.2211223958333333,-0.0395453050732612
513,174,200.226,3.579418344519016e-06,6,117.88755798339844,59.83462524414063,14.0,70.0,0.2011854166666666,-0.2072800248861313
513,178,312.6778,0.0005234899328859,2,119.37979888916016,60.71400833129883,14.0,70.0,0.2013744791666666,-0.2426821291446685
513,183,82.9771,0.0008675615212527,1,111.89774322509766,57.05064010620117,12.0,70.0,0.2053270833333333,-0.0836525559425354
514,9,154.791,1.5659955257270692e-06,7,110.3547134399414,54.229923248291016,12.0,70.0,0.1946364583333333,-0.1720921993255615
514,14,64.6309,1.3422818791946309e-06,3,111.10997009277344,54.464786529541016,12.0,71.0,0.1884541666666666,-0.1680555343627929
515,0,229.3214,1.3422818791946309e-06,10,107.5693130493164,54.50868606567383,12.0,67.0,0.2129927083333333,-0.036929253488779
515,10,251.3314,4.47427293064877e-07,0,112.67796325683594,55.7651252746582,12.0,72.0,0.1941421875,-0.1684358268976211
515,14,333.7268,0.0,0,114.30448150634766,56.2502326965332,12.0,73.0,0.1937953125,-0.1808263957500457
516,1,257.614,4.876957494407159e-05,9,109.28386688232422,54.20357131958008,12.0,70.0,0.1970432291666666,-0.1009359359741211
516,4,186.0328,0.0009302013422818,12,106.34131622314452,53.30171585083008,11.0,67.0,0.2044145833333333,-0.0422477573156356
516,6,297.0349,2.237136465324385e-07,1,114.02848052978516,55.58496856689453,12.0,73.0,0.1829953125,-0.2397947758436203
517,1,214.3424,3.355704697986578e-06,1,104.29110717773438,52.84371566772461,11.0,67.0,0.2047333333333333,0.0274257697165012
517,14,313.6429,1.45413870246085e-05,5,106.0374755859375,53.20279693603516,11.0,68.0,0.1999494791666666,-0.0347100831568241
517,30,28.2251,0.0035429530201342,14,102.15911865234376,52.75191116333008,10.0,65.0,0.2228802083333333,0.043079137802124
517,47,124.6025,0.0033749440715883,2,101.60638427734376,53.88531494140625,10.0,63.0,0.2267692708333333,0.1312781870365142
517,81,157.2773,0.001131096196868,8,102.6186065673828,54.74049758911133,10.0,63.0,0.22804375,0.1151965036988258
517,86,284.8853,0.0037154362416107,11,102.6566162109375,54.17121505737305,10.0,65.0,0.2121442708333333,0.1112443804740905
517,94,21.3542,0.0,0,114.33952331542967,55.94026184082031,12.0,73.0,0.1843494791666666,-0.247562438249588
517,97,231.3423,0.00025548098434,8,99.3354721069336,55.47181701660156,9.0,58.0,0.2621421875,0.1897884458303451
517,116,189.4235,0.0,3,113.49728393554688,55.64634704589844,12.0,72.0,0.1865234375,-0.2348010838031768
517,121,302.6922,0.0,0,113.0190658569336,55.54772186279297,12.0,72.0,0.1904489583333333,-0.2228564321994781
517,125,46.4786,0.0,0,110.6941909790039,56.38225173950195,11.0,67.0,0.2066244791666666,-0.1077242791652679
517,129,227.9385,4.921700223713648e-06,2,106.68553161621094,56.11430358886719,11.0,67.0,0.2055921875,0.0778520926833152
517,138,299.9464,0.0017409395973154,9,106.8894500732422,55.148902893066406,11.0,66.0,0.2169307291666666,-0.0028292336501181
517,157,222.6832,1.3870246085011188e-05,4,102.73833465576172,52.608646392822266,10.0,67.0,0.2051505208333333,0.0782499462366104
517,165,137.7595,0.0003129753914988,9,105.779296875,54.48525238037109,11.0,66.0,0.2176963541666666,-0.011648092418909
517,175,35.5433,0.0016988814317673,1,100.113037109375,52.26998901367188,9.0,65.0,0.2210427083333333,0.1048628166317939
517,179,147.3321,2.5503355704697986e-05,12,105.98833465576172,53.88941192626953,11.0,67.0,0.2114901041666666,-0.0376462079584598
517,190,299.658,0.0013248322147651,7,107.43635559082033,53.59368133544922,11.0,68.0,0.203071875,-0.1042966097593307
517,193,121.5676,4.47427293064877e-07,4,109.01074981689452,55.234474182128906,11.0,68.0,0.2113661458333333,-0.1093447655439376
517,196,314.2664,0.0013807606263982,17,106.55304718017578,55.23810195922852,11.0,65.0,0.2221328125,-0.0576010011136531
518,2,233.0578,0.0019478747203579,2,109.79364776611328,55.13439178466797,11.0,70.0,0.2025447916666666,-0.151615709066391
518,6,93.078,0.0028738255033557,13,106.88115692138672,54.06163787841797,11.0,67.0,0.2115130208333333,-0.0936852395534515
518,8,252.0946,0.0,0,108.13815307617188,54.108028411865234,11.0,68.0,0.205853125,-0.1308080852031707
518,16,154.8586,0.0,0,113.03749084472656,55.8344955444336,11.0,72.0,0.19015625,-0.2279239892959594
518,22,311.0094,0.0025505592841163,6,100.9910659790039,56.16658020019531,9.0,59.0,0.2565223958333333,0.1402674615383148
519,5,325.3479,0.0023863534675615,6,99.72730255126952,56.25554275512695,9.0,56.0,0.2682854166666666,0.1662089079618454
519,19,177.0271,0.0002297539149888,11,104.03448486328124,54.10813903808594,10.0,65.0,0.2138286458333333,0.0202400833368301
519,37,341.7891,0.0006272930648769,0,109.0043716430664,55.0662727355957,11.0,70.0,0.1976307291666666,-0.0954179242253303
519,55,73.4921,2.8187919463087248e-05,8,100.68274688720705,55.807498931884766,10.0,60.0,0.2459416666666666,0.1967540234327316
519,78,235.057,0.0015181208053691,0,105.71814727783205,54.13286972045898,11.0,67.0,0.2033046875,-0.0120991254225373
519,84,212.2921,0.0002116331096196,8,103.58068084716795,54.16188430786133,10.0,64.0,0.2274807291666666,0.0219580624252557
519,90,159.8025,0.0032682326621923,0,101.65149688720705,53.41036224365234,9.0,63.0,0.2273234375,0.0709013044834137
519,100,171.5709,0.0019158836689038,0,99.00626373291016,51.84113693237305,9.0,64.0,0.2205213541666666,0.1533709019422531
519,113,23.1492,0.0004127516778523,0,112.90618896484376,56.25011444091797,11.0,73.0,0.1878848958333333,-0.1731977462768554
519,118,296.4666,4.541387024608501e-05,2,105.10323333740234,55.37243270874024,11.0,65.0,0.2229244791666666,0.0173586979508399
519,126,213.524,0.0,0,114.33391571044922,56.21503448486328,12.0,73.0,0.1818859375,-0.2353572994470596
519,131,335.2397,0.0,0,112.76896667480467,55.80712890625,12.0,71.0,0.1890192708333333,-0.2123821079730987
519,149,17.7991,0.0017158836689038,2,107.58291625976562,55.8134880065918,11.0,65.0,0.2181375,-0.0106302592903375
519,177,274.6082,8.948545861297539e-07,11,103.13385009765624,56.08522033691406,10.0,64.0,0.2314484375,0.1102218553423881
519,192,189.6993,6.711409395973154e-07,0,111.08808135986328,55.35837936401367,11.0,71.0,0.1937796875,-0.1598835289478302
519,205,93.1979,0.0020192393736017,9,106.4679718017578,55.38752746582031,11.0,66.0,0.220521875,-0.0362102799117565
520,3,5.8207,6.487695749440716e-06,0,113.16299438476562,57.68062973022461,11.0,68.0,0.2081557291666666,-0.2067686468362808
521,0,248.82,0.0002628635346756,5,107.14830017089844,56.59893798828125,11.0,66.0,0.2208447916666666,-0.0241967514157295
521,12,163.3287,0.0003091722595078,0,107.17049407958984,56.401981353759766,11.0,63.0,0.2296203125,-0.0625668093562126
521,50,248.5848,0.0020252796420581,3,102.23809814453124,53.74683380126953,10.0,66.0,0.2207244791666666,0.0655371844768524
522,9,108.3261,0.0,0,116.49519348144533,56.32607650756836,12.0,77.0,0.1744817708333333,-0.342157781124115
525,6,200.8155,0.0,1,117.8205337524414,58.10452651977539,11.0,75.0,0.1805786458333333,-0.3533263504505157
526,3,18.4366,0.0,0,119.37283325195312,58.50215530395508,11.0,82.0,0.1693067708333333,-0.2892721891403198
526,8,187.7448,0.0036183445190156,0,115.827392578125,56.94829177856445,11.0,78.0,0.1769911458333333,-0.301215797662735
526,12,46.5332,0.0,3,116.70600128173828,60.07865905761719,11.0,71.0,0.2043692708333333,-0.2413256764411926
526,16,75.9926,5.838926174496645e-05,0,116.82966613769533,59.807525634765625,11.0,71.0,0.2030505208333333,-0.2447452396154403
526,24,53.6186,0.0,1,120.6939697265625,59.9986457824707,12.0,78.0,0.1805546875,-0.3199129700660705
526,31,225.6234,0.0,0,123.27677154541016,61.12260818481445,12.0,77.0,0.1874484375,-0.4046799838542938
526,39,30.2858,4.47427293064877e-07,0,122.06763458251952,60.63481140136719,12.0,78.0,0.1874447916666666,-0.3839915990829468
526,70,90.9093,0.0017953020134228,2,109.37291717529295,59.139198303222656,10.0,67.0,0.2125447916666666,0.0482272244989872
526,93,88.6775,0.0028823266219239,5,112.55003356933594,58.43381881713867,11.0,73.0,0.1913583333333333,-0.0567379891872406
526,97,193.2211,1.1185682326621926e-05,10,105.15961456298828,56.90875625610352,10.0,67.0,0.2157833333333333,0.1484572738409042
527,10,135.1229,0.0023539149888143,5,108.34786987304688,59.17147445678711,11.0,65.0,0.2247578125,0.0546697936952114
530,3,351.3044,0.0026991051454138,2,107.13819122314452,55.07564163208008,10.0,71.0,0.1991119791666666,-0.0511338263750076
530,16,307.384,2.0357941834451905e-05,0,117.85069274902344,60.301082611083984,11.0,74.0,0.2010088541666666,-0.2709401845932007
534,4,298.1121,9.395973154362418e-05,0,112.20628356933594,57.07991409301758,11.0,73.0,0.2006973958333333,-0.1278471797704696
534,13,68.8094,0.0004680089485458,0,107.70087432861328,55.66831588745117,11.0,72.0,0.2017807291666666,0.0280013866722583
535,13,149.7996,0.0007136465324384,4,103.84815216064452,55.61867141723633,10.0,67.0,0.2142197916666666,0.1596546620130539
541,3,99.329,1.6107382550335573e-05,7,101.73731994628906,55.49224090576172,10.0,63.0,0.2330588541666666,0.1546984165906906
541,6,229.9919,0.0018192393736017,6,101.08415985107422,54.403804779052734,9.0,65.0,0.2219510416666666,0.1723436117172241
541,19,91.6648,0.0009353467561521,2,110.16802978515624,55.86370086669922,11.0,72.0,0.2021645833333333,-0.1123396530747413
544,12,164.5594,0.0006695749440715,0,109.7479476928711,56.56486892700195,11.0,67.0,0.22184375,-0.1192774847149849
544,13,226.2264,4.47427293064877e-07,0,105.80403900146484,54.7980842590332,11.0,66.0,0.2261166666666666,-0.031278658658266
545,29,7.3244,0.0020076062639821,5,96.57091522216795,54.5675048828125,8.0,59.0,0.2552739583333333,0.2879183888435364
545,74,222.1741,0.0023154362416107,2,97.28504943847656,54.18013381958008,8.0,60.0,0.2471885416666666,0.2530755698680877
545,83,149.1167,2.953020134228188e-05,0,104.16513061523438,55.56013107299805,10.0,67.0,0.2177619791666666,0.1230235919356346
545,108,216.7789,0.0002953020134228,4,108.5978546142578,56.44596481323242,11.0,72.0,0.2072723958333333,0.0057572494260966
545,124,170.508,2.237136465324385e-07,0,103.78285217285156,54.70762252807617,10.0,65.0,0.2312963541666666,0.0440900847315788
545,153,251.4857,0.0,0,107.71096801757812,55.00424575805664,10.0,72.0,0.1970864583333333,-0.0239678975194692
545,169,190.6128,0.0005747203579418,5,97.90554809570312,54.69915771484375,8.0,59.0,0.2535151041666666,0.2474238127470016
545,170,281.858,0.000959284116331,10,98.61209106445312,54.62482452392578,8.0,60.0,0.2459765625,0.2310887277126312
545,174,66.2075,0.0018060402684563,1,98.24830627441406,54.64377975463867,8.0,59.0,0.2506901041666666,0.2401176840066909
545,178,75.6688,2.8635346756152125e-05,1,102.69656372070312,54.73409652709961,9.0,64.0,0.2268473958333333,0.0909461602568626
546,1,139.4852,0.0005519015659955,3,107.36668395996094,55.39894104003906,11.0,71.0,0.2118125,0.0443059690296649
548,3,185.4327,0.0031995525727069,9,108.0721664428711,57.6889877319336,11.0,65.0,0.2307671875,-0.0104987546801567
548,86,9.948,0.0011178970917225,1,108.09632873535156,58.42877960205078,12.0,65.0,0.227221875,0.1058233529329299
548,115,49.633,0.0,0,109.86658477783205,56.12601852416992,12.0,70.0,0.2026729166666666,-0.0515018440783023
548,116,37.3689,3.355704697986577e-05,0,109.95330047607422,55.89318084716797,12.0,68.0,0.2058765625,-0.0948384031653404
548,127,303.5255,1.1185682326621925e-05,0,108.04933166503906,57.469722747802734,12.0,66.0,0.2226307291666666,0.0608613081276416
548,153,93.7568,0.0035874720357941,13,98.50318908691406,55.16767120361328,9.0,60.0,0.2464869791666666,0.2798296809196472
548,157,24.2463,0.0016859060402684,2,107.0885772705078,56.13299179077149,11.0,66.0,0.2192494791666666,0.0383393317461013
549,3,140.1574,0.0033217002237136,0,103.61286926269533,57.0859260559082,11.0,60.0,0.2458989583333333,0.1437912136316299
549,15,207.2814,0.0002720357941834,4,106.07626342773438,56.39428329467773,11.0,61.0,0.24058125,0.0285114925354719
550,1,216.1411,0.0011800894854586,5,104.86588287353516,55.29336166381836,11.0,63.0,0.237403125,0.0558335669338703
550,36,47.6543,0.0004248322147651,12,115.40003967285156,60.03017807006836,12.0,67.0,0.219975,-0.1864124238491058
552,7,69.0065,0.0015067114093959,0,108.8616180419922,58.0225715637207,11.0,65.0,0.2283552083333333,0.0122156776487827
552,87,194.2457,0.0009147651006711,7,98.87005615234376,56.23655319213867,9.0,56.0,0.2734041666666666,0.243275836110115
555,6,145.3981,0.0002961968680089,6,101.09022521972656,55.64664840698242,10.0,56.0,0.2745619791666667,0.1175547391176223
555,26,49.645,0.0020809843400447,12,98.5019989013672,55.04838562011719,9.0,58.0,0.2580010416666666,0.2812202572822571
555,41,280.5668,7.404921700223712e-05,6,97.7393569946289,54.39262771606445,8.0,59.0,0.2559598958333333,0.249905526638031
555,76,97.9156,0.0017680089485458,16,96.6517562866211,56.27592849731445,8.0,56.0,0.2805223958333333,0.3146925866603851
555,93,226.7002,4.250559284116331e-06,7,97.24058532714844,55.00213241577149,8.0,58.0,0.2660375,0.2914173901081085
555,101,318.6394,0.0037586129753914,1,98.0776824951172,54.67097091674805,9.0,58.0,0.2618489583333333,0.2427480220794677
555,164,317.2009,7.15883668903803e-05,4,101.4944305419922,56.26840972900391,10.0,59.0,0.2533786458333333,0.1849613487720489
557,44,144.8747,0.0013914988814317,11,99.59070587158205,56.7614631652832,9.0,57.0,0.2720395833333333,0.2220256626605987
557,68,331.3301,0.0017608501118568,3,102.28050231933594,56.144527435302734,9.0,59.0,0.2506791666666667,0.1133909076452255
559,11,318.3236,0.0016440715883668,4,103.93643188476562,55.7808723449707,10.0,61.0,0.2380354166666666,0.0436388961970806
565,22,191.6919,8.7248322147651e-05,7,103.54993438720705,56.61616516113281,10.0,58.0,0.2582130208333333,0.0395101271569728
565,31,16.8996,0.0034633109619686,6,107.11695098876952,57.56766891479492,10.0,60.0,0.2480536458333333,-0.049339935183525
565,33,355.2511,0.0022944071588366,0,103.80712127685548,55.89093780517578,10.0,61.0,0.2430421875,0.0469251945614814
565,39,82.1015,0.0008624161073825,1,105.1342315673828,56.76961135864258,10.0,62.0,0.2399171875,0.0071214204654097
565,93,327.8858,0.0002715883668903,1,105.90181732177734,57.80457305908203,10.0,59.0,0.2537713541666667,0.0080733681097626
565,96,61.9156,0.0003608501118568,5,104.10720825195312,57.487640380859375,10.0,58.0,0.2561567708333333,0.074735626578331
565,99,241.0278,0.0004140939597315,9,101.9101333618164,58.11289596557617,10.0,56.0,0.2768130208333333,0.1616862714290619
565,113,295.3863,0.0019308724832214,0,111.66278839111328,58.883445739746094,11.0,68.0,0.217415625,-0.0541920289397239
565,126,237.7502,9.149888143176736e-05,0,112.41291809082033,60.87710571289063,11.0,64.0,0.2337953125,-0.0606832206249237
567,24,85.0753,0.0004684563758389,0,107.88153076171876,57.664100646972656,11.0,61.0,0.2433333333333333,-0.0323507785797119
492,5,325.3982,0.0,0,139.37203979492188,71.47492980957031,16.0,82.0,0.1676588541666666,-0.3343723714351654
492,11,217.8941,1.3422818791946309e-06,1,139.07229614257812,71.17908477783203,17.0,79.0,0.1717026041666666,-0.3243682086467743
493,3,77.0035,1.8568232662192395e-05,9,122.79551696777344,70.18383026123047,14.0,59.0,0.2506192708333333,-0.063781052827835
493,12,298.5575,3.064876957494407e-05,1,129.4895782470703,66.05669403076172,15.0,77.0,0.1782192708333333,-0.2833386063575744
493,16,33.6465,0.0035684563758389,0,127.43596649169922,66.77909088134766,14.0,71.0,0.1944838541666666,-0.2184594422578811
493,26,283.4724,0.001945413870246,10,124.0743637084961,63.22692108154297,14.0,74.0,0.1837234375,-0.2551824450492859
493,38,25.532,4.47427293064877e-07,0,121.856201171875,66.75684356689453,14.0,66.0,0.2260630208333333,-0.1369162648916244
493,45,286.1999,0.002482774049217,6,116.10533142089844,63.0958251953125,12.0,64.0,0.2298348958333333,-0.051038134843111
493,58,82.3431,0.0016953020134228,0,118.2912139892578,63.47369003295898,12.0,65.0,0.2209505208333333,-0.1224768385291099
493,97,13.6379,4.47427293064877e-07,2,123.8131866455078,63.43872833251953,14.0,72.0,0.1908817708333333,-0.258737176656723
493,113,45.6551,0.0023545861297539,11,113.92525482177734,61.1392707824707,12.0,65.0,0.2213229166666666,-0.0371226817369461
493,117,247.7844,0.0013941834451901,0,118.9365005493164,60.70539474487305,12.0,72.0,0.1905260416666666,-0.2162477523088455
493,128,111.9021,2.237136465324385e-07,18,112.6391830444336,59.96246337890625,12.0,70.0,0.2106755208333333,-0.0098348623141646
494,2,98.6021,0.0015051454138702,4,115.93399810791016,62.050052642822266,11.0,70.0,0.1979609375,-0.0415549278259277
494,27,12.1162,0.0019579418344519,0,111.64820098876952,60.15200424194336,11.0,65.0,0.220884375,-0.0090657379478216
494,43,163.0946,0.0008961968680089,4,114.35069274902344,63.2912483215332,11.0,64.0,0.2301208333333333,0.0139257097616791
496,0,317.0929,0.0,3,123.60260772705078,64.75749206542969,14.0,67.0,0.221209375,-0.2873883843421936
496,8,78.5105,0.0008460850111856,0,110.29948425292967,61.4495964050293,12.0,58.0,0.2562119791666666,-0.0121362749487161
497,4,203.8415,6.711409395973154e-07,10,117.36630249023438,61.2679328918457,14.0,68.0,0.2173317708333333,-0.1558720171451568
497,23,174.773,0.0020183445190156,1,115.77848052978516,57.34577941894531,12.0,75.0,0.1791203125,-0.2518284618854522
497,35,129.7154,0.0004736017897091,10,114.5669403076172,62.3701171875,12.0,61.0,0.2440901041666666,-0.1067635715007782
497,71,39.6261,1.0067114093959734e-05,0,109.4378662109375,58.930965423583984,12.0,61.0,0.2431807291666666,-0.0454375706613063
497,103,260.5428,2.3266219239373608e-05,0,111.90300750732422,59.27318954467773,12.0,65.0,0.2299098958333333,-0.1133240461349487
497,112,14.0757,1.834451901565996e-05,4,117.26526641845705,59.81607055664063,12.0,70.0,0.2041572916666666,-0.2250335812568664
497,117,220.1912,0.0017230425055928,2,113.78221893310548,57.84318542480469,12.0,72.0,0.1971057291666666,-0.1999955922365188
497,128,199.4821,0.0036633109619686,2,113.9769515991211,59.596038818359375,12.0,68.0,0.2129942708333333,-0.1663950979709625
497,138,128.6562,0.0,3,120.97391510009766,60.67275619506836,14.0,74.0,0.1900395833333333,-0.3225134909152984
497,154,304.5582,0.0013917225950782,9,110.67326354980467,59.22539520263672,12.0,64.0,0.2337015625,-0.0833575800061225
497,164,329.8587,9.507829977628635e-05,4,117.27084350585938,61.92033386230469,13.0,67.0,0.214421875,-0.147478699684143
497,169,329.834,0.0,0,120.3504867553711,61.4244270324707,14.0,71.0,0.20954375,-0.2755908370018005
497,175,21.4283,0.0010706935123042,0,112.94020080566406,58.81197738647461,12.0,70.0,0.2141760416666666,-0.1522494107484817
497,191,115.9596,8.7248322147651e-06,0,112.82095336914062,57.80531311035156,12.0,71.0,0.197709375,-0.1483078896999359
497,198,63.1361,3.646532438478748e-05,0,111.45526885986328,58.247371673583984,12.0,68.0,0.2086651041666666,-0.0751845985651016
497,205,239.8276,0.0035472035794183,11,114.70650482177734,62.00032043457031,12.0,65.0,0.2244880208333333,-0.0760276541113853
497,214,166.3958,0.0,0,122.41069793701172,61.834102630615234,14.0,73.0,0.2038203125,-0.3206157088279724
498,4,163.1084,0.0035129753914988,8,117.49503326416016,61.63673400878906,13.0,68.0,0.2125348958333333,-0.1498198062181472
499,11,341.0124,0.0014284116331096,3,106.77860260009766,54.70429992675781,12.0,67.0,0.2115458333333333,-0.0765246972441673
501,11,161.4018,0.0015935123042505,0,109.1878662109375,56.744476318359375,11.0,67.0,0.2081604166666666,-0.0094333160668611
501,46,229.3217,2.237136465324385e-06,0,112.82709503173828,57.88813018798828,12.0,70.0,0.2099739583333333,-0.1584948301315307
501,88,349.8512,0.0021380313199105,11,114.89641571044922,58.59508514404297,12.0,71.0,0.2068354166666666,-0.161379337310791
501,106,345.5428,0.0024995525727069,7,111.8009033203125,57.6612663269043,12.0,68.0,0.2096640625,-0.08714559674263
501,114,160.3884,5.92841163310962e-05,2,120.47516632080078,61.05294418334961,14.0,73.0,0.1991416666666666,-0.2329092919826507
501,124,86.2279,1.5436241610738255e-05,6,118.74048614501952,58.35669708251953,12.0,77.0,0.1815057291666666,-0.2342504560947418
501,134,251.6803,5.1901565995525726e-05,0,114.51557159423828,57.24990081787109,12.0,73.0,0.1930729166666666,-0.1748027354478836
501,145,80.5073,1.6778523489932888e-05,0,110.08917999267578,56.239288330078125,12.0,68.0,0.212778125,-0.1021537855267524
501,165,206.9305,0.0037024608501118,6,115.72283172607422,57.73039245605469,12.0,74.0,0.1898958333333333,-0.2197595089673996
501,169,183.5756,0.0020557046979865,0,113.39727020263672,58.6055793762207,12.0,71.0,0.2008864583333333,-0.0859396159648895
501,185,113.4225,0.0023879194630872,15,117.3144989013672,56.732154846191406,12.0,77.0,0.1734598958333333,-0.2909995913505554
501,190,155.6804,0.0029646532438478,5,120.26276397705078,58.34391403198242,12.0,79.0,0.1715786458333333,-0.3174863755702972
501,206,189.6157,5.592841163310962e-06,1,114.79381561279295,56.91569519042969,12.0,74.0,0.1776807291666666,-0.1920611709356308
501,216,194.542,0.0,0,117.13509368896484,55.77386093139648,12.0,79.0,0.166871875,-0.3138659298419952
504,5,279.7734,0.0029749440715883,1,103.04615020751952,57.05290985107422,11.0,57.0,0.2613421875,0.0507484525442123
504,8,247.7647,5.8165548098434e-06,8,106.23236846923828,56.891639709472656,12.0,63.0,0.240496875,0.0220497883856296
504,9,221.7194,0.0006190156599552,0,101.26667785644533,55.35527038574219,10.0,56.0,0.2675234375,0.072475865483284
504,27,115.7254,8.053691275167787e-06,0,104.53958129882812,58.855804443359375,12.0,57.0,0.2641635416666666,0.1006102859973907
504,50,39.8123,4.697986577181209e-06,0,99.65643310546876,57.07183456420898,10.0,53.0,0.2898203125,0.1833831220865249
504,56,161.5576,1.633109619686801e-05,14,97.96036529541016,56.80677032470703,9.0,53.0,0.288675,0.2397495806217193
504,67,280.4257,0.0012174496644295,0,96.08921813964844,55.68999481201172,9.0,53.0,0.2907276041666666,0.2978800237178802
504,68,186.397,0.0016861297539149,0,96.79910278320312,55.298118591308594,9.0,54.0,0.285296875,0.2752613425254822
504,82,316.3829,0.0,1,109.1724090576172,57.473915100097656,12.0,63.0,0.2350895833333333,-0.0517589785158634
504,95,53.9092,0.0020628635346756,1,96.56009674072266,56.20488739013672,9.0,52.0,0.2953625,0.2863335013389587
504,108,346.8189,0.0010751677852348,2,104.16265869140624,55.8504753112793,11.0,60.0,0.2454765625,0.0598565340042114
504,117,219.6355,0.0016507829977628,7,98.48248291015624,56.58332061767578,9.0,53.0,0.2905510416666667,0.2294469177722931
504,125,237.308,0.0,0,109.57170867919922,56.61017608642578,12.0,65.0,0.2214395833333333,-0.0645966008305549
504,136,58.4173,3.691275167785236e-05,2,110.6204605102539,56.77857208251953,12.0,67.0,0.2103786458333333,-0.0935177654027938
504,145,141.5739,0.000776510067114,1,105.07506561279295,57.65739059448242,12.0,58.0,0.25964375,0.0787484496831893
504,165,165.6898,0.0016624161073825,2,101.9372329711914,56.71354675292969,11.0,57.0,0.2590005208333333,0.1027015000581741
504,179,309.3111,3.1319910514541385e-06,2,110.04952239990234,55.79197692871094,12.0,67.0,0.2192151041666666,-0.1333653032779693
504,190,45.1716,5.592841163310963e-06,3,107.3101806640625,55.35366821289063,12.0,66.0,0.2099677083333333,-0.0058164373040199
504,200,266.7054,0.0024373601789709,6,106.91570281982422,56.538455963134766,12.0,67.0,0.2135515625,0.0989308953285217
505,6,191.1766,0.0,6,109.45726776123048,56.94112396240234,12.0,66.0,0.2240864583333333,-0.0678949505090713
505,10,115.9967,0.0,2,106.9236297607422,56.27817916870117,12.0,65.0,0.2213385416666666,0.0281002670526504
505,16,260.7711,2.237136465324385e-07,4,109.11968231201172,56.25823211669922,12.0,67.0,0.212946875,-0.0761414393782615
505,46,331.1615,6.957494407158837e-05,1,101.06774139404295,56.0789680480957,10.0,59.0,0.25109375,0.2107484340667724
505,75,264.9904,0.0032803131991051,5,99.71392822265624,55.12554931640625,9.0,59.0,0.254521875,0.195644661784172
505,86,163.4009,0.0020451901565995,7,104.10323333740234,55.28509521484375,11.0,61.0,0.23815625,0.0576179884374141
505,102,311.2129,4.451901565995526e-05,2,102.49557495117188,53.61891174316406,10.0,65.0,0.226409375,0.0707709044218063
505,129,248.1815,3.3557046979865773e-06,0,107.7309341430664,55.834503173828125,12.0,66.0,0.2239104166666666,-0.0549107603728771
505,138,258.1031,9.328859060402686e-05,0,104.78673553466795,55.92167663574219,11.0,64.0,0.2225177083333333,0.0838553234934806
505,160,289.3138,0.0027852348993288,2,103.3589859008789,55.7528076171875,11.0,61.0,0.2418354166666666,0.0664648190140724
505,179,233.4901,0.0025326621923937,0,110.61146545410156,56.87421798706055,12.0,68.0,0.2059125,-0.072494089603424
505,195,155.0685,0.0005977628635346,1,114.9651336669922,60.5980339050293,12.0,68.0,0.2100677083333333,-0.0383568927645683
506,17,267.2663,0.0018953020134228,3,105.65068817138672,56.0850715637207,12.0,63.0,0.235059375,0.0207520686089992
506,29,82.6299,0.0003946308724832,14,104.88072204589844,55.278167724609375,11.0,65.0,0.220371875,0.0602979995310306
506,39,306.6789,0.0018702460850111,4,108.2154312133789,56.72359085083008,12.0,66.0,0.2031088541666666,0.0094333244487643
506,55,165.5213,0.0002689038031319,5,106.40850067138672,57.9206657409668,12.0,61.0,0.2436640625,0.0419513173401355
506,66,49.7166,0.0001914988814317,8,99.84329986572266,54.25041961669922,10.0,60.0,0.2468473958333333,0.1564369946718216
508,38,171.5145,0.0001118568232662,0,105.9832000732422,56.36653518676758,11.0,64.0,0.2273744791666666,0.0476754195988178
508,55,193.7907,1.185682326621924e-05,3,107.18073272705078,56.76113128662109,12.0,63.0,0.2355385416666666,-0.0322186611592769
508,58,107.6413,0.0004192393736017,7,102.8397979736328,56.59828567504883,10.0,59.0,0.2526505208333333,0.0814059674739837
508,82,289.2641,2.9977628635346755e-05,9,106.93910217285156,55.84102249145508,11.0,66.0,0.2195067708333333,0.0004164007259532
509,5,85.0201,1.2304250559284115e-05,4,108.12088012695312,56.5394287109375,11.0,67.0,0.2105354166666666,0.0012708996655419
510,5,101.3452,2.237136465324385e-06,1,105.04449462890624,55.14400863647461,11.0,64.0,0.2291552083333333,-0.0008220096351578
510,16,103.4725,0.0,0,108.30117797851562,55.52626800537109,11.0,66.0,0.2185005208333333,-0.0923832133412361
511,10,80.9039,0.0020599552572706,4,104.29877471923828,55.12529373168945,11.0,64.0,0.2259630208333333,0.0612173154950141
512,13,67.6837,0.0020610738255033,2,105.95818328857422,56.182918548583984,11.0,63.0,0.23499375,0.0104862404987216
512,37,185.566,0.0004912751677852,7,103.56271362304688,55.04807662963867,11.0,63.0,0.2390677083333333,0.0560605488717556
512,57,349.3863,0.0006123042505592,0,108.39534759521484,55.32868194580078,12.0,67.0,0.2219828125,-0.0959403663873672
512,90,76.0341,0.0009586129753914,13,109.54115295410156,57.61263275146485,12.0,66.0,0.2197979166666666,-0.0386236011981964
512,96,249.144,0.001038255033557,2,108.25894927978516,58.071868896484375,12.0,65.0,0.2263515625,0.0762995705008506
512,105,24.5185,0.0014440715883668,1,104.12299346923828,54.948951721191406,11.0,65.0,0.2251348958333333,0.1113587692379951
512,113,196.1784,0.0,0,115.37451171875,56.56069946289063,12.0,74.0,0.1949276041666666,-0.2595910727977752
513,21,47.2505,4.47427293064877e-07,4,105.3216323852539,53.0997428894043,11.0,67.0,0.214925,-0.0538473650813102
513,42,71.475,6.711409395973154e-07,6,111.7795639038086,56.79052734375,12.0,68.0,0.2100958333333333,-0.1188244968652725
513,49,69.4106,0.0010022371364653,0,104.91583251953124,54.11043167114258,11.0,65.0,0.2217088541666666,-0.009730570949614
513,52,192.0962,9.865771812080538e-05,6,106.3226318359375,52.54374694824219,11.0,68.0,0.1998494791666666,-0.0733769536018371
513,60,226.6339,7.606263982102909e-06,3,111.51676177978516,56.7752685546875,12.0,67.0,0.208553125,-0.1038776263594627
513,70,316.0932,0.0004051454138702,1,112.44014739990234,55.45784759521485,12.0,71.0,0.1967145833333333,-0.1914780735969543
513,88,144.451,0.0008805369127516,14,101.84333038330078,53.85862350463867,10.0,63.0,0.2376958333333333,0.0640393197536468
513,103,147.4553,0.0002590604026845,2,109.51380920410156,57.138893127441406,12.0,64.0,0.2308484375,-0.0739612802863121
513,108,145.6596,0.0002986577181208,0,114.69312286376952,61.90677261352539,12.0,65.0,0.2295182291666666,-0.0440317206084728
513,130,200.5683,3.7583892617449664e-05,4,104.8414306640625,54.04115295410156,11.0,65.0,0.224478125,0.0247644390910863
513,142,74.1754,0.0004031319910514,9,111.60124969482422,55.5494384765625,12.0,71.0,0.1988078125,-0.1434632688760757
513,171,31.5442,0.0,3,120.65454864501952,57.93108367919922,14.0,78.0,0.1798401041666666,-0.3536284863948822
513,174,245.4444,1.2975391498881432e-05,3,117.78669738769533,59.658817291259766,14.0,70.0,0.2012859375,-0.2085151225328445
513,179,30.3435,0.0008357941834451,5,120.08280181884766,60.96202087402344,14.0,70.0,0.2046239583333333,-0.2757608890533447
513,183,171.7692,0.0003046979865771,5,112.8236312866211,56.64787673950195,12.0,70.0,0.2041885416666666,-0.1533125042915344
514,10,55.6836,0.0034809843400447,8,109.17658233642578,54.172454833984375,12.0,70.0,0.1954942708333333,-0.1039286032319068
514,14,182.0769,0.001445413870246,15,110.36515045166016,53.89264678955078,12.0,71.0,0.1895489583333333,-0.1733395606279373
515,0,277.4545,2.237136465324385e-07,3,107.5562744140625,55.26561737060547,12.0,67.0,0.2106510416666666,-0.0015918627614155
515,11,317.3602,0.0,7,110.15323638916016,55.55117416381836,12.0,70.0,0.2112796875,-0.1137910932302475
515,16,290.1241,0.0036492170022371,1,108.7155303955078,56.68951797485352,12.0,65.0,0.2216942708333333,-0.0013580410741269
516,2,73.37,0.0,2,110.01734161376952,54.26300811767578,12.0,70.0,0.1952942708333333,-0.1433746665716171
516,4,320.5496,8.948545861297539e-07,0,111.5948486328125,55.70964050292969,12.0,70.0,0.195540625,-0.1323497295379638
516,7,34.2164,0.0,0,114.08478546142578,55.55244064331055,12.0,73.0,0.18279375,-0.2433026731014251
517,1,238.1477,0.001421029082774,6,105.51316833496094,53.02544784545898,11.0,67.0,0.2006791666666666,-0.0030658782925456
517,15,287.2753,0.0015161073825503,10,106.2848129272461,52.91147232055664,11.0,68.0,0.19759375,-0.0495494343340396
517,30,296.1234,0.0027917225950783,5,98.93179321289062,51.79023361206055,9.0,63.0,0.2337494791666666,0.1384768038988113
517,57,310.9381,0.0018677852348993,8,99.73555755615234,53.59103775024414,9.0,63.0,0.2301859375,0.1725014895200729
517,81,286.4372,0.0003413870246085,10,101.74169921875,54.3808822631836,10.0,63.0,0.2275119791666666,0.1430797129869461
517,89,148.7214,0.0,5,112.86478424072266,55.38567733764648,12.0,72.0,0.181575,-0.2141215056180954
517,94,100.1869,0.0,0,114.23906707763672,55.91229248046875,12.0,73.0,0.1846307291666666,-0.2465421259403228
517,98,135.2859,1.56599552572707e-05,3,100.29209899902344,55.29610824584961,10.0,59.0,0.2535203125,0.1617722064256668
517,116,254.7093,0.0019308724832214,5,107.62602996826172,55.057010650634766,11.0,68.0,0.2050546875,-0.0388960652053356
517,122,14.0444,0.0027639821029082,1,110.37611389160156,55.41728210449219,11.0,70.0,0.2038473958333333,-0.152437686920166
517,125,188.6538,0.0,9,109.7068328857422,56.809669494628906,11.0,66.0,0.215075,-0.0542358830571174
517,130,40.3786,0.0008744966442953,1,106.02228546142578,55.49013137817383,11.0,66.0,0.2078515625,0.0756924301385879
517,139,174.8867,0.003417673378076,14,102.74091339111328,55.33134078979492,10.0,60.0,0.244884375,0.0821561738848686
517,160,241.0922,1.946308724832215e-05,12,107.95081329345705,54.866661071777344,11.0,68.0,0.2018348958333333,-0.0463501401245594
517,166,145.0713,1.2975391498881432e-05,9,105.0931167602539,54.7964973449707,11.0,65.0,0.2248880208333333,0.0185315310955047
517,176,222.3919,0.0017302013422818,11,103.18181610107422,53.31422805786133,10.0,65.0,0.2201098958333333,0.0030675844755023
517,179,305.5312,0.0011527964205816,0,103.67448425292967,54.89778137207031,10.0,63.0,0.2356442708333333,0.0186682399362325
517,190,332.9647,0.0017612975391498,19,108.06106567382812,53.84931182861328,11.0,68.0,0.2026723958333333,-0.1208084672689437
517,193,204.0647,2.237136465324385e-07,7,110.53679656982422,55.71945571899414,11.0,70.0,0.2080026041666666,-0.1564358025789261
518,1,95.9259,0.0011577181208053,4,108.7919692993164,54.57345581054688,11.0,70.0,0.2004286458333333,-0.1232660487294197
518,3,335.9342,1.3422818791946309e-06,0,108.25098419189452,54.2834358215332,11.0,68.0,0.2029578125,-0.1238439008593559
518,7,73.0673,5.816554809843401e-06,2,110.62934112548828,55.13679885864258,11.0,70.0,0.1979354166666666,-0.1699269562959671
518,8,325.815,1.0290827740492173e-05,4,108.32640075683594,54.02444839477539,11.0,68.0,0.2038057291666666,-0.1376191228628158
518,16,201.7972,0.0,0,112.81400299072266,55.81762313842773,11.0,72.0,0.1910947916666666,-0.227156788110733
518,23,282.4554,0.000410514541387,6,99.02023315429688,53.576080322265625,9.0,61.0,0.2391015625,0.1675472110509872
519,6,193.4946,5.503355704697986e-05,10,100.27465057373048,55.47250747680664,9.0,59.0,0.2553458333333333,0.1656243056058883
519,23,291.537,0.000124384787472,8,98.2465362548828,52.720497131347656,9.0,61.0,0.2341765625,0.1941251903772354
519,41,51.2847,4.47427293064877e-06,0,105.14948272705078,57.61896514892578,11.0,61.0,0.2419838541666666,0.097698263823986
519,55,228.0815,3.736017897091723e-05,15,107.51229858398438,55.92958831787109,11.0,66.0,0.2145979166666666,-0.0288788136094808
519,79,182.8351,0.0,5,111.9072723388672,55.547813415527344,11.0,72.0,0.1777677083333333,-0.1813494861125946
519,84,345.1045,0.0033704697986577,8,102.94834899902344,54.28093338012695,10.0,63.0,0.2332317708333333,0.0343467071652412
519,90,199.4177,0.0019422818791946,10,103.53374481201172,52.93036651611328,10.0,65.0,0.2140494791666666,-0.0024749180302023
519,101,39.7834,0.0002217002237136,0,107.01107025146484,54.20005035400391,11.0,70.0,0.1907651041666666,0.0207925215363502
519,114,21.793,0.0,4,112.64535522460938,55.87053680419922,12.0,73.0,0.1878140625,-0.1744574755430221
519,120,210.7736,0.0,3,113.25413513183594,55.55784606933594,12.0,73.0,0.1826442708333333,-0.222665399312973
519,128,222.2601,0.0,1,113.63218688964844,56.41196823120117,12.0,71.0,0.1921484375,-0.2305682897567749
519,132,228.4805,0.0,0,112.95034790039062,55.536746978759766,12.0,72.0,0.1869229166666666,-0.2293507903814315
519,150,136.2174,1.0290827740492173e-05,1,111.5176010131836,56.635215759277344,12.0,68.0,0.2058822916666666,-0.1268004029989242
519,187,317.1626,1.3422818791946309e-06,3,109.84223175048828,55.04452896118164,11.0,71.0,0.189859375,-0.1059614494442939
519,192,260.9923,0.0011664429530201,12,106.50401306152344,55.10176849365234,11.0,67.0,0.2121177083333333,0.0002401494566584
519,206,135.029,1.7897091722595078e-06,0,112.43482971191406,56.28318405151367,12.0,72.0,0.1962348958333333,-0.1782162189483642
520,3,125.4421,0.0035384787472035,5,112.7599868774414,58.07397079467773,11.0,68.0,0.2120588541666666,-0.1756745725870132
521,1,30.5708,0.0,4,106.76171112060548,56.7307014465332,11.0,65.0,0.2261453125,-0.0193678122013807
521,13,246.0321,0.0014194630872483,0,109.18010711669922,58.27922439575195,11.0,61.0,0.2389260416666666,-0.0874968692660331
521,51,106.9864,0.0030496644295302,3,102.33634185791016,53.23408889770508,10.0,65.0,0.2227557291666666,0.0306181702762842
522,11,40.8274,2.237136465324385e-07,6,114.08316040039062,56.97142028808594,12.0,72.0,0.1964067708333333,-0.251179426908493
525,6,226.1092,4.47427293064877e-07,0,117.69657135009766,58.100860595703125,11.0,75.0,0.1811640625,-0.3498876988887787
526,3,299.0159,0.0027682326621923,0,110.21076965332033,56.08968734741211,11.0,74.0,0.200021875,-0.132316380739212
526,9,17.3235,0.0,0,115.78496551513672,58.59734344482422,11.0,73.0,0.1928317708333333,-0.2164092063903808
526,12,179.3488,0.0015194630872483,0,109.01535034179688,57.12748718261719,11.0,66.0,0.2221369791666666,-0.0838045999407768
526,16,203.9092,0.0,0,116.9897689819336,59.68619155883789,11.0,73.0,0.1996609375,-0.2320003062486648
526,24,146.5833,0.0,2,121.10455322265624,59.91968536376953,12.0,79.0,0.1806385416666666,-0.3530178368091583
526,31,331.8908,0.0,0,123.60484313964844,61.294864654541016,12.0,77.0,0.186065625,-0.3954371213912964
526,39,196.6122,0.0,0,121.40850830078124,60.52027130126953,12.0,78.0,0.1846255208333333,-0.3429697155952453
526,70,189.3864,2.237136465324385e-06,6,108.47726440429688,59.19728088378906,10.0,66.0,0.2179453125,0.0780748501420021
526,93,198.6238,7.829977628635348e-06,2,111.76245880126952,57.91549682617188,10.0,74.0,0.1907145833333333,-0.0463524647057056
526,106,84.9207,0.0019548098434004,9,109.40682983398438,58.2490348815918,10.0,67.0,0.21136875,-0.0117390509694814
527,11,164.0178,0.0018362416107382,15,108.21475219726562,58.52637100219727,10.0,67.0,0.212878125,0.0521273910999298
530,7,99.3818,2.908277404921701e-06,0,111.87881469726562,57.05617141723633,10.0,75.0,0.1991317708333333,-0.1623547673225402
532,2,44.2196,0.0003597315436241,0,99.73438262939452,53.82743835449219,9.0,64.0,0.2311354166666666,0.1569505482912063
534,4,319.2104,0.0001651006711409,1,111.43563079833984,56.5200424194336,11.0,73.0,0.2001114583333333,-0.1173495724797248
534,15,42.9872,0.0033463087248322,0,101.80474853515624,54.41282653808594,9.0,65.0,0.2214963541666666,0.151376724243164
535,14,13.3658,0.0001400447427293,3,103.69439697265624,55.087520599365234,10.0,67.0,0.2157885416666666,0.1122699305415153
541,3,194.7872,1.812080536912752e-05,13,101.55690002441406,55.236515045166016,10.0,63.0,0.2365666666666666,0.1482456028461456
541,7,129.3769,0.0011337807606263,7,108.03531646728516,55.60316848754883,11.0,68.0,0.2090276041666666,-0.0603092163801193
541,19,245.9668,4.697986577181208e-05,0,109.35568237304688,56.02243423461914,11.0,72.0,0.2049875,-0.0596849359571933
544,13,45.766,0.0003776286353467,0,105.6637191772461,54.9400520324707,11.0,66.0,0.226196875,-0.0020487164147198
544,18,81.6968,0.0008395973154362,0,106.2400131225586,55.51448822021485,11.0,64.0,0.2279630208333333,-0.0185530446469783
545,29,126.6305,0.0008123042505592,1,99.63278198242188,55.27533721923828,9.0,60.0,0.2476984375,0.2135474383831024
545,75,53.5375,0.0010022371364653,7,100.10762786865234,53.97568130493164,9.0,63.0,0.236334375,0.1380460858345031
545,84,99.3309,0.0034467561521252,2,102.92533111572266,54.95348739624024,10.0,66.0,0.2185020833333333,0.1161678433418273
545,108,257.7886,0.0002642058165548,2,107.9317398071289,55.95001983642578,11.0,72.0,0.205490625,0.0102640343829989
545,127,15.8276,3.3557046979865773e-06,1,105.20721435546876,54.30296325683594,10.0,68.0,0.2135208333333333,0.0112322345376014
545,163,117.1774,0.0008476510067114,3,101.72479248046876,55.902130126953125,9.0,63.0,0.2373838541666666,0.1970903128385543
545,169,255.5925,8.43400447427293e-05,4,98.04715728759766,54.38431930541992,8.0,59.0,0.2511604166666666,0.2401332259178161
545,171,141.0505,0.0001684563758389,13,98.05587005615234,54.60908889770508,8.0,59.0,0.2537947916666667,0.2439076453447342
545,175,199.949,0.0005744966442953,4,101.18186950683594,54.98180389404297,9.0,61.0,0.237240625,0.1422266066074371
545,178,166.5724,0.0027082774049217,3,107.87864685058594,55.58727264404297,11.0,66.0,0.2155005208333333,-0.0837720036506652
548,0,234.1154,0.0024201342281879,0,106.4596939086914,56.80092239379883,11.0,65.0,0.2294036458333333,0.029061397537589
548,4,202.9609,3.5123042505592845e-05,0,104.03396606445312,55.696773529052734,10.0,61.0,0.2456390625,0.0485852509737014
548,90,68.3376,0.0037163310961968,0,107.2538070678711,57.52642822265625,11.0,67.0,0.2046786458333333,0.1349240243434906
548,115,164.8718,6.935123042505593e-06,0,109.8475112915039,56.05421447753906,12.0,70.0,0.2039588541666666,-0.0681479945778846
548,116,65.7277,3.8031319910514553e-06,1,110.0188980102539,55.98420333862305,12.0,68.0,0.2059,-0.0957160964608192
548,127,318.2323,0.0001375838926174,0,108.298583984375,57.54851913452149,12.0,66.0,0.221815625,0.0474314801394939
548,153,284.0791,0.0004008948545861,15,101.51536560058594,54.75537490844727,10.0,64.0,0.227309375,0.179350197315216
548,157,218.9269,0.0008787472035794,3,109.01066589355467,55.81381607055664,11.0,68.0,0.2096911458333333,-0.0630893558263778
549,3,315.3261,1.498881431767338e-05,2,101.54053497314452,57.33079147338867,10.0,57.0,0.2655567708333333,0.1989898383617401
549,15,274.7889,0.0021879194630872,1,104.30940246582033,56.44741821289063,11.0,58.0,0.2571234375,0.0715376734733581
550,1,327.8884,0.0027427293064876,2,102.5849380493164,54.65419387817383,10.0,61.0,0.2423,0.1046599224209785
550,37,245.7224,0.0011293064876957,0,114.06035614013672,59.23577117919922,12.0,67.0,0.2169010416666666,-0.1543239802122116
552,7,77.0134,0.0036040268456375,1,108.6933822631836,57.88577651977539,11.0,65.0,0.2251588541666666,0.0163906589150428
552,90,318.1144,1.2527964205816556e-05,14,97.9437026977539,55.95271301269531,9.0,56.0,0.2711255208333333,0.2715673446655273
555,9,21.1636,0.0004816554809843,18,98.50423431396484,53.8261947631836,8.0,57.0,0.2632,0.1628452986478805
555,26,227.0382,0.0003149888143176,12,97.086181640625,54.43917465209961,8.0,57.0,0.2657411458333333,0.2934504151344299
555,43,12.6944,0.0030568232662192,9,95.23687744140624,54.45709609985352,8.0,54.0,0.2784171875,0.3021811246871948
555,76,275.3411,5.6152125279642055e-05,8,97.0929183959961,56.07249069213867,9.0,56.0,0.275353125,0.3008076548576355
555,93,247.5104,4.474272930648769e-06,3,97.2551727294922,55.00113677978516,8.0,58.0,0.26631875,0.2898609042167663
555,118,266.3371,0.0026881431767337,4,100.54351806640624,55.80379104614258,9.0,59.0,0.2505135416666667,0.2119610458612442
555,173,119.6636,0.0005901565995525,19,103.36608123779295,56.05500030517578,10.0,61.0,0.2365921875,0.1231305822730064
557,65,68.913,1.6107382550335573e-05,18,103.2109832763672,56.817909240722656,10.0,59.0,0.25375,0.0885433256626129
557,71,20.5486,0.0013252796420581,4,101.94578552246094,56.09966278076172,9.0,59.0,0.2548114583333333,0.1161825507879257
560,3,200.0255,0.0002431767337807,0,110.37081146240234,57.778263092041016,11.0,63.0,0.231290625,-0.1159934699535369
565,29,236.9398,6.241610738255034e-05,1,107.5141143798828,58.1001205444336,10.0,59.0,0.2519682291666666,-0.0625042840838432
565,31,143.0059,0.0029384787472035,8,106.47508239746094,57.36665725708008,10.0,60.0,0.2491489583333333,-0.0336882621049881
565,34,30.8276,0.0002223713646532,6,103.8685531616211,56.60041046142578,10.0,60.0,0.2449765625,0.0572713427245616
565,80,274.5374,0.0006373601789709,13,99.83480072021484,57.1392707824707,9.0,56.0,0.272009375,0.1891193985939026
565,94,17.8648,9.463087248322146e-05,5,105.91976928710938,57.84730911254883,10.0,59.0,0.2539739583333333,0.0105069326236844
565,96,98.7545,1.5659955257270692e-06,0,103.6864242553711,57.615211486816406,10.0,57.0,0.2621635416666666,0.0870678946375846
565,100,33.5776,0.000931543624161,6,106.15072631835938,57.55674362182617,10.0,60.0,0.2446880208333333,0.0202653240412473
565,115,297.4929,0.0013134228187919,3,109.00344848632812,57.86732864379883,11.0,64.0,0.2311723958333333,-0.0764421224594116
565,128,273.6835,7.606263982102909e-06,0,110.95027160644533,59.80793762207031,11.0,60.0,0.2489078125,-0.1164909675717353
492,6,216.3495,0.0,0,139.20599365234375,71.23324584960938,16.0,82.0,0.1682630208333333,-0.3374068140983581
492,11,322.6529,0.0,1,137.8695526123047,71.17381286621094,16.0,78.0,0.179925,-0.3325998187065124
493,3,117.0647,0.0035577181208053,3,122.88963317871094,70.06961822509766,14.0,60.0,0.2479890625,-0.0591682493686676
493,13,298.598,0.0013572706935123,6,123.92388916015624,64.41395568847656,13.0,73.0,0.1873296875,-0.199986070394516
493,16,49.8686,1.968680089485459e-05,0,129.81402587890625,67.56222534179688,15.0,72.0,0.1918333333333333,-0.2653268575668335
493,26,294.0275,0.0023049217002237,7,124.334716796875,63.46674728393555,14.0,74.0,0.1825635416666666,-0.2578620612621307
493,38,210.5936,0.0030590604026845,0,118.1006088256836,66.67115783691406,12.0,61.0,0.2422963541666666,-0.0320153050124645
493,46,130.9146,0.0031856823266219,5,116.16295623779295,63.06402587890625,12.0,65.0,0.2256791666666666,-0.0434111468493938
493,76,44.9619,0.0035615212527964,6,111.09151458740234,59.82422256469727,11.0,65.0,0.2219302083333333,0.01561726257205
493,97,27.51,0.0031286353467561,8,121.34075164794922,62.818058013916016,14.0,71.0,0.1977583333333333,-0.2191618382930755
493,114,106.7989,0.0024494407158836,3,115.31914520263672,62.216121673583984,12.0,64.0,0.2284265625,-0.0848297029733657
493,118,77.5437,5.727069351230425e-05,3,119.60330200195312,61.00486373901367,12.0,72.0,0.1911572916666666,-0.2372163832187652
494,1,82.887,1.1185682326621925e-06,0,118.26049041748048,62.65070343017578,12.0,71.0,0.1976109375,-0.1005062833428382
494,5,75.8544,2.460850111856824e-06,2,114.58875274658205,62.47206878662109,11.0,64.0,0.2283536458333333,-0.0470086373388767
494,31,68.2243,0.0019697986577181,8,113.44099426269533,62.87883377075195,11.0,64.0,0.2301083333333333,0.0209737103432416
494,43,255.5976,1.0738255033557049e-05,4,116.38540649414062,63.19878768920898,11.0,67.0,0.2193848958333333,-0.0325443297624588
496,3,244.6923,0.0001890380313199,4,118.32119750976562,65.41714477539062,14.0,60.0,0.2466953125,-0.1445103585720062
496,8,246.9238,0.0008751677852348,2,107.69764709472656,59.33550262451172,12.0,59.0,0.2550953125,0.0200716070830822
497,4,348.5116,0.0002134228187919,1,116.73719787597656,61.21131896972656,13.0,67.0,0.2193057291666666,-0.1543862372636795
497,23,301.7989,0.0,2,120.5761260986328,58.92301559448242,14.0,78.0,0.1757869791666666,-0.366862028837204
497,50,62.4939,0.0003199105145413,0,111.7461395263672,61.74665832519531,12.0,59.0,0.2518677083333333,-0.0392669402062892
497,71,259.8274,1.633109619686801e-05,7,108.68428802490234,58.3773078918457,12.0,63.0,0.2390505208333333,-0.0363540463149547
497,103,271.0083,0.0026134228187919,2,109.84491729736328,58.519187927246094,12.0,64.0,0.2343838541666666,-0.0694185495376586
497,112,272.7758,1.342281879194631e-06,1,116.86762237548828,58.5581283569336,12.0,73.0,0.1946416666666666,-0.2618570029735565
497,119,47.0398,7.158836689038031e-06,0,118.83917236328124,63.77522659301758,14.0,67.0,0.2210807291666666,-0.1180100739002227
497,131,200.3553,0.0003131991051454,1,120.4783935546875,61.44384002685547,14.0,72.0,0.20085625,-0.2856639623641968
497,140,71.4267,0.0001239373601789,6,119.86778259277344,61.19294357299805,12.0,73.0,0.1906104166666666,-0.2590944766998291
497,155,270.6309,1.1409395973154363e-05,9,111.03392028808594,58.18914031982422,12.0,66.0,0.2197166666666666,-0.1194971278309822
497,165,350.0295,6.711409395973154e-07,2,121.08856964111328,63.446533203125,14.0,68.0,0.2078098958333333,-0.2101332694292068
497,170,20.9067,0.0,0,120.31171417236328,61.37923431396485,14.0,71.0,0.2095307291666666,-0.2780840396881103
497,175,99.0662,0.0031861297539149,3,113.99365234375,59.33232498168945,12.0,68.0,0.2134239583333333,-0.1737226545810699
497,191,274.6313,4.47427293064877e-07,0,112.70316314697266,57.58961868286133,12.0,71.0,0.1982546875,-0.1547935605049133
497,198,236.5371,0.0,13,111.3906478881836,58.73154830932617,12.0,67.0,0.2142130208333333,-0.0672363489866256
497,206,148.1351,0.002907158836689,4,116.62494659423828,61.2672233581543,12.0,68.0,0.2114453125,-0.1523063480854034
498,0,65.1611,0.0,0,121.93991088867188,61.68437576293945,14.0,74.0,0.1976651041666666,-0.2938107252120971
498,4,260.6412,0.0011653243847874,0,117.08606719970705,62.805171966552734,13.0,65.0,0.2207046875,-0.0931835249066352
499,13,212.8528,0.0015387024608501,3,107.29662322998048,57.32573699951172,12.0,64.0,0.2329614583333333,-0.0012720993254333
501,17,328.0054,0.0035250559284116,9,110.57849884033205,54.65904998779297,12.0,71.0,0.1941125,-0.1623687744140625
501,60,24.109,0.0005033557046979,0,114.44135284423828,57.97148895263672,12.0,72.0,0.2005598958333333,-0.169991910457611
501,89,98.9062,0.0008241610738255,7,115.827392578125,58.93296432495117,12.0,73.0,0.1923958333333333,-0.115463376045227
501,110,24.7624,0.0029870246085011,12,116.3505630493164,57.65804672241211,12.0,75.0,0.1861046875,-0.2192731350660324
501,115,29.2306,0.0030997762863534,1,113.43869018554688,57.74903106689453,12.0,71.0,0.2031953125,-0.0856604650616645
501,124,172.0387,0.0,0,121.91145324707033,60.1684455871582,14.0,78.0,0.1793125,-0.2666890919208526
501,135,133.3674,0.0,0,118.02257537841795,60.354679107666016,12.0,71.0,0.197665625,-0.1706814169883728
501,155,95.2815,0.0030098434004474,6,113.21691131591795,58.00385665893555,12.0,70.0,0.2094239583333333,-0.1396984606981277
501,166,97.1546,2.0134228187919465e-05,0,116.34618377685548,58.43402099609375,12.0,74.0,0.1838208333333333,-0.1578620225191116
501,171,78.7497,1.1185682326621926e-05,0,114.21046447753906,58.31356048583984,12.0,71.0,0.2045489583333333,-0.141523852944374
501,185,144.0194,0.0032863534675615,3,109.99703979492188,54.75628662109375,11.0,71.0,0.1917463541666666,-0.1317059099674224
501,192,79.1621,0.0006165548098434,5,119.45659637451172,57.46369171142578,12.0,79.0,0.1636927083333333,-0.3224488496780395
501,207,224.0083,0.001162639821029,0,116.10247039794922,56.92100524902344,12.0,74.0,0.1722447916666666,-0.2400165200233459
501,221,124.3057,0.0010212527964205,2,108.24874877929688,53.930511474609375,11.0,72.0,0.1821880208333333,-0.0583688504993915
504,8,111.5856,2.818791946308725e-05,0,106.54801940917967,57.03602981567383,12.0,62.75,0.2407828125,0.0078840050846338
504,8,312.7486,5.5928411633109614e-06,0,105.1681900024414,56.67349624633789,11.0,61.0,0.2450182291666666,0.046173870563507
504,9,248.3515,0.0033738255033557,0,101.20848083496094,55.19466018676758,10.0,56.0,0.2665927083333333,0.068766750395298
504,36,47.538,0.0009581655480984,5,102.17630004882812,57.58950424194336,10.0,57.0,0.266025,0.1396471410989761
504,50,116.6972,0.0017946308724832,0,98.95196533203124,56.98799133300781,10.0,53.0,0.2899192708333333,0.2083853781223297
504,65,300.2717,0.0005577181208053,0,101.64167022705078,55.848052978515625,10.0,58.0,0.257965625,0.1342236846685409
504,67,295.1874,0.0020371364653243,0,95.7731704711914,55.66265487670898,9.0,53.0,0.2921229166666667,0.3061115443706512
504,68,203.839,0.0020677852348993,0,96.62734985351562,55.38776779174805,9.0,54.0,0.288525,0.2794523537158966
504,82,346.7029,0.0015062639821029,0,106.88198852539062,57.68102645874024,12.0,59.0,0.2508515625,0.0279341954737901
504,95,189.4015,0.0036091722595078,0,97.06210327148438,56.621726989746094,9.0,52.0,0.2954328125,0.2611007392406463
504,111,165.9739,0.0006123042505592,2,100.32746124267578,56.19467926025391,10.0,56.0,0.2746317708333333,0.1490606665611267
504,121,69.4481,0.0003263982102908,7,106.26339721679688,55.8476676940918,12.0,63.0,0.2360567708333333,-0.0043041007593274
504,127,359.0091,0.0,0,111.39109802246094,57.55431365966797,12.0,66.0,0.2151130208333333,-0.1061279326677322
504,136,94.3256,8.456375838926175e-05,3,110.24510192871094,57.64318084716797,12.0,64.0,0.2295473958333333,-0.0861072838306427
504,149,296.8403,0.0022259507829977,0,108.45490264892578,59.5573616027832,12.0,58.0,0.2558932291666667,-0.0027242542710155
504,167,122.3429,1.1633109619686804e-05,0,109.01705932617188,57.61621475219727,12.0,61.0,0.2422203125,-0.0753369405865669
504,182,126.8368,0.0,0,114.94465637207033,58.41826629638672,14.0,73.0,0.2014338541666666,-0.1176340505480766
504,191,264.1583,0.0018190156599552,10,107.0606689453125,54.95451736450195,12.0,67.0,0.207325,-0.0097215669229626
504,203,42.4208,0.0,2,115.33158111572266,58.08094024658203,13.0,71.0,0.1948739583333333,-0.1961977332830429
505,6,203.3335,0.0,0,109.4469985961914,56.94027328491211,12.0,66.0,0.22381875,-0.0674976035952568
505,11,56.775,0.0,0,106.1284408569336,56.05897521972656,12.0,64.0,0.2276317708333333,0.0333285070955753
505,17,256.112,0.0006682326621923,4,104.10478973388672,55.597293853759766,11.0,64.0,0.22619375,0.0781605392694473
505,48,162.2812,0.0007380313199105,6,101.6072006225586,57.79955673217773,11.0,56.0,0.2732,0.1663482338190078
505,76,153.8076,0.0001729306487695,0,100.17894744873048,55.126426696777344,10.0,58.0,0.2568338541666666,0.1777528077363968
505,87,8.8692,0.0005597315436241,8,106.99713897705078,56.344364166259766,12.0,64.0,0.2329416666666666,-0.0115849813446402
505,121,50.275,0.000296644295302,12,99.61956787109376,54.45229721069336,10.0,58.0,0.258959375,0.1196198984980583
505,130,71.9896,1.2080536912751678e-05,5,107.4354476928711,55.73569488525391,12.0,66.0,0.2242932291666666,-0.0489570684731006
505,139,234.8665,9.17225950782998e-06,0,102.76044464111328,56.47175979614258,11.0,60.0,0.2479848958333333,0.1505880951881408
505,160,312.9173,0.002079418344519,0,107.34552001953124,55.809356689453125,12.0,66.0,0.2120515625,0.0067273285239934
505,183,109.0674,4.47427293064877e-07,0,116.15373229980467,59.64620590209961,12.0,73.0,0.1931604166666666,-0.080339029431343
506,8,101.8569,4.026845637583893e-06,0,102.95276641845705,54.47622680664063,11.0,64.0,0.231225,0.0726944580674171
506,19,187.6232,0.0,2,110.5011978149414,56.07151412963867,12.0,68.0,0.2110989583333333,-0.1383829861879348
506,30,81.9304,0.0,0,110.16769409179688,56.698123931884766,12.0,67.0,0.2191958333333333,-0.0878868848085403
506,41,173.8192,0.0029510067114093,5,110.14571380615234,56.01680374145508,12.0,70.0,0.2029244791666666,-0.0814744979143142
506,55,245.6099,8.366890380313198e-05,4,107.58103942871094,57.9500732421875,12.0,61.0,0.2413828125,-0.0176626294851303
506,68,116.6648,0.0003020134228187,6,102.33757019042967,54.23720550537109,10.0,63.0,0.2303541666666666,0.0866787731647491
508,38,236.2109,0.0,0,106.0978012084961,56.19169616699219,11.0,64.0,0.2262635416666666,0.0345897562801837
508,55,261.2068,0.0010496644295302,5,104.2800521850586,56.38086318969727,11.0,60.0,0.2458552083333333,0.0562080852687358
508,58,206.5885,0.0025619686800894,7,99.01903533935548,55.8599967956543,9.0,58.0,0.2618442708333333,0.2072814404964447
508,83,305.4499,9.619686800894856e-06,1,106.8861312866211,55.7099723815918,11.0,66.0,0.219184375,-0.0055377958342432
509,5,326.1168,0.0006507829977628,4,106.56279754638672,56.80720901489258,11.0,64.0,0.2243494791666666,0.0439930818974971
510,5,147.3732,0.0003295302013422,0,105.46263122558594,55.00619125366211,11.0,64.0,0.2310369791666666,-0.0267953630536794
511,0,197.8947,0.002693288590604,1,109.5920181274414,56.603782653808594,12.0,64.0,0.22935625,-0.0993686765432357
511,13,210.9883,1.3422818791946309e-06,0,113.56551361083984,56.034698486328125,12.0,72.0,0.1823541666666666,-0.19115050137043
512,14,195.8241,0.0001590604026845,5,107.44843292236328,56.42135620117188,12.0,64.0,0.2276223958333333,-0.0330191850662231
512,45,216.8327,0.0012407158836689,3,104.91075134277344,52.82430648803711,11.0,70.0,0.208828125,-0.0307022985070943
512,58,7.7238,5.145413870246085e-05,1,108.6229019165039,55.555755615234375,12.0,67.0,0.2218598958333333,-0.0718955174088478
512,90,264.4086,0.0011729306487695,4,107.6900863647461,55.10176849365234,12.0,67.0,0.2122380208333333,-0.0395323187112808
512,97,2.7612,0.0028069351230425,0,107.72476196289062,57.55538177490234,12.0,65.0,0.2256510416666666,0.0861579030752182
512,105,305.5108,3.48993288590604e-05,0,105.96269989013672,56.38051986694336,11.0,65.0,0.2270885416666666,0.1277851313352584
512,113,287.4776,0.0,2,115.26156616210938,56.52537536621094,12.0,73.0,0.1950895833333333,-0.2582318186759949
513,21,245.5415,9.642058165548098e-05,13,104.75370025634766,53.288116455078125,11.0,66.0,0.2195338541666666,-0.0358193665742874
513,42,272.1293,0.0,8,112.80545043945312,55.97013473510742,12.0,72.0,0.1996447916666666,-0.1873521506786346
513,49,209.6329,0.0002255033557046,2,104.83421325683594,54.01224136352539,11.0,65.0,0.2216489583333333,-0.0106479488313198
513,53,341.0457,0.0,1,113.5315170288086,55.00747680664063,12.0,74.0,0.1865364583333333,-0.2317583560943603
513,60,289.0346,0.0007134228187919,1,110.51583099365234,56.28375244140625,12.0,67.0,0.2100265625,-0.0927985534071922
513,70,343.2037,0.0001653243847874,0,113.20728302001952,55.65056228637695,12.0,72.0,0.1933942708333333,-0.2109490782022476
513,91,279.0129,0.0035979865771812,13,106.42529296875,52.60967254638672,11.0,70.0,0.1974635416666666,-0.0842922702431678
513,103,327.5306,0.0027286353467561,1,110.99036407470705,58.48312377929688,12.0,66.0,0.2215828125,-0.0135820396244525
513,108,214.7367,0.0025926174496644,0,114.68436431884766,62.00340270996094,12.0,65.0,0.2300338541666666,-0.043893352150917
513,136,306.2793,0.0,0,113.44988250732422,55.19091796875,12.0,73.0,0.1864213541666666,-0.2260800004005432
513,142,109.7057,0.0012270693512304,3,111.8846435546875,55.6934928894043,12.0,71.0,0.1989109375,-0.1475836634635925
513,171,246.1408,0.0,0,118.9216079711914,57.262054443359375,14.0,78.0,0.1818520833333333,-0.3322118520736694
513,174,286.4194,4.47427293064877e-06,1,118.35565185546876,59.371185302734375,14.0,71.0,0.1970078125,-0.232812687754631
513,179,124.2099,1.5659955257270692e-06,0,123.4632797241211,59.40066909790039,14.0,79.0,0.1794911458333333,-0.3810178935527801
513,185,74.6796,0.0009731543624161,6,113.3974151611328,56.56294631958008,12.0,71.0,0.2022239583333333,-0.1812455356121063
514,10,170.1708,0.0031046979865771,13,109.127197265625,54.120697021484375,12.0,70.0,0.1961119791666666,-0.1040288656949997
514,14,269.6657,0.0009407158836689,4,112.61334228515624,54.88408660888672,12.0,72.0,0.1870442708333333,-0.2177070081233978
515,0,332.4663,0.0022872483221476,10,108.51454162597656,55.42289733886719,12.0,68.0,0.2089984375,-0.0353221893310546
515,12,240.7643,0.0,7,115.38465118408205,56.17583465576172,12.0,75.0,0.1825203125,-0.2321565598249435
515,16,324.6592,0.0001145413870246,5,107.95381927490234,56.56485748291016,12.0,65.0,0.2226104166666666,0.0283089056611061
516,2,96.9553,2.237136465324385e-06,1,110.00056457519533,54.25312805175781,12.0,70.0,0.195203125,-0.1429580003023147
516,4,344.0478,2.6845637583892617e-06,3,111.71001434326172,55.71139144897461,12.0,71.0,0.1948317708333333,-0.1331498920917511
516,7,129.4555,0.0,2,113.96953582763672,55.49762344360352,12.0,73.0,0.1824786458333333,-0.2418917566537857
517,2,36.9911,0.0022096196868008,12,101.01171875,52.962623596191406,10.0,64.0,0.222296875,0.1565590947866439
517,16,282.3788,0.0,1,114.4769058227539,56.483036041259766,12.0,73.0,0.1843536458333333,-0.2050076872110366
517,31,201.3814,0.0003360178970917,4,101.6931610107422,52.48431396484375,10.0,65.0,0.2167255208333333,0.0867129787802696
517,61,111.4721,0.0018393736017897,6,108.02738189697266,55.90094757080078,11.0,66.0,0.2231651041666666,-0.0627732500433921
517,82,189.0944,1.4988814317673376e-05,4,101.09410095214844,54.32975006103516,10.0,63.0,0.2300119791666666,0.1550006568431854
517,90,64.8885,0.0024024608501118,12,109.00543212890624,55.66290664672852,11.0,67.0,0.1979354166666666,-0.0644264444708824
517,94,188.8198,0.0,0,114.05792236328124,55.85307312011719,12.0,73.0,0.1854859375,-0.2447931766510009
517,106,171.321,9.619686800894858e-06,8,112.18841552734376,55.85307693481445,12.0,71.0,0.1935776041666666,-0.1989906132221222
517,117,279.4449,0.0,0,113.64234924316406,56.34101486206055,12.0,72.0,0.1953473958333333,-0.2189466953277588
517,122,199.0824,0.0009116331096196,3,108.69890594482422,55.53728866577149,11.0,67.0,0.2094739583333333,-0.0720032826066017
517,125,257.4136,0.0033782997762863,1,103.27490234375,56.138179779052734,10.0,61.0,0.2395953125,0.1680554896593094
517,131,42.2881,0.0021689038031319,7,103.37123107910156,55.62218475341797,10.0,63.0,0.2311791666666666,0.1331164836883545
517,139,185.7677,0.0025733780760626,1,101.75105285644533,55.713645935058594,10.0,58.0,0.255603125,0.1047863215208053
517,160,329.3345,2.460850111856824e-06,4,107.02637481689452,54.02824401855469,11.0,68.0,0.2007057291666666,-0.0421711094677448
517,167,274.3884,0.0001335570469798,7,103.2889175415039,55.70610809326172,10.0,61.0,0.24343125,0.1012270003557205
517,177,102.8194,0.0002926174496644,6,110.8871841430664,55.08267593383789,11.0,71.0,0.1947213541666666,-0.1588441133499145
517,180,75.2317,0.0012076062639821,5,102.22453308105467,53.98362350463867,10.0,62.0,0.2373473958333333,0.0398739390075206
517,191,118.6749,0.0012288590604026,12,107.65789794921876,54.25006103515625,11.0,68.0,0.2063635416666666,-0.0874453410506248
517,193,349.8853,2.6845637583892617e-06,1,106.1821517944336,55.49274826049805,11.0,65.0,0.2236838541666666,-0.0246558878570795
518,1,136.6559,0.0028975391498881,4,105.6759262084961,53.38197708129883,11.0,67.0,0.2064640625,-0.0567998737096786
518,4,54.2332,6.97986577181208e-05,0,108.39216613769533,54.30840301513672,11.0,68.0,0.2022890625,-0.1274719089269638
518,7,109.8893,1.7897091722595078e-06,2,107.15160369873048,53.81827926635742,11.0,68.0,0.2044609375,-0.0942858383059501
518,9,27.1306,0.0,1,106.68407440185548,53.288230895996094,11.0,68.0,0.2027572916666666,-0.0923268422484397
518,16,313.8747,0.0,1,112.27491760253906,55.364479064941406,11.0,72.0,0.1896916666666666,-0.2255123257637024
518,24,273.9581,0.0020532438478747,6,106.11820220947266,55.00459289550781,11.0,67.0,0.2061520833333333,0.0070248981937766
519,7,193.6055,1.8568232662192395e-05,7,97.65135955810548,52.795188903808594,8.0,63.0,0.2341588541666666,0.2173904329538345
519,24,107.6869,0.0009232662192393,0,99.08580780029295,53.03549575805664,9.0,63.0,0.2342489583333333,0.1640101671218872
519,41,149.2575,0.002572706935123,5,103.84510040283205,57.5863037109375,11.0,59.0,0.2502192708333333,0.1326839625835418
519,56,209.9784,0.0014328859060402,12,102.0705795288086,56.05921173095703,10.0,60.0,0.2465739583333333,0.1396474093198776
519,79,286.4541,0.0013930648769574,14,106.76097869873048,54.14349365234375,11.0,68.0,0.19935625,-0.0454772859811782
519,85,161.0143,9.619686800894856e-06,3,102.03295135498048,54.31224822998047,10.0,61.0,0.2405557291666666,0.0595765598118305
519,92,76.8715,0.0018485458612975,3,103.52806854248048,53.21400833129883,10.0,67.0,0.2034932291666666,0.0845352113246917
519,110,156.621,0.0025255033557046,1,109.76177978515624,54.57715225219727,11.0,72.0,0.1870416666666666,-0.1088500767946243
519,114,69.8919,0.0005163310961968,6,108.84062957763672,55.098751068115234,11.0,70.0,0.1969723958333333,-0.0803412497043609
519,121,20.8389,0.0022154362416107,1,107.58650207519533,55.18363571166992,11.0,67.0,0.2110229166666666,-0.0590370744466781
519,129,325.3687,0.0,2,113.95024871826172,57.1401596069336,12.0,72.0,0.1866385416666666,-0.1733516901731491
519,141,180.6242,0.003293736017897,1,105.8407745361328,54.23303985595703,11.0,66.0,0.2114776041666666,-0.0271611232310533
519,151,287.0471,0.0001740492170022,0,109.50334167480467,56.42041397094727,11.0,66.0,0.2185666666666666,-0.08696810901165
519,187,350.81,0.0013125279642058,0,104.1167221069336,54.64680099487305,10.0,66.0,0.2140078125,0.0818773955106735
519,193,51.9308,0.0009800894854586,5,106.69711303710938,55.78927230834961,11.0,65.0,0.2222296875,-0.0141776716336607
519,206,293.3612,8.501118568232662e-06,0,112.30653381347656,55.9032096862793,12.0,71.0,0.1981541666666666,-0.1995525807142257
520,3,282.0458,0.0015181208053691,0,113.179931640625,57.32184600830078,11.0,70.0,0.1996520833333333,-0.1945553570985794
521,1,122.2116,0.0018440715883668,5,102.21660614013672,56.69408416748047,10.0,61.0,0.2415067708333333,0.1473684608936309
521,15,48.5407,1.1409395973154363e-05,0,111.85033416748048,59.85316848754883,11.0,64.0,0.2348854166666666,-0.1134062558412551
521,52,134.0752,2.9082774049217005e-06,2,107.37276458740234,56.19205474853516,11.0,67.0,0.216271875,-0.0188916232436895
522,12,341.8529,0.0032706935123042,4,111.29371643066406,55.02077865600586,11.0,74.0,0.1821895833333333,-0.1692226380109787
525,11,135.8236,7.38255033557047e-06,0,108.44913482666016,55.812644958496094,10.0,67.0,0.2145364583333333,-0.1482632309198379
526,5,1.3326,0.0017762863534675,4,113.7872085571289,59.03102493286133,11.0,67.0,0.2157098958333333,-0.2074477225542068
526,9,106.898,0.0,0,116.6895523071289,56.50269317626953,11.0,78.0,0.17496875,-0.3731340765953064
526,14,171.5436,2.237136465324385e-07,0,113.4984893798828,57.5262565612793,11.0,72.0,0.1942515625,-0.2426236122846603
526,16,227.6442,6.711409395973154e-07,0,117.20619201660156,60.5467529296875,11.0,72.0,0.2026401041666666,-0.1985580623149871
526,24,176.8184,0.0,0,120.92176055908205,59.76653289794922,12.0,79.0,0.1803052083333333,-0.361151784658432
526,32,277.8972,0.0,0,123.58078002929688,61.12546157836914,12.0,79.0,0.1825505208333333,-0.3952281475067138
526,40,173.9438,0.0,0,119.12316131591795,59.00485229492188,11.0,79.0,0.1807671875,-0.3093069493770599
526,71,60.5583,0.0017637583892617,10,106.82474517822266,59.00067138671875,10.0,64.0,0.2317416666666666,0.103543072938919
526,93,235.7955,0.0009838926174496,3,111.36851501464844,57.78178787231445,10.0,73.0,0.1918510416666666,-0.0405163988471031
527,0,126.3328,0.0022507829977628,4,110.5989990234375,58.21592330932617,10.0,70.0,0.1970526041666666,-0.0346745364367961
529,3,333.79,4.675615212527965e-05,4,112.26950073242188,57.83398818969727,10.0,72.0,0.1945645833333333,-0.1561048179864883
530,7,131.3372,3.3557046979865773e-06,2,111.3892822265625,56.78606414794922,10.0,74.0,0.1998932291666666,-0.1601790338754654
532,2,214.3586,0.0026022371364653,0,98.56031799316406,53.28023910522461,8.0,64.0,0.2299458333333333,0.1676714867353439
534,4,352.2731,0.0001617449664429,2,108.5779037475586,55.44645690917969,11.0,71.0,0.2076796875,-0.0492895543575286
535,0,225.3254,0.0,7,100.96676635742188,56.0601692199707,9.0,61.0,0.2394286458333333,0.2039898037910461
535,25,148.9931,0.00095548098434,0,104.79225158691406,56.1370735168457,10.0,65.0,0.2222583333333333,0.0695947259664535
541,4,112.2441,4.899328859060403e-05,4,102.71156311035156,54.41606140136719,10.0,66.0,0.2170973958333333,0.0933897346258163
541,8,303.745,5.369127516778524e-06,6,106.82611846923828,55.91691970825195,11.0,66.0,0.2272411458333333,-0.0157536957412958
541,19,314.738,5.1454138702460855e-06,0,109.67839813232422,56.54752731323242,11.0,70.0,0.2119286458333333,-0.0846014693379402
544,13,75.4211,0.0004465324384787,2,106.74612426757812,55.33046340942383,11.0,66.0,0.2253375,-0.0355659686028957
544,18,259.6968,0.0006610738255033,0,106.18915557861328,55.4770736694336,11.0,64.0,0.2273536458333333,-0.0172416716814041
545,35,161.5019,3.691275167785235e-05,12,97.22968292236328,54.9096794128418,8.0,59.0,0.2555395833333333,0.2835633158683777
545,75,67.8877,0.0015434004474272,13,98.27174377441406,54.0246696472168,8.0,59.0,0.254334375,0.1854445934295654
545,85,49.1618,0.000682774049217,10,102.38294219970705,55.316314697265625,9.0,65.0,0.22473125,0.1435993164777755
545,109,72.6343,2.237136465324385e-06,0,109.2732925415039,56.635009765625,11.0,73.0,0.20456875,-0.0260481853038072
545,127,66.0547,0.0003778523489932,0,105.15426635742188,54.35734939575195,10.0,68.0,0.2144145833333333,0.0079715671017766
545,164,118.1149,0.0019228187919463,4,96.72943878173828,54.38093948364258,8.0,59.0,0.2521651041666666,0.2864894270896911
545,169,297.6693,0.0002098434004474,1,97.78343200683594,54.43582534790039,8.0,59.0,0.2521796875,0.2470377832651138
545,171,181.4609,0.001086577181208,10,97.45748138427734,54.16629409790039,8.0,60.0,0.2486171875,0.2657462060451507
545,175,231.5605,0.0001512304250559,10,101.41395568847656,55.00544738769531,9.0,61.0,0.2357994791666666,0.1354745775461197
545,178,325.4337,0.000131543624161,8,104.27696990966795,55.66640472412109,10.0,66.0,0.2241109375,0.1170273348689079
548,1,7.5693,0.0031393736017897,4,103.79308319091795,55.19841766357422,10.0,64.0,0.2317390625,0.0445395223796367
548,4,243.819,0.0002398210290827,0,104.56488800048828,56.22726058959961,10.0,61.0,0.2445536458333333,0.0694664642214775
548,90,204.4842,0.0019217002237136,2,108.14906311035156,57.68768310546875,11.0,68.0,0.1994427083333333,0.1037594228982925
548,115,219.7227,0.0003228187919463,1,108.7970199584961,55.3195686340332,12.0,70.0,0.2061635416666666,-0.06548672914505
548,116,97.0503,2.6398210290827744e-05,0,109.95528411865234,55.89519882202149,12.0,68.0,0.2053630208333333,-0.0956063121557235
548,128,74.4885,8.948545861297539e-07,0,109.00025177001952,57.21730041503906,12.0,70.0,0.2120088541666666,0.0267578363418579
548,153,309.6261,1.2975391498881432e-05,9,101.56490325927734,54.92161560058594,10.0,63.0,0.2331322916666666,0.1717240959405899
548,157,282.513,0.0006501118568232,0,108.3024673461914,55.93974685668945,11.0,68.0,0.212978125,0.0022577170748263
549,4,251.8742,0.0005953020134228,8,103.26385498046876,56.44411849975586,10.0,60.0,0.2480130208333333,0.1186000108718872
549,15,321.7816,0.0008608501118568,0,104.2042007446289,56.4234619140625,11.0,59.0,0.2553276041666666,0.0788523107767105
550,4,240.9375,0.0001702460850111,12,106.45233154296876,56.599754333496094,11.0,61.0,0.2410276041666666,0.0152869084849953
550,37,311.0105,0.0024666666666666,0,113.55941009521484,59.63343811035156,12.0,67.0,0.2198098958333333,-0.1029717549681663
552,40,270.0148,2.393736017897092e-05,4,96.4306869506836,54.67979431152344,8.0,53.0,0.2857739583333333,0.2406421601772308
552,91,12.6897,5.503355704697987e-05,7,97.69723510742188,55.84837341308594,9.0,57.0,0.26966875,0.28131964802742
555,11,148.5553,0.00168322147651,5,99.5042495727539,54.11098098754883,9.0,57.0,0.2626359375,0.1291000097990036
555,39,115.6509,0.0002541387024608,9,95.68595123291016,54.47208404541016,8.0,58.0,0.2590765625,0.3459049165248871
555,51,182.6327,2.147651006711409e-05,15,96.23501586914062,54.89357376098633,8.0,56.0,0.2715817708333333,0.30635866522789
555,87,85.9997,0.002276062639821,6,95.0275421142578,54.96435928344727,8.0,56.0,0.275540625,0.3760933876037597
555,93,282.7814,2.237136465324385e-06,1,97.21588134765624,54.99485778808594,8.0,58.0,0.2656984375,0.289984792470932
555,130,286.6108,4.720357941834452e-05,0,110.0514678955078,57.70001602172852,11.0,68.0,0.2209005208333333,-0.0119076697155833
555,189,80.1797,0.0003080536912751,4,103.75155639648438,57.629188537597656,11.0,59.0,0.2504630208333333,0.1880887001752853
557,66,52.5341,3.4675615212527964e-05,0,102.3936996459961,56.51692199707031,10.0,59.0,0.2525807291666667,0.1038893163204193
559,8,130.6704,0.0014082774049217,3,103.08338165283205,56.7549934387207,10.0,58.0,0.2623526041666666,0.0833005532622337
560,5,132.5231,0.0010136465324384,0,103.4087142944336,57.584075927734375,10.0,53.0,0.2796895833333333,0.0498464107513427
565,29,290.3384,0.0001514541387024,0,107.2567138671875,58.01261520385742,10.0,59.0,0.2521859375,-0.0571290664374828
565,33,14.3551,5.302013422818792e-05,8,105.13481903076172,57.210723876953125,10.0,60.0,0.2484380208333333,0.0135848177596926
565,34,87.8149,0.0007288590604026,3,103.94731903076172,56.63983917236328,10.0,61.0,0.2435760416666666,0.0618372000753879
565,93,21.0028,1.5659955257270695e-05,8,103.71808624267578,57.65522003173828,10.0,58.0,0.2608619791666666,0.0880453959107399
565,94,63.4233,3.355704697986577e-05,4,104.82568359375,57.87995529174805,10.0,58.0,0.2584276041666666,0.0577927306294441
565,96,196.0902,0.0010539149888143,7,103.88345336914062,57.3931999206543,10.0,58.0,0.2582692708333333,0.0840284377336502
565,100,115.4823,9.507829977628635e-05,4,105.85547637939452,57.62778854370117,10.0,60.0,0.2481578125,0.029125478118658
565,116,36.6014,0.0001534675615212,0,107.3997802734375,57.46192169189453,10.0,61.0,0.2400489583333333,-0.0343573577702045
565,158,254.6855,0.001021029082774,7,100.65492248535156,57.38698196411133,9.0,58.0,0.2574864583333333,0.2118464410305023
492,6,266.4432,0.0,0,137.96200561523438,70.9644546508789,16.0,81.0,0.1682,-0.3106682300567627
492,12,131.8405,0.0,3,137.9237060546875,71.25071716308594,16.0,78.0,0.1797927083333333,-0.3290014266967773
493,8,189.7599,0.001707158836689,2,127.1517562866211,69.27623748779297,14.0,68.0,0.2172171875,-0.1739106923341751
493,14,55.11,0.0027753914988814,0,125.31198120117188,65.01848602294922,14.0,73.0,0.19349375,-0.2286180406808853
493,16,98.6745,3.3557046979865773e-06,7,129.6318359375,67.49497985839844,15.0,72.0,0.1938260416666666,-0.2666341960430145
493,28,56.3483,0.0032136465324384,9,129.53538513183594,67.5040054321289,15.0,73.0,0.1988520833333333,-0.2722167074680328
493,39,6.8181,0.0015100671140939,9,115.92267608642578,64.16388702392578,12.0,64.0,0.2359494791666666,-0.0374294072389602
493,50,35.1795,0.0025026845637583,11,118.92416381835938,63.24622344970703,12.0,67.0,0.2120322916666666,-0.1197704896330833
493,86,142.9522,0.0010825503355704,7,124.41961669921876,66.10466766357422,14.0,68.0,0.2105791666666666,-0.2093831896781921
493,98,96.3965,0.0007534675615212,7,116.88216400146484,62.07668685913086,12.0,65.0,0.2211989583333333,-0.1225734055042266
493,114,285.99,0.0018961968680089,0,119.5582046508789,60.84819030761719,12.0,73.0,0.1895729166666666,-0.2231512665748596
493,118,162.8922,0.0001733780760626,1,119.49542236328124,60.84160232543945,12.0,73.0,0.1886098958333333,-0.2245150804519653
494,1,126.2362,0.0016456375838926,0,117.51739501953124,62.60105895996094,12.0,71.0,0.19944375,-0.078089989721775
494,19,356.381,0.0004988814317673,0,117.33992767333984,62.571380615234375,12.0,66.0,0.2177895833333333,-0.1132198050618171
494,31,246.3468,0.0,0,121.0540008544922,64.91498565673828,12.0,71.0,0.204471875,-0.1296125203371048
494,45,11.0741,2.975391498881431e-05,8,111.04605102539062,60.52740478515625,11.0,65.0,0.2296807291666666,0.0036390386521816
496,3,276.7652,0.003493736017897,7,117.6471176147461,64.18540954589844,14.0,64.0,0.2388463541666666,-0.1313865184783935
496,9,352.1606,2.237136465324385e-07,0,114.59107971191406,60.202972412109375,12.0,65.0,0.2316770833333333,-0.1884507834911346
497,6,96.6316,0.0020085011185682,15,112.7614517211914,61.56364059448242,12.0,63.0,0.2345776041666666,-0.0401875153183937
497,24,41.4056,0.0029923937360178,2,115.20033264160156,57.887306213378906,12.0,73.0,0.1957833333333333,-0.2459728419780731
497,53,218.9385,0.0003514541387024,1,112.04525756835938,60.54973983764648,12.0,61.0,0.2412895833333333,-0.0761095583438873
497,93,87.3945,0.0036527964205816,0,108.5883331298828,59.01584243774414,12.0,59.0,0.2518625,-0.046800211071968
497,104,155.7395,0.0015664429530201,2,111.51710510253906,60.14590072631836,12.0,63.0,0.2377401041666666,-0.0785901620984077
497,113,173.4751,4.47427293064877e-07,4,114.09368896484376,57.7219123840332,12.0,71.0,0.2010791666666666,-0.2054679691791534
497,120,184.3758,4.921700223713648e-06,4,113.67137145996094,62.83341598510742,12.0,64.0,0.2324760416666666,0.0098566757515072
497,133,125.3734,0.0025729306487695,2,115.23566436767578,59.99446868896485,12.0,67.0,0.2166833333333333,-0.1971960961818695
497,140,343.0705,0.0013472035794183,0,115.33023834228516,59.47368240356445,12.0,68.0,0.2040807291666666,-0.2015501707792282
497,155,347.529,6.263982102908277e-06,4,109.44711303710938,57.98400115966797,12.0,65.0,0.224503125,-0.0722210705280304
497,166,92.7316,0.0031950782997762,7,121.82884979248048,63.802364349365234,14.0,70.0,0.2108088541666666,-0.2451460659503936
497,170,323.6109,0.0,0,118.5854949951172,61.00814437866211,13.0,70.0,0.2119651041666666,-0.2283229976892471
497,175,159.1487,0.0010709172259507,8,113.40390014648438,59.41499328613281,12.0,67.0,0.2186744791666666,-0.1488293409347534
497,192,201.8652,6.711409395973154e-07,3,111.0011978149414,57.001583099365234,12.0,70.0,0.2044916666666666,-0.1059263125061988
497,199,289.4812,0.0016812080536912,6,111.69888305664062,61.56586456298828,12.0,63.0,0.2393854166666666,0.0193336121737957
497,207,322.412,0.0,11,108.89613342285156,57.43964385986328,12.0,66.0,0.2167916666666666,0.0099929263815283
498,0,164.5929,0.0016977628635346,5,117.4897003173828,60.4629020690918,12.0,73.0,0.203059375,-0.1751381456851959
498,5,190.1796,0.0,6,119.75945281982422,60.60105895996094,14.0,72.0,0.1996713541666666,-0.2862924337387085
499,15,83.4862,0.0004711409395973,3,109.97799682617188,59.56836318969727,12.0,61.0,0.240065625,-0.0277236625552177
501,21,250.9381,0.0021941834451901,0,108.85991668701172,56.16376495361328,11.0,68.0,0.2115765625,-0.0508405081927776
501,61,51.5134,0.0024465324384787,2,112.98825073242188,58.77303695678711,12.0,68.0,0.2130671875,-0.0868281200528144
501,89,121.6397,0.0005322147651006,3,113.76255798339844,58.69229507446289,12.0,71.0,0.1996192708333333,-0.0537957102060318
501,110,301.5386,0.0,5,120.55684661865234,58.07144165039063,12.0,79.0,0.1732973958333333,-0.345400333404541
501,117,2.5645,0.0003673378076062,0,124.77330780029295,62.05947494506836,14.0,78.0,0.18465625,-0.2801989614963531
501,130,155.3209,0.0006536912751677,3,113.21398162841795,58.2702751159668,12.0,71.0,0.19925625,-0.0718197524547576
501,135,183.2399,0.0028431767337807,7,113.4072036743164,58.4934196472168,12.0,70.0,0.2049354166666666,-0.0723104476928711
501,158,116.2795,3.8031319910514553e-06,3,113.62642669677734,58.58968734741211,12.0,70.0,0.2106822916666666,-0.1346228271722793
501,166,252.8058,0.0031559284116331,0,116.11583709716795,59.06793212890625,12.0,73.0,0.1874791666666666,-0.1142763644456863
501,172,350.796,0.0019011185682326,8,111.56403350830078,58.62294769287109,12.0,66.0,0.2216302083333333,-0.0740259289741516
501,185,325.3073,0.0027006711409395,9,112.30805206298828,55.34884262084961,12.0,73.0,0.1863286458333333,-0.1919998377561569
501,194,313.8481,0.0,2,121.03659057617188,57.59556579589844,12.0,80.0,0.1593677083333333,-0.3703132271766662
501,208,100.6579,2.237136465324385e-07,1,116.4628677368164,57.938568115234375,12.0,73.0,0.1795020833333333,-0.2062843292951584
501,221,180.9521,0.0032404921700223,5,108.82316589355467,54.7023811340332,11.0,71.0,0.1854307291666666,-0.0570102371275424
504,8,141.7764,0.0002378076062639,0,106.32322692871094,56.91764068603516,12.0,61.0,0.2418796875,0.0118213463574647
504,8,351.808,6.935123042505593e-06,0,105.17066955566406,56.58429336547852,11.0,61.0,0.2434088541666666,0.0452637635171413
504,10,164.1919,0.002569351230425,1,94.8329086303711,56.2926025390625,8.0,51.0,0.3062807291666666,0.3152324259281158
504,37,199.4067,0.0007190156599552,0,95.67633819580078,56.58918380737305,8.0,52.0,0.2995541666666667,0.3073147535324096
504,52,36.3205,3.02013422818792e-05,0,102.25184631347656,57.45449066162109,11.0,57.0,0.2630838541666667,0.1789547055959701
504,65,315.1424,0.0033319910514541,0,101.0342025756836,55.70539474487305,10.0,58.0,0.26085,0.1475151181221008
504,67,345.4469,0.0011299776286353,0,97.1194076538086,55.53936767578125,9.0,53.0,0.28676875,0.2577597200870514
504,69,248.6344,0.0034527964205816,7,95.14736938476562,54.96062088012695,8.0,53.0,0.2905609375,0.3163122832775116
504,84,118.794,4.697986577181209e-06,5,103.37378692626952,57.63447570800781,11.0,56.0,0.27128125,0.1285701990127563
504,97,187.5334,0.0002114093959731,0,104.12155151367188,56.7343635559082,11.0,59.0,0.2551166666666666,0.0725366100668907
504,112,103.214,0.0006427293064876,0,100.28530883789062,56.05948257446289,10.0,56.0,0.2746765625,0.1759025454521179
504,122,175.2991,2.237136465324385e-07,1,109.83800506591795,56.18157958984375,12.0,66.0,0.2248015625,-0.1200211867690086
504,128,338.7689,0.0006060402684563,0,110.5344009399414,57.91266632080078,12.0,65.0,0.2209020833333333,-0.0558965913951396
504,137,29.1196,0.0,4,115.60161590576172,58.55601119995117,14.0,67.0,0.2196854166666666,-0.2200078219175338
504,150,70.5949,0.0026841163310961,0,109.28230285644533,59.86054611206055,12.0,59.0,0.2519364583333333,-0.0160285104066133
504,167,130.6919,2.2818791946308727e-05,2,108.87598419189452,57.61772918701172,12.0,61.0,0.2423791666666666,-0.0699081346392631
504,182,314.1289,0.0,0,112.60911560058594,56.44772720336914,12.0,73.0,0.1930333333333333,-0.1412901431322097
504,192,142.2427,1.5659955257270697e-06,5,106.82666778564452,54.948974609375,12.0,66.0,0.2105838541666666,-0.0035515355411916
504,206,262.2584,0.0014031319910514,6,101.99890899658205,55.13396453857422,10.0,61.0,0.238178125,0.1572171747684478
505,7,183.4339,0.0,0,109.60659790039062,56.76290130615234,12.0,66.0,0.2222864583333333,-0.0806025117635726
505,12,228.0014,0.0,3,106.44058227539062,56.13043212890625,12.0,64.0,0.2261385416666666,0.0196650642901659
505,21,19.7205,8.903803131991053e-05,2,103.79551696777344,56.44934844970703,11.0,63.0,0.2335286458333333,0.1515371650457382
505,61,131.3004,5.123042505592841e-05,11,100.7860107421875,55.40836334228516,10.0,59.0,0.2521375,0.1794916242361068
505,78,4.0714,0.0015968680089485,14,99.16517639160156,54.95283508300781,9.0,58.0,0.2593989583333333,0.2090926617383957
505,88,64.4123,0.0014955257270693,9,101.0192413330078,55.271583557128906,10.0,58.0,0.2586609375,0.158908411860466
505,124,99.0003,0.0028333333333333,6,102.45415496826172,54.46913146972656,10.0,59.0,0.2514515625,0.0241367239505052
505,130,96.7186,0.001069351230425,2,107.2754364013672,55.85634231567383,12.0,66.0,0.224996875,-0.0371289700269699
505,146,84.5128,0.0023429530201342,4,103.18848419189452,56.61938095092773,11.0,60.0,0.2474828125,0.1505853682756424
505,162,275.7547,2.6845637583892617e-06,8,107.95954132080078,55.92319107055664,12.0,68.0,0.2088875,0.0336547270417213
505,184,340.1942,0.0,8,114.69784545898438,58.98763275146485,12.0,72.0,0.1974291666666666,-0.0624486058950424
506,14,11.8806,7.606263982102909e-06,0,106.92652130126952,56.5783805847168,12.0,64.0,0.227409375,0.0124992029741406
506,19,251.9534,0.0,2,110.59561157226562,56.06221008300781,12.0,68.0,0.2130359375,-0.1344565749168396
506,32,219.8794,0.0012020134228187,12,108.6383056640625,56.608009338378906,12.0,67.0,0.2112760416666666,-0.0035250862129032
506,43,38.6071,0.0012409395973154,5,103.81114196777344,56.22396469116211,11.0,61.0,0.2392583333333333,0.1128400042653083
506,57,337.8277,0.0,9,110.27384948730467,56.57736587524414,12.0,68.0,0.2089197916666666,-0.0657821670174598
508,8,138.4566,0.0013977628635346,6,101.20503997802734,55.61934280395508,10.0,60.0,0.2492171875,0.1776207387447357
508,39,37.6753,0.0035161073825503,8,100.9495086669922,54.4945182800293,10.0,61.0,0.2374234375,0.1332719326019287
508,55,276.6567,0.0028127516778523,3,104.51050567626952,56.41103744506836,11.0,60.0,0.245128125,0.0336857959628105
508,59,117.4385,0.0015917225950782,5,98.86996459960938,54.50548553466797,9.0,59.0,0.2556776041666667,0.1962676793336868
508,83,324.1159,0.0008870246085011,4,105.83446502685548,55.93735504150391,11.0,64.0,0.2312072916666666,0.0273613035678863
509,6,94.6845,0.0001165548098434,3,106.30018615722656,56.57723236083984,11.0,64.0,0.2299375,0.0479055978357791
510,6,285.6983,0.0001129753914988,10,101.9390640258789,54.713623046875,10.0,61.0,0.2409296875,0.0510427244007587
511,0,313.6027,0.0016257270693512,0,109.73470306396484,57.07431411743164,12.0,64.0,0.2302932291666666,-0.0949905887246131
512,0,179.0339,0.0001270693512304,0,109.88951110839844,56.1986083984375,12.0,70.0,0.2158901041666666,-0.1132508367300033
512,25,79.8697,2.9753914988814324e-05,0,104.3006362915039,56.03208541870117,11.0,60.0,0.2483755208333333,0.0419552102684974
512,45,348.5809,0.0007375838926174,10,105.87055206298828,53.0499153137207,11.0,70.0,0.2079208333333333,-0.0588922947645187
512,60,306.4556,0.0022847874720357,0,112.9989776611328,57.66238021850586,12.0,71.0,0.2027140625,-0.1008433401584625
512,91,210.3623,1.5659955257270697e-06,0,109.85816192626952,56.87461853027344,12.0,67.0,0.21330625,-0.0336230918765068
512,97,240.3315,0.0002011185682326,0,108.01838684082033,56.49308013916016,12.0,66.0,0.2207411458333333,-0.0016567495185881
512,107,227.6555,3.176733780760627e-05,9,105.2616729736328,55.91931915283203,11.0,64.0,0.2281067708333333,0.109705664217472
512,114,159.3701,0.0,0,115.1476821899414,56.47772216796875,12.0,73.0,0.195275,-0.2568671703338623
513,27,6.8186,0.0035668903803131,11,102.0475845336914,52.97799301147461,10.0,64.0,0.2304354166666666,0.0123063968494534
513,43,57.594,0.0012847874720357,8,107.82010650634766,54.27675247192383,11.0,67.0,0.2165395833333333,-0.1025840118527412
513,49,327.3388,0.0014049217002237,8,104.60671997070312,54.05787658691406,11.0,65.0,0.2248942708333333,-0.0090884352102875
513,54,93.5886,0.0,0,113.34432983398438,54.84538650512695,12.0,73.0,0.18721875,-0.2378527969121933
513,60,321.7901,8.724832214765101e-06,0,110.76399230957033,56.53997039794922,12.0,67.0,0.2094286458333333,-0.0870259925723075
513,72,250.8942,0.0022064876957494,8,106.28130340576172,55.77690124511719,12.0,64.0,0.2305026041666666,0.0121872499585151
513,93,248.2659,0.0,0,116.3172378540039,58.77558898925781,12.0,71.0,0.1978114583333333,-0.1351454406976699
513,104,27.6969,5.950782997762864e-05,0,110.77886199951172,58.96659851074219,12.0,66.0,0.22184375,0.0169342774897813
513,125,266.6857,0.0007342281879194,0,103.50027465820312,55.06382751464844,11.0,64.0,0.2326369791666666,0.0842107608914375
513,138,90.6831,0.0009299776286353,0,109.18353271484376,54.951416015625,12.0,70.0,0.2043364583333333,-0.1004840210080146
513,146,92.4007,0.0036519015659955,0,107.53997039794922,55.019134521484375,12.0,66.0,0.2188875,-0.0563344396650791
513,172,21.6131,0.0,0,121.03453063964844,59.19514083862305,14.0,78.0,0.1877083333333333,-0.3053969144821167
513,175,111.6978,2.684563758389262e-06,1,118.53472137451172,59.35910034179688,14.0,71.0,0.1960588541666666,-0.236730694770813
513,180,335.6089,0.0,5,121.15803527832033,57.81933975219727,14.0,79.0,0.1828416666666666,-0.3881580829620361
513,187,94.027,1.633109619686801e-05,2,109.91791534423828,55.847412109375,12.0,67.0,0.2173302083333333,-0.1405691504478454
514,11,113.7931,0.0027020134228187,10,101.69768524169922,53.14284896850586,10.0,64.0,0.2299604166666666,0.1073346063494682
514,16,133.0852,0.0026782997762863,1,107.43396759033205,53.38289260864258,12.0,67.0,0.2077161458333333,-0.104531817138195
515,2,5.2487,9.843400447427292e-06,5,108.8914031982422,55.968257904052734,12.0,67.0,0.2204046875,-0.0606065839529037
515,12,267.7066,0.0010709172259507,3,112.88804626464844,56.047813415527344,12.0,72.0,0.2028192708333333,-0.1815949976444244
515,17,333.358,2.237136465324385e-07,10,106.79684448242188,56.27672958374024,12.0,65.0,0.2167583333333333,0.0730394199490547
516,2,119.4617,0.0012608501118568,0,109.82209777832033,54.25035095214844,12.0,70.0,0.195709375,-0.1385362446308136
516,5,61.8516,1.3422818791946309e-06,11,111.56177520751952,55.63839721679688,12.0,70.0,0.1956302083333333,-0.1348827481269836
516,7,295.5261,0.0,4,109.34671783447266,54.117454528808594,11.0,71.0,0.1889578125,-0.1147376298904419
517,3,192.0116,1.9463087248322143e-05,3,99.5809555053711,52.2922248840332,9.0,63.0,0.2286052083333333,0.1366908997297287
517,18,347.8203,0.0022762863534675,6,105.64099884033205,54.66854095458984,11.0,66.0,0.2182541666666666,-0.0238796882331371
517,32,32.4871,5.369127516778524e-06,6,99.5034408569336,51.85027313232422,9.0,64.0,0.2239708333333333,0.133642241358757
517,61,280.2716,4.317673378076063e-05,7,104.6792984008789,52.20359802246094,11.0,70.0,0.1955635416666666,-0.0185728091746568
517,82,355.1804,1.2975391498881432e-05,0,102.06674194335938,54.41356658935547,10.0,63.0,0.2278359375,0.1172457858920097
517,90,65.8601,0.0028771812080536,12,109.05429077148438,55.65161895751953,11.0,68.0,0.1976385416666666,-0.0652805119752883
517,94,220.8154,0.0,1,114.01956939697266,55.87345886230469,12.0,73.0,0.1860520833333333,-0.2426908463239669
517,108,77.1046,0.0,2,112.475341796875,55.40047073364258,12.0,72.0,0.1894380208333333,-0.2031817138195037
517,118,309.0508,0.0,5,113.84890747070312,56.37923431396485,12.0,71.0,0.191971875,-0.2222371101379394
517,122,260.6321,0.0,0,112.8278350830078,55.0756950378418,12.0,73.0,0.1870739583333333,-0.2271207720041275
517,126,143.9786,0.0035930648769574,3,106.28553009033205,56.70369720458984,11.0,65.0,0.220265625,0.1057712137699127
517,131,255.9299,1.3422818791946309e-06,0,104.9069366455078,55.366886138916016,11.0,65.0,0.2162166666666666,0.1083196252584457
517,140,138.0316,8.94854586129754e-06,3,104.85356903076172,54.80988311767578,11.0,65.0,0.2186671875,0.0626536384224891
517,161,118.3197,8.098434004474274e-05,1,108.3135986328125,54.77779006958008,11.0,68.0,0.1997182291666666,-0.0643846094608306
517,169,190.5062,3.31096196868009e-05,4,101.40599822998048,53.635684967041016,10.0,64.0,0.2271015625,0.1210554465651512
517,177,271.5917,0.0006373601789709,11,108.34905242919922,55.1828727722168,11.0,68.0,0.20829375,-0.0847645699977874
517,180,299.8002,3.914988814317674e-05,1,101.45621490478516,53.9741325378418,10.0,63.0,0.2371744791666666,0.0702545717358589
517,191,288.7818,0.0016342281879194,10,111.85945892333984,55.41903305053711,11.0,71.0,0.196178125,-0.1838936656713485
517,194,114.3182,0.0037516778523489,11,104.29660034179688,55.568885803222656,11.0,64.0,0.2314458333333333,0.0414444394409656
518,1,194.9042,0.0033152125279642,13,112.78630828857422,55.43659591674805,11.0,73.0,0.1855921875,-0.2255667448043823
518,5,52.2655,4.138702460850112e-05,0,106.96427154541016,54.00175857543945,11.0,67.0,0.2089859375,-0.091425247490406
518,7,123.3711,0.0026082774049217,1,109.9109344482422,55.34807586669922,11.0,68.0,0.2069432291666666,-0.154242068529129
518,9,100.2038,0.0028246085011185,11,101.82978057861328,52.9272346496582,10.0,64.0,0.2254927083333333,0.0422675982117652
518,17,236.176,0.0019599552572706,15,98.97356414794922,54.26089477539063,9.0,61.0,0.2406557291666666,0.1932964920997619
519,2,254.8639,0.0,2,108.86405181884766,55.97395324707031,11.0,67.0,0.2141130208333333,-0.0850173309445381
519,14,89.7825,3.60178970917226e-05,2,103.2840805053711,55.1820182800293,10.0,64.0,0.2236046875,0.099691703915596
519,27,209.1063,6.442953020134228e-05,4,100.5437469482422,53.05810928344727,9.0,63.0,0.2285192708333333,0.0943584442138671
519,41,323.0235,5.1454138702460855e-06,0,105.2309341430664,56.42015075683594,11.0,64.0,0.2333348958333333,0.0504369549453258
519,56,279.6849,0.0027208053691275,0,105.02049255371094,55.86612319946289,11.0,64.0,0.2349479166666666,0.0275214742869138
519,82,41.406,4.47427293064877e-07,0,110.0306167602539,54.512577056884766,11.0,71.0,0.1872630208333333,-0.1422092318534851
519,85,237.7806,0.0004436241610738,0,101.97605895996094,54.19318389892578,10.0,61.0,0.2386328125,0.0565169528126716
519,93,201.3786,3.13199105145414e-06,6,101.54750061035156,52.4272575378418,10.0,65.0,0.2124708333333333,0.0918923020362854
519,110,250.0395,2.237136465324385e-07,8,110.31122589111328,54.89548110961914,11.0,72.0,0.1852098958333333,-0.1087529584765434
519,115,11.9458,6.711409395973154e-07,1,108.9687728881836,55.13106536865234,11.0,70.0,0.1984119791666666,-0.0808334127068519
519,121,166.8928,0.0012979865771812,11,107.12855529785156,55.559364318847656,11.0,67.0,0.2113322916666666,0.0060065831057727
519,130,52.3531,0.0,0,112.70021057128906,55.5691032409668,12.0,73.0,0.1832677083333333,-0.1913176774978637
519,142,59.6915,0.0021046979865771,0,105.56173706054688,54.05396270751953,11.0,67.0,0.2056302083333333,-0.0050691752694547
519,154,118.7761,0.003728187919463,1,103.08943176269533,54.48921585083008,10.0,64.0,0.2315484375,0.0771804451942443
519,189,338.7171,0.0002418344519015,1,105.31279754638672,55.01369857788086,11.0,66.0,0.2106625,0.0433801524341106
519,193,151.0622,0.0013111856823266,14,103.88255310058594,55.54478454589844,10.0,64.0,0.2339088541666666,0.0436817705631256
519,206,344.9464,0.0025418344519015,4,109.44300842285156,56.57193374633789,11.0,66.0,0.2211536458333333,-0.076546162366867
520,4,35.5728,7.158836689038031e-06,0,112.74456024169922,57.05824661254883,11.0,71.0,0.1895515625,-0.1690072417259216
521,1,182.0446,0.0015190156599552,16,102.36190032958984,56.54389190673828,10.0,63.0,0.2370416666666666,0.1320837587118148
521,19,218.7304,4.004474272930648e-05,0,107.6166534423828,55.36392211914063,11.0,67.0,0.2101453125,-0.0767827257514
521,53,17.2572,0.0005241610738255,0,106.2984619140625,55.60866928100586,11.0,66.0,0.2198348958333333,-0.0202500876039266
525,0,222.7177,1.1633109619686804e-05,3,106.36322784423828,56.43113708496094,11.0,61.0,0.238278125,-0.0211468040943145
525,11,183.0353,6.711409395973154e-07,1,108.66778564453124,56.00436782836914,10.0,66.0,0.2176114583333333,-0.1494641155004501
526,5,174.9385,4.161073825503356e-05,6,114.59446716308594,59.20450210571289,11.0,67.0,0.2134447916666666,-0.2339745312929153
526,9,197.5686,0.0,0,117.8171615600586,56.99174499511719,11.0,79.0,0.1736645833333333,-0.3821656107902527
526,14,207.4204,0.0,0,115.30076599121094,58.37957000732422,11.0,73.0,0.1903114583333333,-0.2319868952035904
526,16,299.9498,0.0,0,116.02229309082033,60.17662811279297,11.0,72.0,0.2044557291666666,-0.1700156927108764
526,24,219.7903,0.0,0,121.1922607421875,60.12602996826172,12.0,79.0,0.18105,-0.3318024575710296
526,33,83.5539,0.0,0,123.19715881347656,61.0310173034668,12.0,78.0,0.183084375,-0.3819460868835449
526,40,205.7694,0.0,0,119.60431671142578,58.80925750732422,11.0,82.0,0.1799661458333333,-0.3112925887107849
526,74,182.234,7.38255033557047e-06,2,107.7824249267578,58.43721008300781,10.0,67.0,0.2150526041666666,0.0921943187713623
526,93,315.7631,5.369127516778524e-06,1,111.17975616455078,57.85442733764648,10.0,73.0,0.1949427083333333,-0.0383235402405262
527,2,157.4981,0.0030628635346756,11,110.02188110351562,59.93376159667969,11.0,65.0,0.2307421875,-0.0140568045899271
529,8,241.5537,0.0036156599552572,3,110.85358428955078,57.84126281738281,11.0,68.0,0.2121359375,-0.1112588793039321
530,9,57.8194,0.003572706935123,4,108.61997985839844,57.18360900878906,10.0,71.0,0.207875,-0.0508297830820083
534,3,91.1408,0.0002532438478747,1,104.32972717285156,54.6707878112793,10.0,65.0,0.23073125,0.0267876349389553
534,6,172.8923,0.0003098434004474,6,112.19871520996094,57.58363342285156,11.0,68.0,0.2148026041666666,-0.1525249779224395
535,1,23.1248,1.7225950782997762e-05,0,101.94696807861328,56.307220458984375,10.0,63.0,0.234315625,0.1935556083917617
535,27,109.8968,0.00025548098434,1,97.72348022460938,53.277923583984375,8.0,63.0,0.2314197916666666,0.2500491142272949
541,4,174.9948,0.0005024608501118,2,105.22109985351562,54.12159729003906,11.0,68.0,0.2084255208333333,0.005271884612739
541,9,67.7978,0.0006044742729306,1,106.99696350097656,54.22819519042969,11.0,72.0,0.2050046875,-0.0591905750334262
541,19,350.57,3.1096196868008944e-05,0,109.34451293945312,56.28227996826172,11.0,68.0,0.2144723958333333,-0.0844562873244285
544,13,100.7051,1.5883668903803133e-05,0,106.32438659667967,55.188846588134766,11.0,66.0,0.2256510416666666,-0.0250505954027175
545,3,102.3031,1.633109619686801e-05,0,104.7112274169922,55.48503875732422,10.0,63.0,0.2406125,-0.0611646175384521
545,72,304.4462,8.948545861297539e-07,5,98.222412109375,54.1166877746582,9.0,61.0,0.2414041666666666,0.2380140274763107
545,75,242.717,0.0016800894854586,6,98.39346313476562,54.17488861083984,8.0,59.0,0.2534755208333333,0.18557970225811
545,86,176.4021,0.0020718120805369,2,99.3303451538086,54.651798248291016,9.0,64.0,0.2304697916666666,0.218988686800003
545,110,296.1186,1.1185682326621925e-06,0,108.16354370117188,55.97493362426758,11.0,72.0,0.2046630208333333,-0.0130961500108242
545,128,328.5159,3.982102908277404e-05,14,101.43367004394533,53.79929733276367,9.0,66.0,0.225446875,0.1188098564743995
545,165,59.1471,0.0026778523489932,4,96.93364715576172,54.90167999267578,8.0,58.0,0.2602510416666667,0.2776218056678772
545,169,349.6045,4.921700223713647e-06,5,96.95691680908205,54.39218521118164,8.0,59.0,0.2541390625,0.276009738445282
545,171,233.8029,0.0006035794183445,8,98.84880065917967,54.92796325683594,8.0,60.0,0.2458838541666666,0.2327557653188705
545,175,267.2783,0.0020427293064876,7,98.61349487304688,54.62139129638672,8.0,60.0,0.2447692708333333,0.2313901484012603
545,179,15.1553,0.0005610738255033,8,102.0156478881836,55.011680603027344,9.0,64.0,0.2294395833333333,0.1438028961420059
548,1,79.5487,4.921700223713647e-06,0,106.926513671875,56.66722106933594,11.0,66.0,0.2243817708333333,0.0088836923241615
548,10,13.909,3.221476510067114e-05,3,106.51110076904295,57.19663238525391,11.0,65.0,0.2316661458333333,0.0803760960698127
548,113,79.6018,2.6398210290827744e-05,1,105.13093566894533,55.09674453735352,11.0,66.0,0.2095130208333333,0.0677014887332916
548,115,247.853,0.0002042505592841,4,108.7143325805664,55.35638427734375,11.0,68.0,0.2083171875,-0.0725512132048606
548,116,148.6829,1.1185682326621925e-06,0,110.25264739990234,55.93014144897461,12.0,68.0,0.205128125,-0.1061961352825164
548,130,21.4284,2.8635346756152125e-05,1,106.87398529052734,57.445404052734375,11.0,65.0,0.2271822916666666,0.0891046300530433
548,154,140.9391,4.384787472035794e-05,7,101.46795654296876,54.97707748413086,10.0,63.0,0.2313848958333333,0.1806641817092895
548,158,33.8605,0.0002953020134228,2,108.1915054321289,55.314430236816406,11.0,70.0,0.2042880208333333,-0.0294613130390644
549,5,100.5849,2.5055928411633108e-05,4,100.52306365966795,56.64390563964844,9.0,57.0,0.2675375,0.1945356428623199
549,16,41.6506,0.0018145413870246,4,104.26820373535156,56.47304534912109,11.0,59.0,0.2553541666666666,0.0749821662902832
550,7,10.2057,0.0003335570469798,8,107.51263427734376,58.57584762573242,11.0,58.0,0.2581822916666667,0.0180780328810215
550,46,275.7165,0.0028375838926174,0,115.89484405517578,59.77245330810547,12.0,68.0,0.2117442708333333,-0.2034235298633575
552,61,65.9909,0.0001187919463087,18,97.37218475341795,54.93527221679688,8.0,53.0,0.2776151041666667,0.2329834252595901
552,91,140.7553,0.0012008948545861,12,96.52133178710938,55.405391693115234,8.0,57.0,0.26984375,0.3391843140125274
555,11,190.6001,0.0012610738255033,10,96.6923828125,53.43009948730469,8.0,56.0,0.2706697916666666,0.2127134203910827
555,39,204.1638,0.0032637583892617,11,96.4538803100586,54.62311935424805,8.0,58.0,0.2581640625,0.3220182955265045
555,54,351.1431,0.0002156599552572,15,97.21401977539062,55.717044830322266,8.0,54.0,0.2760411458333333,0.2616390883922577
555,92,86.5284,3.3557046979865773e-06,14,99.70286560058594,55.32682037353516,9.0,60.0,0.2468723958333333,0.2315132021903991
555,93,338.5078,7.382550335570472e-06,1,97.26448059082033,54.98240661621094,8.0,58.0,0.26339375,0.2934918403625488
555,136,295.4501,0.0001288590604026,4,114.13381958007812,58.493431091308594,12.0,74.0,0.1944963541666666,-0.059425089508295
555,190,219.6024,0.0004140939597315,8,101.78404998779295,57.33861923217773,10.0,58.0,0.2595067708333333,0.2148229628801345
557,66,194.5554,0.0001228187919463,6,102.22481536865234,57.02952575683594,10.0,58.0,0.2577322916666666,0.11418467015028
559,9,137.9286,0.0005185682326621,0,104.30706787109376,55.931148529052734,10.0,61.0,0.2415729166666666,0.0470186285674572
561,5,234.069,0.0011577181208053,15,103.49716186523438,55.83592224121094,10.0,59.0,0.2545135416666667,0.0475095696747303
565,30,2.2094,0.0012447427293064,0,106.72681427001952,57.99666213989258,10.0,58.0,0.2554151041666667,-0.037933275103569
565,33,76.8929,2.0134228187919468e-05,11,104.7372589111328,56.82273483276367,10.0,60.0,0.2476427083333333,0.0171149484813213
565,34,173.2135,0.0009718120805369,3,105.47977447509766,56.10728073120117,10.0,65.0,0.2306651041666666,0.0168416649103164
565,93,83.0947,6.7114093959731546e-06,4,102.83116912841795,57.962196350097656,10.0,56.0,0.2714255208333333,0.1110628396272659
565,94,142.702,2.0134228187919465e-05,0,104.31595611572266,57.81651306152344,10.0,58.0,0.2610390625,0.0755410343408584
565,96,291.8529,0.0001342281879194,4,104.17117309570312,57.46480178833008,10.0,58.0,0.2575041666666666,0.0796751827001571
565,100,213.5882,6.174496644295302e-05,8,105.54391479492188,57.59608459472656,10.0,60.0,0.2497927083333333,0.0390339791774749
565,116,63.7517,4.250559284116331e-06,0,107.41566467285156,57.56739807128906,10.0,61.0,0.2402270833333333,-0.0314075537025928
566,0,117.8716,0.0001447427293064,0,94.82042694091795,59.25701141357422,6.0,50.0,0.3030723958333333,0.3179259002208709
